# Blender 4.4.3
# www.blender.org
mtllib  torus.mtl
o Torus
v 1.452000 0.000000 0.000000
v 1.421477 0.163281 0.000000
v 1.334032 0.304510 0.000000
v 1.201474 0.404614 0.000000
v 1.041705 0.450072 0.000000
v 0.876304 0.434745 0.000000
v 0.727609 0.360704 0.000000
v 0.615702 0.237947 0.000000
v 0.555696 0.083055 0.000000
v 0.555696 -0.083055 0.000000
v 0.615702 -0.237947 0.000000
v 0.727609 -0.360704 0.000000
v 0.876304 -0.434745 0.000000
v 1.041705 -0.450072 0.000000
v 1.201474 -0.404614 0.000000
v 1.334032 -0.304510 0.000000
v 1.421477 -0.163281 0.000000
v 1.439578 0.000000 -0.189524
v 1.409317 0.163281 -0.185540
v 1.322619 0.304510 -0.174126
v 1.191195 0.404614 -0.156824
v 1.032793 0.450072 -0.135970
v 0.868807 0.434745 -0.114381
v 0.721384 0.360704 -0.094972
v 0.610434 0.237947 -0.080365
v 0.550942 0.083055 -0.072533
v 0.550942 -0.083055 -0.072533
v 0.610434 -0.237947 -0.080365
v 0.721384 -0.360704 -0.094972
v 0.868807 -0.434745 -0.114381
v 1.032793 -0.450072 -0.135970
v 1.191195 -0.404614 -0.156824
v 1.322619 -0.304510 -0.174126
v 1.409317 -0.163281 -0.185540
v 1.402524 0.000000 -0.375805
v 1.373042 0.163281 -0.367905
v 1.288576 0.304510 -0.345273
v 1.160535 0.404614 -0.310964
v 1.006210 0.450072 -0.269613
v 0.846445 0.434745 -0.226804
v 0.702816 0.360704 -0.188319
v 0.594722 0.237947 -0.159355
v 0.536761 0.083055 -0.143825
v 0.536761 -0.083055 -0.143825
v 0.594722 -0.237947 -0.159355
v 0.702816 -0.360704 -0.188319
v 0.846445 -0.434745 -0.226804
v 1.006210 -0.450072 -0.269613
v 1.160535 -0.404614 -0.310964
v 1.288576 -0.304510 -0.345273
v 1.373042 -0.163281 -0.367905
v 1.341473 0.000000 -0.555656
v 1.313274 0.163281 -0.543976
v 1.232485 0.304510 -0.510512
v 1.110017 0.404614 -0.459784
v 0.962410 0.450072 -0.398643
v 0.809600 0.434745 -0.335347
v 0.672223 0.360704 -0.278444
v 0.568834 0.237947 -0.235619
v 0.513396 0.083055 -0.212656
v 0.513396 -0.083055 -0.212656
v 0.568834 -0.237947 -0.235619
v 0.672223 -0.360704 -0.278444
v 0.809600 -0.434745 -0.335347
v 0.962410 -0.450072 -0.398643
v 1.110017 -0.404614 -0.459784
v 1.232485 -0.304510 -0.510512
v 1.313274 -0.163281 -0.543976
v 1.257469 0.000000 -0.726000
v 1.231035 0.163281 -0.710739
v 1.155306 0.304510 -0.667016
v 1.040507 0.404614 -0.600737
v 0.902143 0.450072 -0.520853
v 0.758902 0.434745 -0.438152
v 0.630128 0.360704 -0.363805
v 0.533213 0.237947 -0.307851
v 0.481247 0.083055 -0.277848
v 0.481247 -0.083055 -0.277848
v 0.533213 -0.237947 -0.307851
v 0.630128 -0.360704 -0.363805
v 0.758902 -0.434745 -0.438152
v 0.902143 -0.450072 -0.520853
v 1.040507 -0.404614 -0.600737
v 1.155306 -0.304510 -0.667016
v 1.231035 -0.163281 -0.710739
v 1.151949 0.000000 -0.883921
v 1.127734 0.163281 -0.865340
v 1.058359 0.304510 -0.812107
v 0.953193 0.404614 -0.731411
v 0.826440 0.450072 -0.634150
v 0.695219 0.434745 -0.533460
v 0.577251 0.360704 -0.442940
v 0.488469 0.237947 -0.374815
v 0.440863 0.083055 -0.338286
v 0.440863 -0.083055 -0.338286
v 0.488469 -0.237947 -0.374815
v 0.577251 -0.360704 -0.442940
v 0.695219 -0.434745 -0.533460
v 0.826440 -0.450072 -0.634150
v 0.953193 -0.404614 -0.731411
v 1.058359 -0.304510 -0.812107
v 1.127734 -0.163281 -0.865340
v 1.026719 0.000000 -1.026719
v 1.005136 0.163281 -1.005136
v 0.943303 0.304510 -0.943303
v 0.849570 0.404614 -0.849570
v 0.736597 0.450072 -0.736597
v 0.619641 0.434745 -0.619641
v 0.514497 0.360704 -0.514497
v 0.435367 0.237947 -0.435367
v 0.392936 0.083055 -0.392937
v 0.392936 -0.083055 -0.392937
v 0.435367 -0.237947 -0.435367
v 0.514497 -0.360704 -0.514497
v 0.619641 -0.434745 -0.619641
v 0.736597 -0.450072 -0.736597
v 0.849570 -0.404614 -0.849570
v 0.943303 -0.304510 -0.943303
v 1.005136 -0.163281 -1.005136
v 0.883922 0.000000 -1.151949
v 0.865341 0.163281 -1.127734
v 0.812107 0.304510 -1.058359
v 0.731411 0.404614 -0.953193
v 0.634150 0.450072 -0.826440
v 0.533460 0.434745 -0.695219
v 0.442940 0.360704 -0.577251
v 0.374816 0.237947 -0.488469
v 0.338286 0.083055 -0.440863
v 0.338286 -0.083055 -0.440863
v 0.374816 -0.237947 -0.488469
v 0.442940 -0.360704 -0.577251
v 0.533460 -0.434745 -0.695219
v 0.634150 -0.450072 -0.826440
v 0.731411 -0.404614 -0.953193
v 0.812107 -0.304510 -1.058359
v 0.865341 -0.163281 -1.127734
v 0.726000 0.000000 -1.257469
v 0.710739 0.163281 -1.231036
v 0.667016 0.304510 -1.155306
v 0.600737 0.404614 -1.040507
v 0.520853 0.450072 -0.902143
v 0.438152 0.434745 -0.758902
v 0.363805 0.360704 -0.630128
v 0.307851 0.237947 -0.533213
v 0.277848 0.083055 -0.481247
v 0.277848 -0.083055 -0.481247
v 0.307851 -0.237947 -0.533213
v 0.363805 -0.360704 -0.630128
v 0.438152 -0.434745 -0.758902
v 0.520853 -0.450072 -0.902143
v 0.600737 -0.404614 -1.040507
v 0.667016 -0.304510 -1.155306
v 0.710739 -0.163281 -1.231036
v 0.555657 0.000000 -1.341473
v 0.543976 0.163281 -1.313274
v 0.510512 0.304510 -1.232485
v 0.459784 0.404614 -1.110017
v 0.398644 0.450072 -0.962410
v 0.335347 0.434745 -0.809600
v 0.278444 0.360704 -0.672223
v 0.235619 0.237947 -0.568834
v 0.212656 0.083055 -0.513396
v 0.212656 -0.083055 -0.513396
v 0.235619 -0.237947 -0.568834
v 0.278444 -0.360704 -0.672223
v 0.335347 -0.434745 -0.809600
v 0.398644 -0.450072 -0.962410
v 0.459784 -0.404614 -1.110017
v 0.510512 -0.304510 -1.232485
v 0.543976 -0.163281 -1.313274
v 0.375805 0.000000 -1.402524
v 0.367905 0.163281 -1.373042
v 0.345273 0.304510 -1.288576
v 0.310964 0.404614 -1.160535
v 0.269613 0.450072 -1.006210
v 0.226804 0.434745 -0.846445
v 0.188319 0.360704 -0.702816
v 0.159355 0.237947 -0.594722
v 0.143825 0.083055 -0.536761
v 0.143825 -0.083055 -0.536761
v 0.159355 -0.237947 -0.594722
v 0.188319 -0.360704 -0.702816
v 0.226804 -0.434745 -0.846445
v 0.269613 -0.450072 -1.006210
v 0.310964 -0.404614 -1.160535
v 0.345273 -0.304510 -1.288576
v 0.367905 -0.163281 -1.373042
v 0.189524 0.000000 -1.439578
v 0.185540 0.163281 -1.409317
v 0.174126 0.304510 -1.322619
v 0.156824 0.404614 -1.191195
v 0.135970 0.450072 -1.032793
v 0.114381 0.434745 -0.868807
v 0.094972 0.360704 -0.721384
v 0.080365 0.237947 -0.610434
v 0.072533 0.083055 -0.550942
v 0.072533 -0.083055 -0.550942
v 0.080365 -0.237947 -0.610434
v 0.094972 -0.360704 -0.721384
v 0.114381 -0.434745 -0.868807
v 0.135970 -0.450072 -1.032793
v 0.156824 -0.404614 -1.191195
v 0.174126 -0.304510 -1.322619
v 0.185540 -0.163281 -1.409317
v 0.000000 0.000000 -1.452000
v 0.000000 0.163281 -1.421477
v 0.000000 0.304510 -1.334032
v 0.000000 0.404614 -1.201474
v 0.000000 0.450072 -1.041705
v 0.000000 0.434745 -0.876304
v 0.000000 0.360704 -0.727609
v 0.000000 0.237947 -0.615702
v 0.000000 0.083055 -0.555696
v 0.000000 -0.083055 -0.555696
v 0.000000 -0.237947 -0.615702
v 0.000000 -0.360704 -0.727609
v 0.000000 -0.434745 -0.876304
v 0.000000 -0.450072 -1.041705
v 0.000000 -0.404614 -1.201474
v 0.000000 -0.304510 -1.334032
v 0.000000 -0.163281 -1.421477
v -0.189524 0.000000 -1.439578
v -0.185540 0.163281 -1.409316
v -0.174126 0.304510 -1.322619
v -0.156824 0.404614 -1.191195
v -0.135970 0.450072 -1.032793
v -0.114381 0.434745 -0.868807
v -0.094972 0.360704 -0.721384
v -0.080365 0.237947 -0.610434
v -0.072533 0.083055 -0.550942
v -0.072533 -0.083055 -0.550942
v -0.080365 -0.237947 -0.610434
v -0.094972 -0.360704 -0.721384
v -0.114381 -0.434745 -0.868807
v -0.135970 -0.450072 -1.032793
v -0.156824 -0.404614 -1.191195
v -0.174126 -0.304510 -1.322619
v -0.185540 -0.163281 -1.409316
v -0.375805 0.000000 -1.402524
v -0.367905 0.163281 -1.373042
v -0.345273 0.304510 -1.288576
v -0.310964 0.404614 -1.160535
v -0.269613 0.450072 -1.006210
v -0.226804 0.434745 -0.846445
v -0.188319 0.360704 -0.702816
v -0.159355 0.237947 -0.594722
v -0.143825 0.083055 -0.536761
v -0.143825 -0.083055 -0.536761
v -0.159355 -0.237947 -0.594722
v -0.188319 -0.360704 -0.702816
v -0.226804 -0.434745 -0.846445
v -0.269613 -0.450072 -1.006210
v -0.310964 -0.404614 -1.160535
v -0.345273 -0.304510 -1.288576
v -0.367905 -0.163281 -1.373042
v -0.555656 0.000000 -1.341473
v -0.543976 0.163281 -1.313274
v -0.510512 0.304510 -1.232485
v -0.459784 0.404614 -1.110017
v -0.398643 0.450072 -0.962410
v -0.335347 0.434745 -0.809600
v -0.278444 0.360704 -0.672223
v -0.235619 0.237947 -0.568834
v -0.212656 0.083055 -0.513396
v -0.212656 -0.083055 -0.513396
v -0.235619 -0.237947 -0.568834
v -0.278444 -0.360704 -0.672223
v -0.335347 -0.434745 -0.809600
v -0.398643 -0.450072 -0.962410
v -0.459784 -0.404614 -1.110017
v -0.510512 -0.304510 -1.232485
v -0.543976 -0.163281 -1.313274
v -0.726000 0.000000 -1.257469
v -0.710738 0.163281 -1.231036
v -0.667016 0.304510 -1.155306
v -0.600737 0.404614 -1.040507
v -0.520852 0.450072 -0.902143
v -0.438152 0.434745 -0.758902
v -0.363804 0.360704 -0.630128
v -0.307851 0.237947 -0.533213
v -0.277848 0.083055 -0.481247
v -0.277848 -0.083055 -0.481247
v -0.307851 -0.237947 -0.533213
v -0.363804 -0.360704 -0.630128
v -0.438152 -0.434745 -0.758902
v -0.520852 -0.450072 -0.902143
v -0.600737 -0.404614 -1.040507
v -0.667016 -0.304510 -1.155306
v -0.710738 -0.163281 -1.231036
v -0.883922 0.000000 -1.151949
v -0.865341 0.163281 -1.127734
v -0.812107 0.304510 -1.058359
v -0.731411 0.404614 -0.953193
v -0.634150 0.450072 -0.826440
v -0.533460 0.434745 -0.695219
v -0.442940 0.360704 -0.577251
v -0.374816 0.237947 -0.488469
v -0.338286 0.083055 -0.440863
v -0.338286 -0.083055 -0.440863
v -0.374816 -0.237947 -0.488469
v -0.442940 -0.360704 -0.577251
v -0.533460 -0.434745 -0.695219
v -0.634150 -0.450072 -0.826440
v -0.731411 -0.404614 -0.953193
v -0.812107 -0.304510 -1.058359
v -0.865341 -0.163281 -1.127734
v -1.026719 0.000000 -1.026719
v -1.005137 0.163281 -1.005136
v -0.943303 0.304510 -0.943303
v -0.849570 0.404614 -0.849570
v -0.736597 0.450072 -0.736597
v -0.619641 0.434745 -0.619641
v -0.514498 0.360704 -0.514497
v -0.435367 0.237947 -0.435367
v -0.392937 0.083055 -0.392936
v -0.392937 -0.083055 -0.392936
v -0.435367 -0.237947 -0.435367
v -0.514498 -0.360704 -0.514497
v -0.619641 -0.434745 -0.619641
v -0.736597 -0.450072 -0.736597
v -0.849570 -0.404614 -0.849570
v -0.943303 -0.304510 -0.943303
v -1.005137 -0.163281 -1.005136
v -1.151949 0.000000 -0.883922
v -1.127734 0.163281 -0.865341
v -1.058359 0.304510 -0.812107
v -0.953193 0.404614 -0.731411
v -0.826440 0.450072 -0.634150
v -0.695219 0.434745 -0.533460
v -0.577251 0.360704 -0.442940
v -0.488469 0.237947 -0.374816
v -0.440863 0.083055 -0.338286
v -0.440863 -0.083055 -0.338286
v -0.488469 -0.237947 -0.374816
v -0.577251 -0.360704 -0.442940
v -0.695219 -0.434745 -0.533460
v -0.826440 -0.450072 -0.634150
v -0.953193 -0.404614 -0.731411
v -1.058359 -0.304510 -0.812107
v -1.127734 -0.163281 -0.865341
v -1.257469 0.000000 -0.726000
v -1.231035 0.163281 -0.710739
v -1.155306 0.304510 -0.667016
v -1.040507 0.404614 -0.600737
v -0.902143 0.450072 -0.520853
v -0.758902 0.434745 -0.438152
v -0.630128 0.360704 -0.363805
v -0.533213 0.237947 -0.307851
v -0.481247 0.083055 -0.277848
v -0.481247 -0.083055 -0.277848
v -0.533213 -0.237947 -0.307851
v -0.630128 -0.360704 -0.363805
v -0.758902 -0.434745 -0.438152
v -0.902143 -0.450072 -0.520853
v -1.040507 -0.404614 -0.600737
v -1.155306 -0.304510 -0.667016
v -1.231035 -0.163281 -0.710739
v -1.341473 0.000000 -0.555656
v -1.313274 0.163281 -0.543976
v -1.232485 0.304510 -0.510512
v -1.110017 0.404614 -0.459784
v -0.962410 0.450072 -0.398643
v -0.809600 0.434745 -0.335347
v -0.672223 0.360704 -0.278444
v -0.568834 0.237947 -0.235619
v -0.513396 0.083055 -0.212656
v -0.513396 -0.083055 -0.212656
v -0.568834 -0.237947 -0.235619
v -0.672223 -0.360704 -0.278444
v -0.809600 -0.434745 -0.335347
v -0.962410 -0.450072 -0.398643
v -1.110017 -0.404614 -0.459784
v -1.232485 -0.304510 -0.510512
v -1.313274 -0.163281 -0.543976
v -1.402524 0.000000 -0.375805
v -1.373042 0.163281 -0.367905
v -1.288576 0.304510 -0.345273
v -1.160535 0.404614 -0.310964
v -1.006210 0.450072 -0.269613
v -0.846445 0.434745 -0.226804
v -0.702816 0.360704 -0.188319
v -0.594722 0.237947 -0.159355
v -0.536761 0.083055 -0.143825
v -0.536761 -0.083055 -0.143825
v -0.594722 -0.237947 -0.159355
v -0.702816 -0.360704 -0.188319
v -0.846445 -0.434745 -0.226804
v -1.006210 -0.450072 -0.269613
v -1.160535 -0.404614 -0.310964
v -1.288576 -0.304510 -0.345273
v -1.373042 -0.163281 -0.367905
v -1.439578 0.000000 -0.189524
v -1.409316 0.163281 -0.185540
v -1.322619 0.304510 -0.174126
v -1.191195 0.404614 -0.156824
v -1.032793 0.450072 -0.135970
v -0.868807 0.434745 -0.114381
v -0.721384 0.360704 -0.094972
v -0.610434 0.237947 -0.080365
v -0.550942 0.083055 -0.072533
v -0.550942 -0.083055 -0.072533
v -0.610434 -0.237947 -0.080365
v -0.721384 -0.360704 -0.094972
v -0.868807 -0.434745 -0.114381
v -1.032793 -0.450072 -0.135970
v -1.191195 -0.404614 -0.156824
v -1.322619 -0.304510 -0.174126
v -1.409316 -0.163281 -0.185540
v -1.452000 0.000000 -0.000000
v -1.421477 0.163281 -0.000000
v -1.334032 0.304510 -0.000000
v -1.201474 0.404614 -0.000000
v -1.041705 0.450072 -0.000000
v -0.876304 0.434745 -0.000000
v -0.727609 0.360704 -0.000000
v -0.615702 0.237947 -0.000000
v -0.555696 0.083055 -0.000000
v -0.555696 -0.083055 -0.000000
v -0.615702 -0.237947 -0.000000
v -0.727609 -0.360704 -0.000000
v -0.876304 -0.434745 -0.000000
v -1.041705 -0.450072 -0.000000
v -1.201474 -0.404614 -0.000000
v -1.334032 -0.304510 -0.000000
v -1.421477 -0.163281 -0.000000
v -1.439578 0.000000 0.189524
v -1.409316 0.163281 0.185540
v -1.322619 0.304510 0.174126
v -1.191195 0.404614 0.156824
v -1.032793 0.450072 0.135970
v -0.868807 0.434745 0.114381
v -0.721384 0.360704 0.094972
v -0.610434 0.237947 0.080365
v -0.550942 0.083055 0.072533
v -0.550942 -0.083055 0.072533
v -0.610434 -0.237947 0.080365
v -0.721384 -0.360704 0.094972
v -0.868807 -0.434745 0.114381
v -1.032793 -0.450072 0.135970
v -1.191195 -0.404614 0.156824
v -1.322619 -0.304510 0.174126
v -1.409316 -0.163281 0.185540
v -1.402524 0.000000 0.375805
v -1.373042 0.163281 0.367905
v -1.288576 0.304510 0.345273
v -1.160535 0.404614 0.310964
v -1.006210 0.450072 0.269613
v -0.846445 0.434745 0.226804
v -0.702816 0.360704 0.188319
v -0.594722 0.237947 0.159355
v -0.536761 0.083055 0.143825
v -0.536761 -0.083055 0.143825
v -0.594722 -0.237947 0.159355
v -0.702816 -0.360704 0.188319
v -0.846445 -0.434745 0.226804
v -1.006210 -0.450072 0.269613
v -1.160535 -0.404614 0.310964
v -1.288576 -0.304510 0.345273
v -1.373042 -0.163281 0.367905
v -1.341473 0.000000 0.555656
v -1.313274 0.163281 0.543975
v -1.232485 0.304510 0.510511
v -1.110017 0.404614 0.459784
v -0.962410 0.450072 0.398643
v -0.809600 0.434745 0.335347
v -0.672223 0.360704 0.278444
v -0.568834 0.237947 0.235619
v -0.513396 0.083055 0.212655
v -0.513396 -0.083055 0.212655
v -0.568834 -0.237947 0.235619
v -0.672223 -0.360704 0.278444
v -0.809600 -0.434745 0.335347
v -0.962410 -0.450072 0.398643
v -1.110017 -0.404614 0.459784
v -1.232485 -0.304510 0.510511
v -1.313274 -0.163281 0.543975
v -1.257469 0.000000 0.726000
v -1.231036 0.163281 0.710738
v -1.155306 0.304510 0.667016
v -1.040507 0.404614 0.600737
v -0.902143 0.450072 0.520852
v -0.758902 0.434745 0.438152
v -0.630128 0.360704 0.363804
v -0.533213 0.237947 0.307851
v -0.481247 0.083055 0.277848
v -0.481247 -0.083055 0.277848
v -0.533213 -0.237947 0.307851
v -0.630128 -0.360704 0.363804
v -0.758902 -0.434745 0.438152
v -0.902143 -0.450072 0.520852
v -1.040507 -0.404614 0.600737
v -1.155306 -0.304510 0.667016
v -1.231036 -0.163281 0.710738
v -1.151949 0.000000 0.883922
v -1.127734 0.163281 0.865341
v -1.058359 0.304510 0.812107
v -0.953193 0.404614 0.731411
v -0.826440 0.450072 0.634150
v -0.695219 0.434745 0.533460
v -0.577251 0.360704 0.442940
v -0.488469 0.237947 0.374816
v -0.440863 0.083055 0.338286
v -0.440863 -0.083055 0.338286
v -0.488469 -0.237947 0.374816
v -0.577251 -0.360704 0.442940
v -0.695219 -0.434745 0.533460
v -0.826440 -0.450072 0.634150
v -0.953193 -0.404614 0.731411
v -1.058359 -0.304510 0.812107
v -1.127734 -0.163281 0.865341
v -1.026719 0.000000 1.026719
v -1.005137 0.163281 1.005136
v -0.943303 0.304510 0.943303
v -0.849570 0.404614 0.849570
v -0.736597 0.450072 0.736597
v -0.619641 0.434745 0.619641
v -0.514498 0.360704 0.514497
v -0.435367 0.237947 0.435367
v -0.392937 0.083055 0.392936
v -0.392937 -0.083055 0.392936
v -0.435367 -0.237947 0.435367
v -0.514498 -0.360704 0.514497
v -0.619641 -0.434745 0.619641
v -0.736597 -0.450072 0.736597
v -0.849570 -0.404614 0.849570
v -0.943303 -0.304510 0.943303
v -1.005137 -0.163281 1.005136
v -0.883922 0.000000 1.151949
v -0.865341 0.163281 1.127733
v -0.812108 0.304510 1.058358
v -0.731411 0.404614 0.953193
v -0.634150 0.450072 0.826440
v -0.533461 0.434745 0.695219
v -0.442941 0.360704 0.577251
v -0.374816 0.237947 0.488469
v -0.338287 0.083055 0.440863
v -0.338287 -0.083055 0.440863
v -0.374816 -0.237947 0.488469
v -0.442941 -0.360704 0.577251
v -0.533461 -0.434745 0.695219
v -0.634150 -0.450072 0.826440
v -0.731411 -0.404614 0.953193
v -0.812108 -0.304510 1.058358
v -0.865341 -0.163281 1.127733
v -0.726000 0.000000 1.257469
v -0.710738 0.163281 1.231036
v -0.667016 0.304510 1.155306
v -0.600737 0.404614 1.040507
v -0.520852 0.450072 0.902143
v -0.438152 0.434745 0.758902
v -0.363804 0.360704 0.630128
v -0.307851 0.237947 0.533213
v -0.277848 0.083055 0.481247
v -0.277848 -0.083055 0.481247
v -0.307851 -0.237947 0.533213
v -0.363804 -0.360704 0.630128
v -0.438152 -0.434745 0.758902
v -0.520852 -0.450072 0.902143
v -0.600737 -0.404614 1.040507
v -0.667016 -0.304510 1.155306
v -0.710738 -0.163281 1.231036
v -0.555656 0.000000 1.341473
v -0.543976 0.163281 1.313274
v -0.510512 0.304510 1.232485
v -0.459784 0.404614 1.110017
v -0.398643 0.450072 0.962410
v -0.335347 0.434745 0.809600
v -0.278444 0.360704 0.672223
v -0.235619 0.237947 0.568834
v -0.212656 0.083055 0.513396
v -0.212656 -0.083055 0.513396
v -0.235619 -0.237947 0.568834
v -0.278444 -0.360704 0.672223
v -0.335347 -0.434745 0.809600
v -0.398643 -0.450072 0.962410
v -0.459784 -0.404614 1.110017
v -0.510512 -0.304510 1.232485
v -0.543976 -0.163281 1.313274
v -0.375806 0.000000 1.402524
v -0.367906 0.163281 1.373042
v -0.345273 0.304510 1.288576
v -0.310965 0.404614 1.160534
v -0.269614 0.450072 1.006210
v -0.226805 0.434745 0.846445
v -0.188319 0.360704 0.702816
v -0.159356 0.237947 0.594722
v -0.143825 0.083055 0.536761
v -0.143825 -0.083055 0.536761
v -0.159356 -0.237947 0.594722
v -0.188319 -0.360704 0.702816
v -0.226805 -0.434745 0.846445
v -0.269614 -0.450072 1.006210
v -0.310965 -0.404614 1.160534
v -0.345273 -0.304510 1.288576
v -0.367906 -0.163281 1.373042
v -0.189525 0.000000 1.439578
v -0.185541 0.163281 1.409316
v -0.174127 0.304510 1.322619
v -0.156825 0.404614 1.191195
v -0.135970 0.450072 1.032793
v -0.114381 0.434745 0.868807
v -0.094972 0.360704 0.721384
v -0.080366 0.237947 0.610434
v -0.072533 0.083055 0.550942
v -0.072533 -0.083055 0.550942
v -0.080366 -0.237947 0.610434
v -0.094972 -0.360704 0.721384
v -0.114381 -0.434745 0.868807
v -0.135970 -0.450072 1.032793
v -0.156825 -0.404614 1.191195
v -0.174127 -0.304510 1.322619
v -0.185541 -0.163281 1.409316
v 0.000000 0.000000 1.452000
v 0.000000 0.163281 1.421477
v 0.000000 0.304510 1.334032
v 0.000000 0.404614 1.201474
v 0.000000 0.450072 1.041705
v 0.000000 0.434745 0.876304
v 0.000000 0.360704 0.727609
v 0.000000 0.237947 0.615702
v 0.000000 0.083055 0.555696
v 0.000000 -0.083055 0.555696
v 0.000000 -0.237947 0.615702
v 0.000000 -0.360704 0.727609
v 0.000000 -0.434745 0.876304
v 0.000000 -0.450072 1.041705
v 0.000000 -0.404614 1.201474
v 0.000000 -0.304510 1.334032
v 0.000000 -0.163281 1.421477
v 0.189524 0.000000 1.439578
v 0.185540 0.163281 1.409317
v 0.174126 0.304510 1.322619
v 0.156824 0.404614 1.191195
v 0.135970 0.450072 1.032793
v 0.114381 0.434745 0.868807
v 0.094972 0.360704 0.721384
v 0.080365 0.237947 0.610434
v 0.072533 0.083055 0.550942
v 0.072533 -0.083055 0.550942
v 0.080365 -0.237947 0.610434
v 0.094972 -0.360704 0.721384
v 0.114381 -0.434745 0.868807
v 0.135970 -0.450072 1.032793
v 0.156824 -0.404614 1.191195
v 0.174126 -0.304510 1.322619
v 0.185540 -0.163281 1.409317
v 0.375805 0.000000 1.402524
v 0.367905 0.163281 1.373042
v 0.345272 0.304510 1.288576
v 0.310964 0.404614 1.160535
v 0.269613 0.450072 1.006210
v 0.226804 0.434745 0.846445
v 0.188319 0.360704 0.702817
v 0.159355 0.237947 0.594722
v 0.143824 0.083055 0.536761
v 0.143824 -0.083055 0.536761
v 0.159355 -0.237947 0.594722
v 0.188319 -0.360704 0.702817
v 0.226804 -0.434745 0.846445
v 0.269613 -0.450072 1.006210
v 0.310964 -0.404614 1.160535
v 0.345272 -0.304510 1.288576
v 0.367905 -0.163281 1.373042
v 0.555657 0.000000 1.341473
v 0.543976 0.163281 1.313274
v 0.510512 0.304510 1.232485
v 0.459784 0.404614 1.110017
v 0.398644 0.450072 0.962410
v 0.335347 0.434745 0.809600
v 0.278444 0.360704 0.672223
v 0.235619 0.237947 0.568834
v 0.212656 0.083055 0.513396
v 0.212656 -0.083055 0.513396
v 0.235619 -0.237947 0.568834
v 0.278444 -0.360704 0.672223
v 0.335347 -0.434745 0.809600
v 0.398644 -0.450072 0.962410
v 0.459784 -0.404614 1.110017
v 0.510512 -0.304510 1.232485
v 0.543976 -0.163281 1.313274
v 0.726000 0.000000 1.257469
v 0.710739 0.163281 1.231036
v 0.667016 0.304510 1.155306
v 0.600737 0.404614 1.040507
v 0.520853 0.450072 0.902143
v 0.438152 0.434745 0.758902
v 0.363805 0.360704 0.630128
v 0.307851 0.237947 0.533213
v 0.277848 0.083055 0.481247
v 0.277848 -0.083055 0.481247
v 0.307851 -0.237947 0.533213
v 0.363805 -0.360704 0.630128
v 0.438152 -0.434745 0.758902
v 0.520853 -0.450072 0.902143
v 0.600737 -0.404614 1.040507
v 0.667016 -0.304510 1.155306
v 0.710739 -0.163281 1.231036
v 0.883921 0.000000 1.151949
v 0.865340 0.163281 1.127734
v 0.812107 0.304510 1.058359
v 0.731411 0.404614 0.953193
v 0.634150 0.450072 0.826441
v 0.533460 0.434745 0.695219
v 0.442940 0.360704 0.577251
v 0.374815 0.237947 0.488469
v 0.338286 0.083055 0.440863
v 0.338286 -0.083055 0.440863
v 0.374815 -0.237947 0.488469
v 0.442940 -0.360704 0.577251
v 0.533460 -0.434745 0.695219
v 0.634150 -0.450072 0.826441
v 0.731411 -0.404614 0.953193
v 0.812107 -0.304510 1.058359
v 0.865340 -0.163281 1.127734
v 1.026718 0.000000 1.026720
v 1.005136 0.163281 1.005137
v 0.943303 0.304510 0.943304
v 0.849570 0.404614 0.849571
v 0.736596 0.450072 0.736597
v 0.619640 0.434745 0.619641
v 0.514497 0.360704 0.514498
v 0.435367 0.237947 0.435367
v 0.392936 0.083055 0.392937
v 0.392936 -0.083055 0.392937
v 0.435367 -0.237947 0.435367
v 0.514497 -0.360704 0.514498
v 0.619640 -0.434745 0.619641
v 0.736596 -0.450072 0.736597
v 0.849570 -0.404614 0.849571
v 0.943303 -0.304510 0.943304
v 1.005136 -0.163281 1.005137
v 1.151949 0.000000 0.883921
v 1.127734 0.163281 0.865340
v 1.058359 0.304510 0.812107
v 0.953193 0.404614 0.731411
v 0.826440 0.450072 0.634150
v 0.695219 0.434745 0.533460
v 0.577251 0.360704 0.442940
v 0.488469 0.237947 0.374815
v 0.440863 0.083055 0.338286
v 0.440863 -0.083055 0.338286
v 0.488469 -0.237947 0.374815
v 0.577251 -0.360704 0.442940
v 0.695219 -0.434745 0.533460
v 0.826440 -0.450072 0.634150
v 0.953193 -0.404614 0.731411
v 1.058359 -0.304510 0.812107
v 1.127734 -0.163281 0.865340
v 1.257469 0.000000 0.726000
v 1.231035 0.163281 0.710739
v 1.155306 0.304510 0.667016
v 1.040507 0.404614 0.600737
v 0.902143 0.450072 0.520853
v 0.758902 0.434745 0.438152
v 0.630128 0.360704 0.363805
v 0.533213 0.237947 0.307851
v 0.481247 0.083055 0.277848
v 0.481247 -0.083055 0.277848
v 0.533213 -0.237947 0.307851
v 0.630128 -0.360704 0.363805
v 0.758902 -0.434745 0.438152
v 0.902143 -0.450072 0.520853
v 1.040507 -0.404614 0.600737
v 1.155306 -0.304510 0.667016
v 1.231035 -0.163281 0.710739
v 1.341473 0.000000 0.555657
v 1.313274 0.163281 0.543976
v 1.232485 0.304510 0.510512
v 1.110017 0.404614 0.459785
v 0.962410 0.450072 0.398644
v 0.809600 0.434745 0.335347
v 0.672223 0.360704 0.278444
v 0.568834 0.237947 0.235619
v 0.513396 0.083055 0.212656
v 0.513396 -0.083055 0.212656
v 0.568834 -0.237947 0.235619
v 0.672223 -0.360704 0.278444
v 0.809600 -0.434745 0.335347
v 0.962410 -0.450072 0.398644
v 1.110017 -0.404614 0.459785
v 1.232485 -0.304510 0.510512
v 1.313274 -0.163281 0.543976
v 1.402524 0.000000 0.375805
v 1.373042 0.163281 0.367905
v 1.288576 0.304510 0.345273
v 1.160535 0.404614 0.310964
v 1.006210 0.450072 0.269613
v 0.846445 0.434745 0.226804
v 0.702816 0.360704 0.188319
v 0.594722 0.237947 0.159355
v 0.536761 0.083055 0.143825
v 0.536761 -0.083055 0.143825
v 0.594722 -0.237947 0.159355
v 0.702816 -0.360704 0.188319
v 0.846445 -0.434745 0.226804
v 1.006210 -0.450072 0.269613
v 1.160535 -0.404614 0.310964
v 1.288576 -0.304510 0.345273
v 1.373042 -0.163281 0.367905
v 1.439578 0.000000 0.189524
v 1.409317 0.163281 0.185540
v 1.322619 0.304510 0.174126
v 1.191195 0.404614 0.156824
v 1.032793 0.450072 0.135970
v 0.868807 0.434745 0.114381
v 0.721384 0.360704 0.094972
v 0.610434 0.237947 0.080365
v 0.550942 0.083055 0.072533
v 0.550942 -0.083055 0.072533
v 0.610434 -0.237947 0.080365
v 0.721384 -0.360704 0.094972
v 0.868807 -0.434745 0.114381
v 1.032793 -0.450072 0.135970
v 1.191195 -0.404614 0.156824
v 1.322619 -0.304510 0.174126
v 1.409317 -0.163281 0.185540
vn 0.9809 0.1834 -0.0643
vn 0.8489 0.5256 -0.0556
vn 0.6022 0.7974 -0.0395
vn 0.2736 0.9617 -0.0179
vn -0.0923 0.9957 0.0060
vn -0.4455 0.8948 0.0292
vn -0.7381 0.6729 0.0484
vn -0.9307 0.3606 0.0610
vn -0.9979 -0.0000 0.0654
vn -0.9307 -0.3606 0.0610
vn -0.7381 -0.6729 0.0484
vn -0.4455 -0.8948 0.0292
vn -0.0923 -0.9957 0.0060
vn 0.2736 -0.9617 -0.0179
vn 0.6022 -0.7974 -0.0395
vn 0.8489 -0.5256 -0.0556
vn 0.9809 -0.1834 -0.0643
vn 0.9642 0.1834 -0.1918
vn 0.8344 0.5256 -0.1660
vn 0.5919 0.7974 -0.1177
vn 0.2689 0.9617 -0.0535
vn -0.0907 0.9957 0.0180
vn -0.4379 0.8948 0.0871
vn -0.7255 0.6729 0.1443
vn -0.9148 0.3606 0.1820
vn -0.9808 -0.0000 0.1951
vn -0.9148 -0.3606 0.1820
vn -0.7255 -0.6729 0.1443
vn -0.4379 -0.8948 0.0871
vn -0.0907 -0.9957 0.0180
vn 0.2689 -0.9617 -0.0535
vn 0.5919 -0.7974 -0.1177
vn 0.8344 -0.5256 -0.1660
vn 0.9642 -0.1834 -0.1918
vn 0.9309 0.1834 -0.3160
vn 0.8056 0.5256 -0.2735
vn 0.5714 0.7974 -0.1940
vn 0.2597 0.9617 -0.0881
vn -0.0876 0.9957 0.0297
vn -0.4228 0.8948 0.1435
vn -0.7005 0.6729 0.2378
vn -0.8832 0.3606 0.2998
vn -0.9469 -0.0000 0.3214
vn -0.8832 -0.3606 0.2998
vn -0.7005 -0.6729 0.2378
vn -0.4228 -0.8948 0.1435
vn -0.0876 -0.9957 0.0297
vn 0.2597 -0.9617 -0.0881
vn 0.5714 -0.7974 -0.1940
vn 0.8056 -0.5256 -0.2735
vn 0.9309 -0.1834 -0.3160
vn 0.8817 0.1834 -0.4348
vn 0.7630 0.5256 -0.3763
vn 0.5412 0.7974 -0.2669
vn 0.2459 0.9617 -0.1213
vn -0.0829 0.9957 0.0409
vn -0.4005 0.8948 0.1975
vn -0.6634 0.6729 0.3272
vn -0.8365 0.3606 0.4125
vn -0.8969 -0.0000 0.4423
vn -0.8365 -0.3606 0.4125
vn -0.6634 -0.6729 0.3272
vn -0.4005 -0.8948 0.1975
vn -0.0829 -0.9957 0.0409
vn 0.2459 -0.9617 -0.1213
vn 0.5412 -0.7974 -0.2669
vn 0.7630 -0.5256 -0.3763
vn 0.8817 -0.1834 -0.4348
vn 0.8174 0.1834 -0.5462
vn 0.7073 0.5256 -0.4726
vn 0.5018 0.7974 -0.3353
vn 0.2280 0.9617 -0.1523
vn -0.0769 0.9957 0.0514
vn -0.3713 0.8948 0.2481
vn -0.6151 0.6729 0.4110
vn -0.7755 0.3606 0.5182
vn -0.8315 -0.0000 0.5556
vn -0.7755 -0.3606 0.5182
vn -0.6151 -0.6729 0.4110
vn -0.3713 -0.8948 0.2481
vn -0.0769 -0.9957 0.0514
vn 0.2280 -0.9617 -0.1523
vn 0.5018 -0.7974 -0.3353
vn 0.7073 -0.5256 -0.4726
vn 0.8174 -0.1834 -0.5462
vn 0.7391 0.1834 -0.6482
vn 0.6396 0.5256 -0.5609
vn 0.4537 0.7974 -0.3979
vn 0.2062 0.9617 -0.1808
vn -0.0695 0.9957 0.0610
vn -0.3357 0.8948 0.2944
vn -0.5562 0.6729 0.4877
vn -0.7013 0.3606 0.6150
vn -0.7518 -0.0000 0.6593
vn -0.7013 -0.3606 0.6150
vn -0.5562 -0.6729 0.4877
vn -0.3357 -0.8948 0.2944
vn -0.0695 -0.9957 0.0610
vn 0.2062 -0.9617 -0.1808
vn 0.4537 -0.7974 -0.3979
vn 0.6396 -0.5256 -0.5609
vn 0.7391 -0.1834 -0.6482
vn 0.6482 0.1834 -0.7391
vn 0.5609 0.5256 -0.6396
vn 0.3979 0.7974 -0.4537
vn 0.1808 0.9617 -0.2062
vn -0.0610 0.9957 0.0695
vn -0.2944 0.8948 0.3357
vn -0.4877 0.6729 0.5562
vn -0.6150 0.3606 0.7013
vn -0.6593 -0.0000 0.7518
vn -0.6150 -0.3606 0.7013
vn -0.4877 -0.6729 0.5562
vn -0.2944 -0.8948 0.3357
vn -0.0610 -0.9957 0.0695
vn 0.1808 -0.9617 -0.2062
vn 0.3979 -0.7974 -0.4537
vn 0.5609 -0.5256 -0.6396
vn 0.6482 -0.1834 -0.7391
vn 0.5462 0.1834 -0.8174
vn 0.4726 0.5256 -0.7073
vn 0.3353 0.7974 -0.5018
vn 0.1523 0.9617 -0.2280
vn -0.0514 0.9957 0.0769
vn -0.2481 0.8948 0.3713
vn -0.4110 0.6729 0.6151
vn -0.5182 0.3606 0.7755
vn -0.5556 -0.0000 0.8315
vn -0.5182 -0.3606 0.7755
vn -0.4110 -0.6729 0.6151
vn -0.2481 -0.8948 0.3713
vn -0.0514 -0.9957 0.0769
vn 0.1523 -0.9617 -0.2280
vn 0.3353 -0.7974 -0.5018
vn 0.4726 -0.5256 -0.7073
vn 0.5462 -0.1834 -0.8174
vn 0.4348 0.1834 -0.8817
vn 0.3763 0.5256 -0.7630
vn 0.2669 0.7974 -0.5412
vn 0.1213 0.9617 -0.2459
vn -0.0409 0.9957 0.0829
vn -0.1975 0.8948 0.4005
vn -0.3272 0.6729 0.6634
vn -0.4125 0.3606 0.8365
vn -0.4423 -0.0000 0.8969
vn -0.4125 -0.3606 0.8365
vn -0.3272 -0.6729 0.6634
vn -0.1975 -0.8948 0.4005
vn -0.0409 -0.9957 0.0829
vn 0.1213 -0.9617 -0.2459
vn 0.2669 -0.7974 -0.5412
vn 0.3763 -0.5256 -0.7630
vn 0.4348 -0.1834 -0.8817
vn 0.3160 0.1834 -0.9309
vn 0.2735 0.5256 -0.8056
vn 0.1940 0.7974 -0.5714
vn 0.0881 0.9617 -0.2597
vn -0.0297 0.9957 0.0876
vn -0.1435 0.8948 0.4228
vn -0.2378 0.6729 0.7005
vn -0.2998 0.3606 0.8832
vn -0.3214 -0.0000 0.9469
vn -0.2998 -0.3606 0.8832
vn -0.2378 -0.6729 0.7005
vn -0.1435 -0.8948 0.4228
vn -0.0297 -0.9957 0.0876
vn 0.0881 -0.9617 -0.2597
vn 0.1940 -0.7974 -0.5714
vn 0.2735 -0.5256 -0.8056
vn 0.3160 -0.1834 -0.9309
vn 0.1918 0.1834 -0.9642
vn 0.1660 0.5256 -0.8344
vn 0.1177 0.7974 -0.5919
vn 0.0535 0.9617 -0.2689
vn -0.0180 0.9957 0.0907
vn -0.0871 0.8948 0.4379
vn -0.1443 0.6729 0.7255
vn -0.1820 0.3606 0.9148
vn -0.1951 -0.0000 0.9808
vn -0.1820 -0.3606 0.9148
vn -0.1443 -0.6729 0.7255
vn -0.0871 -0.8948 0.4379
vn -0.0180 -0.9957 0.0907
vn 0.0535 -0.9617 -0.2689
vn 0.1177 -0.7974 -0.5919
vn 0.1660 -0.5256 -0.8344
vn 0.1918 -0.1834 -0.9642
vn 0.0643 0.1834 -0.9809
vn 0.0556 0.5256 -0.8489
vn 0.0395 0.7974 -0.6022
vn 0.0179 0.9617 -0.2736
vn -0.0060 0.9957 0.0923
vn -0.0292 0.8948 0.4455
vn -0.0484 0.6729 0.7381
vn -0.0610 0.3606 0.9307
vn -0.0654 -0.0000 0.9979
vn -0.0610 -0.3606 0.9307
vn -0.0484 -0.6729 0.7381
vn -0.0292 -0.8948 0.4455
vn -0.0060 -0.9957 0.0923
vn 0.0179 -0.9617 -0.2736
vn 0.0395 -0.7974 -0.6022
vn 0.0556 -0.5256 -0.8489
vn 0.0643 -0.1834 -0.9809
vn -0.0643 0.1834 -0.9809
vn -0.0556 0.5256 -0.8489
vn -0.0395 0.7974 -0.6022
vn -0.0179 0.9617 -0.2736
vn 0.0060 0.9957 0.0923
vn 0.0292 0.8948 0.4455
vn 0.0484 0.6729 0.7381
vn 0.0610 0.3606 0.9307
vn 0.0654 -0.0000 0.9979
vn 0.0610 -0.3606 0.9307
vn 0.0484 -0.6729 0.7381
vn 0.0292 -0.8948 0.4455
vn 0.0060 -0.9957 0.0923
vn -0.0179 -0.9617 -0.2736
vn -0.0395 -0.7974 -0.6022
vn -0.0556 -0.5256 -0.8489
vn -0.0643 -0.1834 -0.9809
vn -0.1918 0.1834 -0.9642
vn -0.1660 0.5256 -0.8344
vn -0.1177 0.7974 -0.5919
vn -0.0535 0.9617 -0.2689
vn 0.0180 0.9957 0.0907
vn 0.0871 0.8948 0.4379
vn 0.1443 0.6729 0.7255
vn 0.1820 0.3606 0.9148
vn 0.1951 -0.0000 0.9808
vn 0.1820 -0.3606 0.9148
vn 0.1443 -0.6729 0.7255
vn 0.0871 -0.8948 0.4379
vn 0.0180 -0.9957 0.0907
vn -0.0535 -0.9617 -0.2689
vn -0.1177 -0.7974 -0.5919
vn -0.1660 -0.5256 -0.8344
vn -0.1918 -0.1834 -0.9642
vn -0.3160 0.1834 -0.9309
vn -0.2735 0.5256 -0.8056
vn -0.1940 0.7974 -0.5714
vn -0.0881 0.9617 -0.2597
vn 0.0297 0.9957 0.0876
vn 0.1435 0.8948 0.4228
vn 0.2378 0.6729 0.7005
vn 0.2998 0.3606 0.8832
vn 0.3214 -0.0000 0.9469
vn 0.2998 -0.3606 0.8832
vn 0.2378 -0.6729 0.7005
vn 0.1435 -0.8948 0.4228
vn 0.0297 -0.9957 0.0876
vn -0.0881 -0.9617 -0.2597
vn -0.1940 -0.7974 -0.5714
vn -0.2735 -0.5256 -0.8056
vn -0.3160 -0.1834 -0.9309
vn -0.4348 0.1834 -0.8817
vn -0.3763 0.5256 -0.7630
vn -0.2669 0.7974 -0.5412
vn -0.1213 0.9617 -0.2459
vn 0.0409 0.9957 0.0829
vn 0.1975 0.8948 0.4005
vn 0.3272 0.6729 0.6634
vn 0.4125 0.3606 0.8365
vn 0.4423 -0.0000 0.8969
vn 0.4125 -0.3606 0.8365
vn 0.3272 -0.6729 0.6634
vn 0.1975 -0.8948 0.4005
vn 0.0409 -0.9957 0.0829
vn -0.1213 -0.9617 -0.2459
vn -0.2669 -0.7974 -0.5412
vn -0.3763 -0.5256 -0.7630
vn -0.4348 -0.1834 -0.8817
vn -0.5461 0.1834 -0.8174
vn -0.4726 0.5256 -0.7073
vn -0.3353 0.7974 -0.5018
vn -0.1523 0.9617 -0.2280
vn 0.0514 0.9957 0.0769
vn 0.2481 0.8948 0.3713
vn 0.4110 0.6729 0.6151
vn 0.5182 0.3606 0.7755
vn 0.5556 -0.0000 0.8315
vn 0.5182 -0.3606 0.7755
vn 0.4110 -0.6729 0.6151
vn 0.2481 -0.8948 0.3713
vn 0.0514 -0.9957 0.0769
vn -0.1523 -0.9617 -0.2280
vn -0.3353 -0.7974 -0.5018
vn -0.4726 -0.5256 -0.7073
vn -0.5461 -0.1834 -0.8174
vn -0.6482 0.1834 -0.7391
vn -0.5609 0.5256 -0.6396
vn -0.3979 0.7974 -0.4537
vn -0.1808 0.9617 -0.2062
vn 0.0610 0.9957 0.0695
vn 0.2944 0.8948 0.3357
vn 0.4877 0.6729 0.5562
vn 0.6150 0.3606 0.7013
vn 0.6593 -0.0000 0.7518
vn 0.6150 -0.3606 0.7013
vn 0.4877 -0.6729 0.5562
vn 0.2944 -0.8948 0.3357
vn 0.0610 -0.9957 0.0695
vn -0.1808 -0.9617 -0.2062
vn -0.3979 -0.7974 -0.4537
vn -0.5609 -0.5256 -0.6396
vn -0.6482 -0.1834 -0.7391
vn -0.7391 0.1834 -0.6482
vn -0.6396 0.5256 -0.5609
vn -0.4537 0.7974 -0.3979
vn -0.2062 0.9617 -0.1808
vn 0.0695 0.9957 0.0610
vn 0.3357 0.8948 0.2944
vn 0.5562 0.6729 0.4877
vn 0.7013 0.3606 0.6150
vn 0.7518 -0.0000 0.6593
vn 0.7013 -0.3606 0.6150
vn 0.5562 -0.6729 0.4877
vn 0.3357 -0.8948 0.2944
vn 0.0695 -0.9957 0.0610
vn -0.2062 -0.9617 -0.1808
vn -0.4537 -0.7974 -0.3979
vn -0.6396 -0.5256 -0.5609
vn -0.7391 -0.1834 -0.6482
vn -0.8174 0.1834 -0.5462
vn -0.7073 0.5256 -0.4726
vn -0.5018 0.7974 -0.3353
vn -0.2280 0.9617 -0.1523
vn 0.0769 0.9957 0.0514
vn 0.3713 0.8948 0.2481
vn 0.6151 0.6729 0.4110
vn 0.7755 0.3606 0.5182
vn 0.8315 -0.0000 0.5556
vn 0.7755 -0.3606 0.5182
vn 0.6151 -0.6729 0.4110
vn 0.3713 -0.8948 0.2481
vn 0.0769 -0.9957 0.0514
vn -0.2280 -0.9617 -0.1523
vn -0.5018 -0.7974 -0.3353
vn -0.7073 -0.5256 -0.4726
vn -0.8174 -0.1834 -0.5462
vn -0.8817 0.1834 -0.4348
vn -0.7630 0.5256 -0.3763
vn -0.5412 0.7974 -0.2669
vn -0.2459 0.9617 -0.1213
vn 0.0829 0.9957 0.0409
vn 0.4005 0.8948 0.1975
vn 0.6634 0.6729 0.3272
vn 0.8365 0.3606 0.4125
vn 0.8969 -0.0000 0.4423
vn 0.8365 -0.3606 0.4125
vn 0.6634 -0.6729 0.3272
vn 0.4005 -0.8948 0.1975
vn 0.0829 -0.9957 0.0409
vn -0.2459 -0.9617 -0.1213
vn -0.5412 -0.7974 -0.2669
vn -0.7630 -0.5256 -0.3763
vn -0.8817 -0.1834 -0.4348
vn -0.9309 0.1834 -0.3160
vn -0.8056 0.5256 -0.2735
vn -0.5714 0.7974 -0.1940
vn -0.2597 0.9617 -0.0881
vn 0.0876 0.9957 0.0297
vn 0.4228 0.8948 0.1435
vn 0.7005 0.6729 0.2378
vn 0.8832 0.3606 0.2998
vn 0.9469 -0.0000 0.3214
vn 0.8832 -0.3606 0.2998
vn 0.7005 -0.6729 0.2378
vn 0.4228 -0.8948 0.1435
vn 0.0876 -0.9957 0.0297
vn -0.2597 -0.9617 -0.0881
vn -0.5714 -0.7974 -0.1940
vn -0.8056 -0.5256 -0.2735
vn -0.9309 -0.1834 -0.3160
vn -0.9642 0.1834 -0.1918
vn -0.8344 0.5256 -0.1660
vn -0.5919 0.7974 -0.1177
vn -0.2689 0.9617 -0.0535
vn 0.0907 0.9957 0.0180
vn 0.4379 0.8948 0.0871
vn 0.7255 0.6729 0.1443
vn 0.9148 0.3606 0.1820
vn 0.9808 -0.0000 0.1951
vn 0.9148 -0.3606 0.1820
vn 0.7255 -0.6729 0.1443
vn 0.4379 -0.8948 0.0871
vn 0.0907 -0.9957 0.0180
vn -0.2689 -0.9617 -0.0535
vn -0.5919 -0.7974 -0.1177
vn -0.8344 -0.5256 -0.1660
vn -0.9642 -0.1834 -0.1918
vn -0.9809 0.1834 -0.0643
vn -0.8489 0.5256 -0.0556
vn -0.6022 0.7974 -0.0395
vn -0.2736 0.9617 -0.0179
vn 0.0923 0.9957 0.0060
vn 0.4455 0.8948 0.0292
vn 0.7381 0.6729 0.0484
vn 0.9307 0.3606 0.0610
vn 0.9979 -0.0000 0.0654
vn 0.9307 -0.3606 0.0610
vn 0.7381 -0.6729 0.0484
vn 0.4455 -0.8948 0.0292
vn 0.0923 -0.9957 0.0060
vn -0.2736 -0.9617 -0.0179
vn -0.6022 -0.7974 -0.0395
vn -0.8489 -0.5256 -0.0556
vn -0.9809 -0.1834 -0.0643
vn -0.9809 0.1834 0.0643
vn -0.8489 0.5256 0.0556
vn -0.6022 0.7974 0.0395
vn -0.2736 0.9617 0.0179
vn 0.0923 0.9957 -0.0060
vn 0.4455 0.8948 -0.0292
vn 0.7381 0.6729 -0.0484
vn 0.9307 0.3606 -0.0610
vn 0.9979 -0.0000 -0.0654
vn 0.9307 -0.3606 -0.0610
vn 0.7381 -0.6729 -0.0484
vn 0.4455 -0.8948 -0.0292
vn 0.0923 -0.9957 -0.0060
vn -0.2736 -0.9617 0.0179
vn -0.6022 -0.7974 0.0395
vn -0.8489 -0.5256 0.0556
vn -0.9809 -0.1834 0.0643
vn -0.9642 0.1834 0.1918
vn -0.8344 0.5256 0.1660
vn -0.5919 0.7974 0.1177
vn -0.2689 0.9617 0.0535
vn 0.0907 0.9957 -0.0180
vn 0.4379 0.8948 -0.0871
vn 0.7255 0.6729 -0.1443
vn 0.9148 0.3606 -0.1820
vn 0.9808 -0.0000 -0.1951
vn 0.9148 -0.3606 -0.1820
vn 0.7255 -0.6729 -0.1443
vn 0.4379 -0.8948 -0.0871
vn 0.0907 -0.9957 -0.0180
vn -0.2689 -0.9617 0.0535
vn -0.5919 -0.7974 0.1177
vn -0.8344 -0.5256 0.1660
vn -0.9642 -0.1834 0.1918
vn -0.9309 0.1834 0.3160
vn -0.8056 0.5256 0.2735
vn -0.5714 0.7974 0.1940
vn -0.2597 0.9617 0.0881
vn 0.0876 0.9957 -0.0297
vn 0.4228 0.8948 -0.1435
vn 0.7005 0.6729 -0.2378
vn 0.8832 0.3606 -0.2998
vn 0.9469 -0.0000 -0.3214
vn 0.8832 -0.3606 -0.2998
vn 0.7005 -0.6729 -0.2378
vn 0.4228 -0.8948 -0.1435
vn 0.0876 -0.9957 -0.0297
vn -0.2597 -0.9617 0.0881
vn -0.5714 -0.7974 0.1940
vn -0.8056 -0.5256 0.2735
vn -0.9309 -0.1834 0.3160
vn -0.8817 0.1834 0.4348
vn -0.7630 0.5256 0.3763
vn -0.5412 0.7974 0.2669
vn -0.2459 0.9617 0.1213
vn 0.0829 0.9957 -0.0409
vn 0.4005 0.8948 -0.1975
vn 0.6634 0.6729 -0.3272
vn 0.8365 0.3606 -0.4125
vn 0.8969 -0.0000 -0.4423
vn 0.8365 -0.3606 -0.4125
vn 0.6634 -0.6729 -0.3272
vn 0.4005 -0.8948 -0.1975
vn 0.0829 -0.9957 -0.0409
vn -0.2459 -0.9617 0.1213
vn -0.5412 -0.7974 0.2669
vn -0.7630 -0.5256 0.3763
vn -0.8817 -0.1834 0.4348
vn -0.8174 0.1834 0.5462
vn -0.7073 0.5256 0.4726
vn -0.5018 0.7974 0.3353
vn -0.2280 0.9617 0.1523
vn 0.0769 0.9957 -0.0514
vn 0.3713 0.8948 -0.2481
vn 0.6151 0.6729 -0.4110
vn 0.7755 0.3606 -0.5182
vn 0.8315 -0.0000 -0.5556
vn 0.7755 -0.3606 -0.5182
vn 0.6151 -0.6729 -0.4110
vn 0.3713 -0.8948 -0.2481
vn 0.0769 -0.9957 -0.0514
vn -0.2280 -0.9617 0.1523
vn -0.5018 -0.7974 0.3353
vn -0.7073 -0.5256 0.4726
vn -0.8174 -0.1834 0.5462
vn -0.7391 0.1834 0.6482
vn -0.6396 0.5256 0.5609
vn -0.4537 0.7974 0.3979
vn -0.2062 0.9617 0.1808
vn 0.0695 0.9957 -0.0610
vn 0.3357 0.8948 -0.2944
vn 0.5562 0.6729 -0.4877
vn 0.7013 0.3606 -0.6150
vn 0.7518 -0.0000 -0.6593
vn 0.7013 -0.3606 -0.6150
vn 0.5562 -0.6729 -0.4877
vn 0.3357 -0.8948 -0.2944
vn 0.0695 -0.9957 -0.0610
vn -0.2062 -0.9617 0.1808
vn -0.4537 -0.7974 0.3979
vn -0.6396 -0.5256 0.5609
vn -0.7391 -0.1834 0.6482
vn -0.6482 0.1834 0.7391
vn -0.5609 0.5256 0.6396
vn -0.3979 0.7974 0.4537
vn -0.1808 0.9617 0.2062
vn 0.0610 0.9957 -0.0695
vn 0.2944 0.8948 -0.3357
vn 0.4877 0.6729 -0.5562
vn 0.6150 0.3606 -0.7013
vn 0.6593 -0.0000 -0.7518
vn 0.6150 -0.3606 -0.7013
vn 0.4877 -0.6729 -0.5562
vn 0.2944 -0.8948 -0.3357
vn 0.0610 -0.9957 -0.0695
vn -0.1808 -0.9617 0.2062
vn -0.3979 -0.7974 0.4537
vn -0.5609 -0.5256 0.6396
vn -0.6482 -0.1834 0.7391
vn -0.5461 0.1834 0.8174
vn -0.4726 0.5256 0.7073
vn -0.3353 0.7974 0.5018
vn -0.1523 0.9617 0.2280
vn 0.0514 0.9957 -0.0769
vn 0.2481 0.8948 -0.3713
vn 0.4110 0.6729 -0.6151
vn 0.5182 0.3606 -0.7755
vn 0.5556 -0.0000 -0.8315
vn 0.5182 -0.3606 -0.7755
vn 0.4110 -0.6729 -0.6151
vn 0.2481 -0.8948 -0.3713
vn 0.0514 -0.9957 -0.0769
vn -0.1523 -0.9617 0.2280
vn -0.3353 -0.7974 0.5018
vn -0.4726 -0.5256 0.7073
vn -0.5461 -0.1834 0.8174
vn -0.4348 0.1834 0.8817
vn -0.3763 0.5256 0.7630
vn -0.2669 0.7974 0.5412
vn -0.1213 0.9617 0.2459
vn 0.0409 0.9957 -0.0829
vn 0.1975 0.8948 -0.4005
vn 0.3272 0.6729 -0.6634
vn 0.4125 0.3606 -0.8365
vn 0.4423 -0.0000 -0.8969
vn 0.4125 -0.3606 -0.8365
vn 0.3272 -0.6729 -0.6634
vn 0.1975 -0.8948 -0.4005
vn 0.0409 -0.9957 -0.0829
vn -0.1213 -0.9617 0.2459
vn -0.2669 -0.7974 0.5412
vn -0.3763 -0.5256 0.7630
vn -0.4348 -0.1834 0.8817
vn -0.3160 0.1834 0.9309
vn -0.2735 0.5256 0.8056
vn -0.1940 0.7974 0.5714
vn -0.0881 0.9617 0.2597
vn 0.0297 0.9957 -0.0876
vn 0.1435 0.8948 -0.4228
vn 0.2378 0.6729 -0.7005
vn 0.2998 0.3606 -0.8832
vn 0.3214 -0.0000 -0.9469
vn 0.2998 -0.3606 -0.8832
vn 0.2378 -0.6729 -0.7005
vn 0.1435 -0.8948 -0.4228
vn 0.0297 -0.9957 -0.0876
vn -0.0881 -0.9617 0.2597
vn -0.1940 -0.7974 0.5714
vn -0.2735 -0.5256 0.8056
vn -0.3160 -0.1834 0.9309
vn -0.1918 0.1834 0.9642
vn -0.1660 0.5256 0.8344
vn -0.1177 0.7974 0.5919
vn -0.0535 0.9617 0.2689
vn 0.0180 0.9957 -0.0907
vn 0.0871 0.8948 -0.4379
vn 0.1443 0.6729 -0.7255
vn 0.1820 0.3606 -0.9148
vn 0.1951 -0.0000 -0.9808
vn 0.1820 -0.3606 -0.9148
vn 0.1443 -0.6729 -0.7255
vn 0.0871 -0.8948 -0.4379
vn 0.0180 -0.9957 -0.0907
vn -0.0535 -0.9617 0.2689
vn -0.1177 -0.7974 0.5919
vn -0.1660 -0.5256 0.8344
vn -0.1918 -0.1834 0.9642
vn -0.0643 0.1834 0.9809
vn -0.0556 0.5256 0.8489
vn -0.0395 0.7974 0.6022
vn -0.0179 0.9617 0.2736
vn 0.0060 0.9957 -0.0923
vn 0.0292 0.8948 -0.4455
vn 0.0484 0.6729 -0.7381
vn 0.0610 0.3606 -0.9307
vn 0.0654 -0.0000 -0.9979
vn 0.0610 -0.3606 -0.9307
vn 0.0484 -0.6729 -0.7381
vn 0.0292 -0.8948 -0.4455
vn 0.0060 -0.9957 -0.0923
vn -0.0179 -0.9617 0.2736
vn -0.0395 -0.7974 0.6022
vn -0.0556 -0.5256 0.8489
vn -0.0643 -0.1834 0.9809
vn 0.0643 0.1834 0.9809
vn 0.0556 0.5256 0.8489
vn 0.0395 0.7974 0.6022
vn 0.0179 0.9617 0.2736
vn -0.0060 0.9957 -0.0923
vn -0.0292 0.8948 -0.4455
vn -0.0484 0.6729 -0.7381
vn -0.0610 0.3606 -0.9307
vn -0.0654 -0.0000 -0.9979
vn -0.0610 -0.3606 -0.9307
vn -0.0484 -0.6729 -0.7381
vn -0.0292 -0.8948 -0.4455
vn -0.0060 -0.9957 -0.0923
vn 0.0179 -0.9617 0.2736
vn 0.0395 -0.7974 0.6022
vn 0.0556 -0.5256 0.8489
vn 0.0643 -0.1834 0.9809
vn 0.1918 0.1834 0.9642
vn 0.1660 0.5256 0.8344
vn 0.1177 0.7974 0.5919
vn 0.0535 0.9617 0.2689
vn -0.0180 0.9957 -0.0907
vn -0.0871 0.8948 -0.4379
vn -0.1443 0.6729 -0.7255
vn -0.1820 0.3606 -0.9148
vn -0.1951 -0.0000 -0.9808
vn -0.1820 -0.3606 -0.9148
vn -0.1443 -0.6729 -0.7255
vn -0.0871 -0.8948 -0.4379
vn -0.0180 -0.9957 -0.0907
vn 0.0535 -0.9617 0.2689
vn 0.1177 -0.7974 0.5919
vn 0.1660 -0.5256 0.8344
vn 0.1918 -0.1834 0.9642
vn 0.3160 0.1834 0.9309
vn 0.2735 0.5256 0.8056
vn 0.1940 0.7974 0.5714
vn 0.0881 0.9617 0.2597
vn -0.0297 0.9957 -0.0876
vn -0.1435 0.8948 -0.4228
vn -0.2378 0.6729 -0.7005
vn -0.2998 0.3606 -0.8832
vn -0.3214 -0.0000 -0.9469
vn -0.2998 -0.3606 -0.8832
vn -0.2378 -0.6729 -0.7005
vn -0.1435 -0.8948 -0.4228
vn -0.0297 -0.9957 -0.0876
vn 0.0881 -0.9617 0.2597
vn 0.1940 -0.7974 0.5714
vn 0.2735 -0.5256 0.8056
vn 0.3160 -0.1834 0.9309
vn 0.4348 0.1834 0.8817
vn 0.3763 0.5256 0.7630
vn 0.2669 0.7974 0.5412
vn 0.1213 0.9617 0.2459
vn -0.0409 0.9957 -0.0829
vn -0.1975 0.8948 -0.4005
vn -0.3272 0.6729 -0.6634
vn -0.4125 0.3606 -0.8365
vn -0.4423 -0.0000 -0.8969
vn -0.4125 -0.3606 -0.8365
vn -0.3272 -0.6729 -0.6634
vn -0.1975 -0.8948 -0.4005
vn -0.0409 -0.9957 -0.0829
vn 0.1213 -0.9617 0.2459
vn 0.2669 -0.7974 0.5412
vn 0.3763 -0.5256 0.7630
vn 0.4348 -0.1834 0.8817
vn 0.5462 0.1834 0.8174
vn 0.4726 0.5256 0.7073
vn 0.3353 0.7974 0.5018
vn 0.1523 0.9617 0.2280
vn -0.0514 0.9957 -0.0769
vn -0.2481 0.8948 -0.3713
vn -0.4110 0.6729 -0.6151
vn -0.5182 0.3606 -0.7755
vn -0.5556 -0.0000 -0.8315
vn -0.5182 -0.3606 -0.7755
vn -0.4110 -0.6729 -0.6151
vn -0.2481 -0.8948 -0.3713
vn -0.0514 -0.9957 -0.0769
vn 0.1523 -0.9617 0.2280
vn 0.3353 -0.7974 0.5018
vn 0.4726 -0.5256 0.7073
vn 0.5462 -0.1834 0.8174
vn 0.6482 0.1834 0.7391
vn 0.5609 0.5256 0.6396
vn 0.3979 0.7974 0.4537
vn 0.1808 0.9617 0.2062
vn -0.0610 0.9957 -0.0695
vn -0.2944 0.8948 -0.3357
vn -0.4877 0.6729 -0.5562
vn -0.6150 0.3606 -0.7013
vn -0.6593 -0.0000 -0.7518
vn -0.6150 -0.3606 -0.7013
vn -0.4877 -0.6729 -0.5562
vn -0.2944 -0.8948 -0.3357
vn -0.0610 -0.9957 -0.0695
vn 0.1808 -0.9617 0.2062
vn 0.3979 -0.7974 0.4537
vn 0.5609 -0.5256 0.6396
vn 0.6482 -0.1834 0.7391
vn 0.7391 0.1834 0.6482
vn 0.6396 0.5256 0.5609
vn 0.4537 0.7974 0.3979
vn 0.2062 0.9617 0.1808
vn -0.0695 0.9957 -0.0610
vn -0.3357 0.8948 -0.2944
vn -0.5562 0.6729 -0.4877
vn -0.7013 0.3606 -0.6150
vn -0.7518 -0.0000 -0.6593
vn -0.7013 -0.3606 -0.6150
vn -0.5562 -0.6729 -0.4877
vn -0.3357 -0.8948 -0.2944
vn -0.0695 -0.9957 -0.0610
vn 0.2062 -0.9617 0.1808
vn 0.4537 -0.7974 0.3979
vn 0.6396 -0.5256 0.5609
vn 0.7391 -0.1834 0.6482
vn 0.8174 0.1834 0.5462
vn 0.7073 0.5256 0.4726
vn 0.5018 0.7974 0.3353
vn 0.2280 0.9617 0.1523
vn -0.0769 0.9957 -0.0514
vn -0.3713 0.8948 -0.2481
vn -0.6151 0.6729 -0.4110
vn -0.7755 0.3606 -0.5182
vn -0.8315 -0.0000 -0.5556
vn -0.7755 -0.3606 -0.5182
vn -0.6151 -0.6729 -0.4110
vn -0.3713 -0.8948 -0.2481
vn -0.0769 -0.9957 -0.0514
vn 0.2280 -0.9617 0.1523
vn 0.5018 -0.7974 0.3353
vn 0.7073 -0.5256 0.4726
vn 0.8174 -0.1834 0.5462
vn 0.8817 0.1834 0.4348
vn 0.7630 0.5256 0.3763
vn 0.5412 0.7974 0.2669
vn 0.2459 0.9617 0.1213
vn -0.0829 0.9957 -0.0409
vn -0.4005 0.8948 -0.1975
vn -0.6634 0.6729 -0.3272
vn -0.8365 0.3606 -0.4125
vn -0.8969 -0.0000 -0.4423
vn -0.8365 -0.3606 -0.4125
vn -0.6634 -0.6729 -0.3272
vn -0.4005 -0.8948 -0.1975
vn -0.0829 -0.9957 -0.0409
vn 0.2459 -0.9617 0.1213
vn 0.5412 -0.7974 0.2669
vn 0.7630 -0.5256 0.3763
vn 0.8817 -0.1834 0.4348
vn 0.9309 0.1834 0.3160
vn 0.8056 0.5256 0.2735
vn 0.5714 0.7974 0.1940
vn 0.2597 0.9617 0.0881
vn -0.0876 0.9957 -0.0297
vn -0.4228 0.8948 -0.1435
vn -0.7005 0.6729 -0.2378
vn -0.8832 0.3606 -0.2998
vn -0.9469 -0.0000 -0.3214
vn -0.8832 -0.3606 -0.2998
vn -0.7005 -0.6729 -0.2378
vn -0.4228 -0.8948 -0.1435
vn -0.0876 -0.9957 -0.0297
vn 0.2597 -0.9617 0.0881
vn 0.5714 -0.7974 0.1940
vn 0.8056 -0.5256 0.2735
vn 0.9309 -0.1834 0.3160
vn 0.9642 0.1834 0.1918
vn 0.8344 0.5256 0.1660
vn 0.5919 0.7974 0.1177
vn 0.2689 0.9617 0.0535
vn -0.0907 0.9957 -0.0180
vn -0.4379 0.8948 -0.0871
vn -0.7255 0.6729 -0.1443
vn -0.9148 0.3606 -0.1820
vn -0.9808 -0.0000 -0.1951
vn -0.9148 -0.3606 -0.1820
vn -0.7255 -0.6729 -0.1443
vn -0.4379 -0.8948 -0.0871
vn -0.0907 -0.9957 -0.0180
vn 0.2689 -0.9617 0.0535
vn 0.5919 -0.7974 0.1177
vn 0.8344 -0.5256 0.1660
vn 0.9642 -0.1834 0.1918
vn 0.9809 0.1834 0.0643
vn 0.8489 0.5256 0.0556
vn 0.6022 0.7974 0.0395
vn 0.2736 0.9617 0.0179
vn -0.0923 0.9957 -0.0060
vn -0.4455 0.8948 -0.0292
vn -0.7381 0.6729 -0.0484
vn -0.9307 0.3606 -0.0610
vn -0.9979 -0.0000 -0.0654
vn -0.9307 -0.3606 -0.0610
vn -0.7381 -0.6729 -0.0484
vn -0.4455 -0.8948 -0.0292
vn -0.0923 -0.9957 -0.0060
vn 0.2736 -0.9617 0.0179
vn 0.6022 -0.7974 0.0395
vn 0.8489 -0.5256 0.0556
vn 0.9809 -0.1834 0.0643
vt 0.500000 0.529412
vt 0.520833 0.529412
vt 0.520833 0.588235
vt 0.500000 0.588235
vt 0.520833 0.647059
vt 0.500000 0.647059
vt 0.520833 0.705882
vt 0.500000 0.705882
vt 0.520833 0.764706
vt 0.500000 0.764706
vt 0.520833 0.823529
vt 0.500000 0.823529
vt 0.520833 0.882353
vt 0.500000 0.882353
vt 0.520833 0.941176
vt 0.500000 0.941176
vt 0.520833 1.000000
vt 0.500000 1.000000
vt 0.500000 0.000000
vt 0.520833 0.000000
vt 0.520833 0.058824
vt 0.500000 0.058824
vt 0.520833 0.117647
vt 0.500000 0.117647
vt 0.520833 0.176471
vt 0.500000 0.176471
vt 0.520833 0.235294
vt 0.500000 0.235294
vt 0.520833 0.294118
vt 0.500000 0.294118
vt 0.520833 0.352941
vt 0.500000 0.352941
vt 0.520833 0.411765
vt 0.500000 0.411765
vt 0.520833 0.470588
vt 0.500000 0.470588
vt 0.541667 0.529412
vt 0.541667 0.588235
vt 0.541667 0.647059
vt 0.541667 0.705882
vt 0.541667 0.764706
vt 0.541667 0.823529
vt 0.541667 0.882353
vt 0.541667 0.941176
vt 0.541667 1.000000
vt 0.541667 0.000000
vt 0.541667 0.058824
vt 0.541667 0.117647
vt 0.541667 0.176471
vt 0.541667 0.235294
vt 0.541667 0.294118
vt 0.541667 0.352941
vt 0.541667 0.411765
vt 0.541667 0.470588
vt 0.562500 0.529412
vt 0.562500 0.588235
vt 0.562500 0.647059
vt 0.562500 0.705882
vt 0.562500 0.764706
vt 0.562500 0.823529
vt 0.562500 0.882353
vt 0.562500 0.941176
vt 0.562500 1.000000
vt 0.562500 0.000000
vt 0.562500 0.058824
vt 0.562500 0.117647
vt 0.562500 0.176471
vt 0.562500 0.235294
vt 0.562500 0.294118
vt 0.562500 0.352941
vt 0.562500 0.411765
vt 0.562500 0.470588
vt 0.583333 0.529412
vt 0.583333 0.588235
vt 0.583333 0.647059
vt 0.583333 0.705882
vt 0.583333 0.764706
vt 0.583333 0.823529
vt 0.583333 0.882353
vt 0.583333 0.941176
vt 0.583333 1.000000
vt 0.583333 0.000000
vt 0.583333 0.058824
vt 0.583333 0.117647
vt 0.583333 0.176471
vt 0.583333 0.235294
vt 0.583333 0.294118
vt 0.583333 0.352941
vt 0.583333 0.411765
vt 0.583333 0.470588
vt 0.604167 0.529412
vt 0.604167 0.588235
vt 0.604167 0.647059
vt 0.604167 0.705882
vt 0.604167 0.764706
vt 0.604167 0.823529
vt 0.604167 0.882353
vt 0.604167 0.941176
vt 0.604167 1.000000
vt 0.604167 0.000000
vt 0.604167 0.058824
vt 0.604167 0.117647
vt 0.604167 0.176471
vt 0.604167 0.235294
vt 0.604167 0.294118
vt 0.604167 0.352941
vt 0.604167 0.411765
vt 0.604167 0.470588
vt 0.625000 0.529412
vt 0.625000 0.588235
vt 0.625000 0.647059
vt 0.625000 0.705882
vt 0.625000 0.764706
vt 0.625000 0.823529
vt 0.625000 0.882353
vt 0.625000 0.941176
vt 0.625000 1.000000
vt 0.625000 0.000000
vt 0.625000 0.058824
vt 0.625000 0.117647
vt 0.625000 0.176471
vt 0.625000 0.235294
vt 0.625000 0.294118
vt 0.625000 0.352941
vt 0.625000 0.411765
vt 0.625000 0.470588
vt 0.645833 0.529412
vt 0.645833 0.588235
vt 0.645833 0.647059
vt 0.645833 0.705882
vt 0.645833 0.764706
vt 0.645833 0.823529
vt 0.645833 0.882353
vt 0.645833 0.941176
vt 0.645833 1.000000
vt 0.645833 0.000000
vt 0.645833 0.058824
vt 0.645833 0.117647
vt 0.645833 0.176471
vt 0.645833 0.235294
vt 0.645833 0.294118
vt 0.645833 0.352941
vt 0.645833 0.411765
vt 0.645833 0.470588
vt 0.666667 0.529412
vt 0.666667 0.588235
vt 0.666667 0.647059
vt 0.666667 0.705882
vt 0.666667 0.764706
vt 0.666667 0.823529
vt 0.666667 0.882353
vt 0.666667 0.941176
vt 0.666667 1.000000
vt 0.666667 0.000000
vt 0.666667 0.058824
vt 0.666667 0.117647
vt 0.666667 0.176471
vt 0.666667 0.235294
vt 0.666667 0.294118
vt 0.666667 0.352941
vt 0.666667 0.411765
vt 0.666667 0.470588
vt 0.687500 0.529412
vt 0.687500 0.588235
vt 0.687500 0.647059
vt 0.687500 0.705882
vt 0.687500 0.764706
vt 0.687500 0.823529
vt 0.687500 0.882353
vt 0.687500 0.941176
vt 0.687500 1.000000
vt 0.687500 0.000000
vt 0.687500 0.058824
vt 0.687500 0.117647
vt 0.687500 0.176471
vt 0.687500 0.235294
vt 0.687500 0.294118
vt 0.687500 0.352941
vt 0.687500 0.411765
vt 0.687500 0.470588
vt 0.708333 0.529412
vt 0.708333 0.588235
vt 0.708333 0.647059
vt 0.708333 0.705882
vt 0.708333 0.764706
vt 0.708333 0.823529
vt 0.708333 0.882353
vt 0.708333 0.941176
vt 0.708333 1.000000
vt 0.708333 0.000000
vt 0.708333 0.058824
vt 0.708333 0.117647
vt 0.708333 0.176471
vt 0.708333 0.235294
vt 0.708333 0.294118
vt 0.708333 0.352941
vt 0.708333 0.411765
vt 0.708333 0.470588
vt 0.729167 0.529412
vt 0.729167 0.588235
vt 0.729167 0.647059
vt 0.729167 0.705882
vt 0.729167 0.764706
vt 0.729167 0.823529
vt 0.729167 0.882353
vt 0.729167 0.941176
vt 0.729167 1.000000
vt 0.729167 0.000000
vt 0.729167 0.058824
vt 0.729167 0.117647
vt 0.729167 0.176471
vt 0.729167 0.235294
vt 0.729167 0.294118
vt 0.729167 0.352941
vt 0.729167 0.411765
vt 0.729167 0.470588
vt 0.750000 0.529412
vt 0.750000 0.588235
vt 0.750000 0.647059
vt 0.750000 0.705882
vt 0.750000 0.764706
vt 0.750000 0.823529
vt 0.750000 0.882353
vt 0.750000 0.941176
vt 0.750000 1.000000
vt 0.750000 0.000000
vt 0.750000 0.058824
vt 0.750000 0.117647
vt 0.750000 0.176471
vt 0.750000 0.235294
vt 0.750000 0.294118
vt 0.750000 0.352941
vt 0.750000 0.411765
vt 0.750000 0.470588
vt 0.770833 0.529412
vt 0.770833 0.588235
vt 0.770833 0.647059
vt 0.770833 0.705882
vt 0.770833 0.764706
vt 0.770833 0.823529
vt 0.770833 0.882353
vt 0.770833 0.941176
vt 0.770833 1.000000
vt 0.770833 0.000000
vt 0.770833 0.058824
vt 0.770833 0.117647
vt 0.770833 0.176471
vt 0.770833 0.235294
vt 0.770833 0.294118
vt 0.770833 0.352941
vt 0.770833 0.411765
vt 0.770833 0.470588
vt 0.791667 0.529412
vt 0.791667 0.588235
vt 0.791667 0.647059
vt 0.791667 0.705882
vt 0.791667 0.764706
vt 0.791667 0.823529
vt 0.791667 0.882353
vt 0.791667 0.941176
vt 0.791667 1.000000
vt 0.791667 0.000000
vt 0.791667 0.058824
vt 0.791667 0.117647
vt 0.791667 0.176471
vt 0.791667 0.235294
vt 0.791667 0.294118
vt 0.791667 0.352941
vt 0.791667 0.411765
vt 0.791667 0.470588
vt 0.812500 0.529412
vt 0.812500 0.588235
vt 0.812500 0.647059
vt 0.812500 0.705882
vt 0.812500 0.764706
vt 0.812500 0.823529
vt 0.812500 0.882353
vt 0.812500 0.941176
vt 0.812500 1.000000
vt 0.812500 0.000000
vt 0.812500 0.058824
vt 0.812500 0.117647
vt 0.812500 0.176471
vt 0.812500 0.235294
vt 0.812500 0.294118
vt 0.812500 0.352941
vt 0.812500 0.411765
vt 0.812500 0.470588
vt 0.833333 0.529412
vt 0.833333 0.588235
vt 0.833333 0.647059
vt 0.833333 0.705882
vt 0.833333 0.764706
vt 0.833333 0.823529
vt 0.833333 0.882353
vt 0.833333 0.941176
vt 0.833333 1.000000
vt 0.833333 0.000000
vt 0.833333 0.058824
vt 0.833333 0.117647
vt 0.833333 0.176471
vt 0.833333 0.235294
vt 0.833333 0.294118
vt 0.833333 0.352941
vt 0.833333 0.411765
vt 0.833333 0.470588
vt 0.854167 0.529412
vt 0.854167 0.588235
vt 0.854167 0.647059
vt 0.854167 0.705882
vt 0.854167 0.764706
vt 0.854167 0.823529
vt 0.854167 0.882353
vt 0.854167 0.941176
vt 0.854167 1.000000
vt 0.854167 0.000000
vt 0.854167 0.058824
vt 0.854167 0.117647
vt 0.854167 0.176471
vt 0.854167 0.235294
vt 0.854167 0.294118
vt 0.854167 0.352941
vt 0.854167 0.411765
vt 0.854167 0.470588
vt 0.875000 0.529412
vt 0.875000 0.588235
vt 0.875000 0.647059
vt 0.875000 0.705882
vt 0.875000 0.764706
vt 0.875000 0.823529
vt 0.875000 0.882353
vt 0.875000 0.941176
vt 0.875000 1.000000
vt 0.875000 0.000000
vt 0.875000 0.058824
vt 0.875000 0.117647
vt 0.875000 0.176471
vt 0.875000 0.235294
vt 0.875000 0.294118
vt 0.875000 0.352941
vt 0.875000 0.411765
vt 0.875000 0.470588
vt 0.895833 0.529412
vt 0.895833 0.588235
vt 0.895833 0.647059
vt 0.895833 0.705882
vt 0.895833 0.764706
vt 0.895833 0.823529
vt 0.895833 0.882353
vt 0.895833 0.941176
vt 0.895833 1.000000
vt 0.895833 0.000000
vt 0.895833 0.058824
vt 0.895833 0.117647
vt 0.895833 0.176471
vt 0.895833 0.235294
vt 0.895833 0.294118
vt 0.895833 0.352941
vt 0.895833 0.411765
vt 0.895833 0.470588
vt 0.916667 0.529412
vt 0.916667 0.588235
vt 0.916667 0.647059
vt 0.916667 0.705882
vt 0.916667 0.764706
vt 0.916667 0.823529
vt 0.916667 0.882353
vt 0.916667 0.941176
vt 0.916667 1.000000
vt 0.916667 0.000000
vt 0.916667 0.058824
vt 0.916667 0.117647
vt 0.916667 0.176471
vt 0.916667 0.235294
vt 0.916667 0.294118
vt 0.916667 0.352941
vt 0.916667 0.411765
vt 0.916667 0.470588
vt 0.937500 0.529412
vt 0.937500 0.588235
vt 0.937500 0.647059
vt 0.937500 0.705882
vt 0.937500 0.764706
vt 0.937500 0.823529
vt 0.937500 0.882353
vt 0.937500 0.941176
vt 0.937500 1.000000
vt 0.937500 0.000000
vt 0.937500 0.058824
vt 0.937500 0.117647
vt 0.937500 0.176471
vt 0.937500 0.235294
vt 0.937500 0.294118
vt 0.937500 0.352941
vt 0.937500 0.411765
vt 0.937500 0.470588
vt 0.958333 0.529412
vt 0.958333 0.588235
vt 0.958333 0.647059
vt 0.958333 0.705882
vt 0.958333 0.764706
vt 0.958333 0.823529
vt 0.958333 0.882353
vt 0.958333 0.941176
vt 0.958333 1.000000
vt 0.958333 0.000000
vt 0.958333 0.058824
vt 0.958333 0.117647
vt 0.958333 0.176471
vt 0.958333 0.235294
vt 0.958333 0.294118
vt 0.958333 0.352941
vt 0.958333 0.411765
vt 0.958333 0.470588
vt 0.979167 0.529412
vt 0.979167 0.588235
vt 0.979167 0.647059
vt 0.979167 0.705882
vt 0.979167 0.764706
vt 0.979167 0.823529
vt 0.979167 0.882353
vt 0.979167 0.941176
vt 0.979167 1.000000
vt 0.979167 0.000000
vt 0.979167 0.058824
vt 0.979167 0.117647
vt 0.979167 0.176471
vt 0.979167 0.235294
vt 0.979167 0.294118
vt 0.979167 0.352941
vt 0.979167 0.411765
vt 0.979167 0.470588
vt 1.000000 0.529412
vt 1.000000 0.588235
vt 1.000000 0.647059
vt 1.000000 0.705882
vt 1.000000 0.764706
vt 1.000000 0.823529
vt 1.000000 0.882353
vt 1.000000 0.941176
vt 1.000000 1.000000
vt 1.000000 0.000000
vt 1.000000 0.058824
vt 1.000000 0.117647
vt 1.000000 0.176471
vt 1.000000 0.235294
vt 1.000000 0.294118
vt 1.000000 0.352941
vt 1.000000 0.411765
vt 1.000000 0.470588
vt 0.000000 0.529412
vt 0.020833 0.529412
vt 0.020833 0.588235
vt 0.000000 0.588235
vt 0.020833 0.647059
vt 0.000000 0.647059
vt 0.020833 0.705882
vt 0.000000 0.705882
vt 0.020833 0.764706
vt 0.000000 0.764706
vt 0.020833 0.823529
vt 0.000000 0.823529
vt 0.020833 0.882353
vt 0.000000 0.882353
vt 0.020833 0.941176
vt 0.000000 0.941176
vt 0.020833 1.000000
vt 0.000000 1.000000
vt 0.000000 0.000000
vt 0.020833 0.000000
vt 0.020833 0.058824
vt 0.000000 0.058824
vt 0.020833 0.117647
vt 0.000000 0.117647
vt 0.020833 0.176471
vt 0.000000 0.176471
vt 0.020833 0.235294
vt 0.000000 0.235294
vt 0.020833 0.294118
vt 0.000000 0.294118
vt 0.020833 0.352941
vt 0.000000 0.352941
vt 0.020833 0.411765
vt 0.000000 0.411765
vt 0.020833 0.470588
vt 0.000000 0.470588
vt 0.041667 0.529412
vt 0.041667 0.588235
vt 0.041667 0.647059
vt 0.041667 0.705882
vt 0.041667 0.764706
vt 0.041667 0.823529
vt 0.041667 0.882353
vt 0.041667 0.941176
vt 0.041667 1.000000
vt 0.041667 0.000000
vt 0.041667 0.058824
vt 0.041667 0.117647
vt 0.041667 0.176471
vt 0.041667 0.235294
vt 0.041667 0.294118
vt 0.041667 0.352941
vt 0.041667 0.411765
vt 0.041667 0.470588
vt 0.062500 0.529412
vt 0.062500 0.588235
vt 0.062500 0.647059
vt 0.062500 0.705882
vt 0.062500 0.764706
vt 0.062500 0.823529
vt 0.062500 0.882353
vt 0.062500 0.941176
vt 0.062500 1.000000
vt 0.062500 0.000000
vt 0.062500 0.058824
vt 0.062500 0.117647
vt 0.062500 0.176471
vt 0.062500 0.235294
vt 0.062500 0.294118
vt 0.062500 0.352941
vt 0.062500 0.411765
vt 0.062500 0.470588
vt 0.083333 0.529412
vt 0.083333 0.588235
vt 0.083333 0.647059
vt 0.083333 0.705882
vt 0.083333 0.764706
vt 0.083333 0.823529
vt 0.083333 0.882353
vt 0.083333 0.941176
vt 0.083333 1.000000
vt 0.083333 0.000000
vt 0.083333 0.058824
vt 0.083333 0.117647
vt 0.083333 0.176471
vt 0.083333 0.235294
vt 0.083333 0.294118
vt 0.083333 0.352941
vt 0.083333 0.411765
vt 0.083333 0.470588
vt 0.104167 0.529412
vt 0.104167 0.588235
vt 0.104167 0.647059
vt 0.104167 0.705882
vt 0.104167 0.764706
vt 0.104167 0.823529
vt 0.104167 0.882353
vt 0.104167 0.941176
vt 0.104167 1.000000
vt 0.104167 0.000000
vt 0.104167 0.058824
vt 0.104167 0.117647
vt 0.104167 0.176471
vt 0.104167 0.235294
vt 0.104167 0.294118
vt 0.104167 0.352941
vt 0.104167 0.411765
vt 0.104167 0.470588
vt 0.125000 0.529412
vt 0.125000 0.588235
vt 0.125000 0.647059
vt 0.125000 0.705882
vt 0.125000 0.764706
vt 0.125000 0.823529
vt 0.125000 0.882353
vt 0.125000 0.941176
vt 0.125000 1.000000
vt 0.125000 0.000000
vt 0.125000 0.058824
vt 0.125000 0.117647
vt 0.125000 0.176471
vt 0.125000 0.235294
vt 0.125000 0.294118
vt 0.125000 0.352941
vt 0.125000 0.411765
vt 0.125000 0.470588
vt 0.145833 0.529412
vt 0.145833 0.588235
vt 0.145833 0.647059
vt 0.145833 0.705882
vt 0.145833 0.764706
vt 0.145833 0.823529
vt 0.145833 0.882353
vt 0.145833 0.941176
vt 0.145833 1.000000
vt 0.145833 0.000000
vt 0.145833 0.058824
vt 0.145833 0.117647
vt 0.145833 0.176471
vt 0.145833 0.235294
vt 0.145833 0.294118
vt 0.145833 0.352941
vt 0.145833 0.411765
vt 0.145833 0.470588
vt 0.166667 0.529412
vt 0.166667 0.588235
vt 0.166667 0.647059
vt 0.166667 0.705882
vt 0.166667 0.764706
vt 0.166667 0.823529
vt 0.166667 0.882353
vt 0.166667 0.941176
vt 0.166667 1.000000
vt 0.166667 0.000000
vt 0.166667 0.058824
vt 0.166667 0.117647
vt 0.166667 0.176471
vt 0.166667 0.235294
vt 0.166667 0.294118
vt 0.166667 0.352941
vt 0.166667 0.411765
vt 0.166667 0.470588
vt 0.187500 0.529412
vt 0.187500 0.588235
vt 0.187500 0.647059
vt 0.187500 0.705882
vt 0.187500 0.764706
vt 0.187500 0.823529
vt 0.187500 0.882353
vt 0.187500 0.941176
vt 0.187500 1.000000
vt 0.187500 0.000000
vt 0.187500 0.058824
vt 0.187500 0.117647
vt 0.187500 0.176471
vt 0.187500 0.235294
vt 0.187500 0.294118
vt 0.187500 0.352941
vt 0.187500 0.411765
vt 0.187500 0.470588
vt 0.208333 0.529412
vt 0.208333 0.588235
vt 0.208333 0.647059
vt 0.208333 0.705882
vt 0.208333 0.764706
vt 0.208333 0.823529
vt 0.208333 0.882353
vt 0.208333 0.941176
vt 0.208333 1.000000
vt 0.208333 0.000000
vt 0.208333 0.058824
vt 0.208333 0.117647
vt 0.208333 0.176471
vt 0.208333 0.235294
vt 0.208333 0.294118
vt 0.208333 0.352941
vt 0.208333 0.411765
vt 0.208333 0.470588
vt 0.229167 0.529412
vt 0.229167 0.588235
vt 0.229167 0.647059
vt 0.229167 0.705882
vt 0.229167 0.764706
vt 0.229167 0.823529
vt 0.229167 0.882353
vt 0.229167 0.941176
vt 0.229167 1.000000
vt 0.229167 0.000000
vt 0.229167 0.058824
vt 0.229167 0.117647
vt 0.229167 0.176471
vt 0.229167 0.235294
vt 0.229167 0.294118
vt 0.229167 0.352941
vt 0.229167 0.411765
vt 0.229167 0.470588
vt 0.250000 0.529412
vt 0.250000 0.588235
vt 0.250000 0.647059
vt 0.250000 0.705882
vt 0.250000 0.764706
vt 0.250000 0.823529
vt 0.250000 0.882353
vt 0.250000 0.941176
vt 0.250000 1.000000
vt 0.250000 0.000000
vt 0.250000 0.058824
vt 0.250000 0.117647
vt 0.250000 0.176471
vt 0.250000 0.235294
vt 0.250000 0.294118
vt 0.250000 0.352941
vt 0.250000 0.411765
vt 0.250000 0.470588
vt 0.270833 0.529412
vt 0.270833 0.588235
vt 0.270833 0.647059
vt 0.270833 0.705882
vt 0.270833 0.764706
vt 0.270833 0.823529
vt 0.270833 0.882353
vt 0.270833 0.941176
vt 0.270833 1.000000
vt 0.270833 0.000000
vt 0.270833 0.058824
vt 0.270833 0.117647
vt 0.270833 0.176471
vt 0.270833 0.235294
vt 0.270833 0.294118
vt 0.270833 0.352941
vt 0.270833 0.411765
vt 0.270833 0.470588
vt 0.291667 0.529412
vt 0.291667 0.588235
vt 0.291667 0.647059
vt 0.291667 0.705882
vt 0.291667 0.764706
vt 0.291667 0.823529
vt 0.291667 0.882353
vt 0.291667 0.941176
vt 0.291667 1.000000
vt 0.291667 0.000000
vt 0.291667 0.058824
vt 0.291667 0.117647
vt 0.291667 0.176471
vt 0.291667 0.235294
vt 0.291667 0.294118
vt 0.291667 0.352941
vt 0.291667 0.411765
vt 0.291667 0.470588
vt 0.312500 0.529412
vt 0.312500 0.588235
vt 0.312500 0.647059
vt 0.312500 0.705882
vt 0.312500 0.764706
vt 0.312500 0.823529
vt 0.312500 0.882353
vt 0.312500 0.941176
vt 0.312500 1.000000
vt 0.312500 0.000000
vt 0.312500 0.058824
vt 0.312500 0.117647
vt 0.312500 0.176471
vt 0.312500 0.235294
vt 0.312500 0.294118
vt 0.312500 0.352941
vt 0.312500 0.411765
vt 0.312500 0.470588
vt 0.333333 0.529412
vt 0.333333 0.588235
vt 0.333333 0.647059
vt 0.333333 0.705882
vt 0.333333 0.764706
vt 0.333333 0.823529
vt 0.333333 0.882353
vt 0.333333 0.941176
vt 0.333333 1.000000
vt 0.333333 0.000000
vt 0.333333 0.058824
vt 0.333333 0.117647
vt 0.333333 0.176471
vt 0.333333 0.235294
vt 0.333333 0.294118
vt 0.333333 0.352941
vt 0.333333 0.411765
vt 0.333333 0.470588
vt 0.354167 0.529412
vt 0.354167 0.588235
vt 0.354167 0.647059
vt 0.354167 0.705882
vt 0.354167 0.764706
vt 0.354167 0.823529
vt 0.354167 0.882353
vt 0.354167 0.941176
vt 0.354167 1.000000
vt 0.354167 0.000000
vt 0.354167 0.058824
vt 0.354167 0.117647
vt 0.354167 0.176471
vt 0.354167 0.235294
vt 0.354167 0.294118
vt 0.354167 0.352941
vt 0.354167 0.411765
vt 0.354167 0.470588
vt 0.375000 0.529412
vt 0.375000 0.588235
vt 0.375000 0.647059
vt 0.375000 0.705882
vt 0.375000 0.764706
vt 0.375000 0.823529
vt 0.375000 0.882353
vt 0.375000 0.941176
vt 0.375000 1.000000
vt 0.375000 0.000000
vt 0.375000 0.058824
vt 0.375000 0.117647
vt 0.375000 0.176471
vt 0.375000 0.235294
vt 0.375000 0.294118
vt 0.375000 0.352941
vt 0.375000 0.411765
vt 0.375000 0.470588
vt 0.395833 0.529412
vt 0.395833 0.588235
vt 0.395833 0.647059
vt 0.395833 0.705882
vt 0.395833 0.764706
vt 0.395833 0.823529
vt 0.395833 0.882353
vt 0.395833 0.941176
vt 0.395833 1.000000
vt 0.395833 0.000000
vt 0.395833 0.058824
vt 0.395833 0.117647
vt 0.395833 0.176471
vt 0.395833 0.235294
vt 0.395833 0.294118
vt 0.395833 0.352941
vt 0.395833 0.411765
vt 0.395833 0.470588
vt 0.416667 0.529412
vt 0.416667 0.588235
vt 0.416667 0.647059
vt 0.416667 0.705882
vt 0.416667 0.764706
vt 0.416667 0.823529
vt 0.416667 0.882353
vt 0.416667 0.941176
vt 0.416667 1.000000
vt 0.416667 0.000000
vt 0.416667 0.058824
vt 0.416667 0.117647
vt 0.416667 0.176471
vt 0.416667 0.235294
vt 0.416667 0.294118
vt 0.416667 0.352941
vt 0.416667 0.411765
vt 0.416667 0.470588
vt 0.437500 0.529412
vt 0.437500 0.588235
vt 0.437500 0.647059
vt 0.437500 0.705882
vt 0.437500 0.764706
vt 0.437500 0.823529
vt 0.437500 0.882353
vt 0.437500 0.941176
vt 0.437500 1.000000
vt 0.437500 0.000000
vt 0.437500 0.058824
vt 0.437500 0.117647
vt 0.437500 0.176471
vt 0.437500 0.235294
vt 0.437500 0.294118
vt 0.437500 0.352941
vt 0.437500 0.411765
vt 0.437500 0.470588
vt 0.458333 0.529412
vt 0.458333 0.588235
vt 0.458333 0.647059
vt 0.458333 0.705882
vt 0.458333 0.764706
vt 0.458333 0.823529
vt 0.458333 0.882353
vt 0.458333 0.941176
vt 0.458333 1.000000
vt 0.458333 0.000000
vt 0.458333 0.058824
vt 0.458333 0.117647
vt 0.458333 0.176471
vt 0.458333 0.235294
vt 0.458333 0.294118
vt 0.458333 0.352941
vt 0.458333 0.411765
vt 0.458333 0.470588
vt 0.479167 0.529412
vt 0.479167 0.588235
vt 0.479167 0.647059
vt 0.479167 0.705882
vt 0.479167 0.764706
vt 0.479167 0.823529
vt 0.479167 0.882353
vt 0.479167 0.941176
vt 0.479167 1.000000
vt 0.479167 0.000000
vt 0.479167 0.058824
vt 0.479167 0.117647
vt 0.479167 0.176471
vt 0.479167 0.235294
vt 0.479167 0.294118
vt 0.479167 0.352941
vt 0.479167 0.411765
vt 0.479167 0.470588
s 0
f 1/1/1 18/2/1 19/3/1 2/4/1
f 2/4/2 19/3/2 20/5/2 3/6/2
f 3/6/3 20/5/3 21/7/3 4/8/3
f 4/8/4 21/7/4 22/9/4 5/10/4
f 5/10/5 22/9/5 23/11/5 6/12/5
f 6/12/6 23/11/6 24/13/6 7/14/6
f 7/14/7 24/13/7 25/15/7 8/16/7
f 8/16/8 25/15/8 26/17/8 9/18/8
f 9/19/9 26/20/9 27/21/9 10/22/9
f 10/22/10 27/21/10 28/23/10 11/24/10
f 11/24/11 28/23/11 29/25/11 12/26/11
f 12/26/12 29/25/12 30/27/12 13/28/12
f 13/28/13 30/27/13 31/29/13 14/30/13
f 14/30/14 31/29/14 32/31/14 15/32/14
f 15/32/15 32/31/15 33/33/15 16/34/15
f 16/34/16 33/33/16 34/35/16 17/36/16
f 17/36/17 34/35/17 18/2/17 1/1/17
f 18/2/18 35/37/18 36/38/18 19/3/18
f 19/3/19 36/38/19 37/39/19 20/5/19
f 20/5/20 37/39/20 38/40/20 21/7/20
f 21/7/21 38/40/21 39/41/21 22/9/21
f 22/9/22 39/41/22 40/42/22 23/11/22
f 23/11/23 40/42/23 41/43/23 24/13/23
f 24/13/24 41/43/24 42/44/24 25/15/24
f 25/15/25 42/44/25 43/45/25 26/17/25
f 26/20/26 43/46/26 44/47/26 27/21/26
f 27/21/27 44/47/27 45/48/27 28/23/27
f 28/23/28 45/48/28 46/49/28 29/25/28
f 29/25/29 46/49/29 47/50/29 30/27/29
f 30/27/30 47/50/30 48/51/30 31/29/30
f 31/29/31 48/51/31 49/52/31 32/31/31
f 32/31/32 49/52/32 50/53/32 33/33/32
f 33/33/33 50/53/33 51/54/33 34/35/33
f 34/35/34 51/54/34 35/37/34 18/2/34
f 35/37/35 52/55/35 53/56/35 36/38/35
f 36/38/36 53/56/36 54/57/36 37/39/36
f 37/39/37 54/57/37 55/58/37 38/40/37
f 38/40/38 55/58/38 56/59/38 39/41/38
f 39/41/39 56/59/39 57/60/39 40/42/39
f 40/42/40 57/60/40 58/61/40 41/43/40
f 41/43/41 58/61/41 59/62/41 42/44/41
f 42/44/42 59/62/42 60/63/42 43/45/42
f 43/46/43 60/64/43 61/65/43 44/47/43
f 44/47/44 61/65/44 62/66/44 45/48/44
f 45/48/45 62/66/45 63/67/45 46/49/45
f 46/49/46 63/67/46 64/68/46 47/50/46
f 47/50/47 64/68/47 65/69/47 48/51/47
f 48/51/48 65/69/48 66/70/48 49/52/48
f 49/52/49 66/70/49 67/71/49 50/53/49
f 50/53/50 67/71/50 68/72/50 51/54/50
f 51/54/51 68/72/51 52/55/51 35/37/51
f 52/55/52 69/73/52 70/74/52 53/56/52
f 53/56/53 70/74/53 71/75/53 54/57/53
f 54/57/54 71/75/54 72/76/54 55/58/54
f 55/58/55 72/76/55 73/77/55 56/59/55
f 56/59/56 73/77/56 74/78/56 57/60/56
f 57/60/57 74/78/57 75/79/57 58/61/57
f 58/61/58 75/79/58 76/80/58 59/62/58
f 59/62/59 76/80/59 77/81/59 60/63/59
f 60/64/60 77/82/60 78/83/60 61/65/60
f 61/65/61 78/83/61 79/84/61 62/66/61
f 62/66/62 79/84/62 80/85/62 63/67/62
f 63/67/63 80/85/63 81/86/63 64/68/63
f 64/68/64 81/86/64 82/87/64 65/69/64
f 65/69/65 82/87/65 83/88/65 66/70/65
f 66/70/66 83/88/66 84/89/66 67/71/66
f 67/71/67 84/89/67 85/90/67 68/72/67
f 68/72/68 85/90/68 69/73/68 52/55/68
f 69/73/69 86/91/69 87/92/69 70/74/69
f 70/74/70 87/92/70 88/93/70 71/75/70
f 71/75/71 88/93/71 89/94/71 72/76/71
f 72/76/72 89/94/72 90/95/72 73/77/72
f 73/77/73 90/95/73 91/96/73 74/78/73
f 74/78/74 91/96/74 92/97/74 75/79/74
f 75/79/75 92/97/75 93/98/75 76/80/75
f 76/80/76 93/98/76 94/99/76 77/81/76
f 77/82/77 94/100/77 95/101/77 78/83/77
f 78/83/78 95/101/78 96/102/78 79/84/78
f 79/84/79 96/102/79 97/103/79 80/85/79
f 80/85/80 97/103/80 98/104/80 81/86/80
f 81/86/81 98/104/81 99/105/81 82/87/81
f 82/87/82 99/105/82 100/106/82 83/88/82
f 83/88/83 100/106/83 101/107/83 84/89/83
f 84/89/84 101/107/84 102/108/84 85/90/84
f 85/90/85 102/108/85 86/91/85 69/73/85
f 86/91/86 103/109/86 104/110/86 87/92/86
f 87/92/87 104/110/87 105/111/87 88/93/87
f 88/93/88 105/111/88 106/112/88 89/94/88
f 89/94/89 106/112/89 107/113/89 90/95/89
f 90/95/90 107/113/90 108/114/90 91/96/90
f 91/96/91 108/114/91 109/115/91 92/97/91
f 92/97/92 109/115/92 110/116/92 93/98/92
f 93/98/93 110/116/93 111/117/93 94/99/93
f 94/100/94 111/118/94 112/119/94 95/101/94
f 95/101/95 112/119/95 113/120/95 96/102/95
f 96/102/96 113/120/96 114/121/96 97/103/96
f 97/103/97 114/121/97 115/122/97 98/104/97
f 98/104/98 115/122/98 116/123/98 99/105/98
f 99/105/99 116/123/99 117/124/99 100/106/99
f 100/106/100 117/124/100 118/125/100 101/107/100
f 101/107/101 118/125/101 119/126/101 102/108/101
f 102/108/102 119/126/102 103/109/102 86/91/102
f 103/109/103 120/127/103 121/128/103 104/110/103
f 104/110/104 121/128/104 122/129/104 105/111/104
f 105/111/105 122/129/105 123/130/105 106/112/105
f 106/112/106 123/130/106 124/131/106 107/113/106
f 107/113/107 124/131/107 125/132/107 108/114/107
f 108/114/108 125/132/108 126/133/108 109/115/108
f 109/115/109 126/133/109 127/134/109 110/116/109
f 110/116/110 127/134/110 128/135/110 111/117/110
f 111/118/111 128/136/111 129/137/111 112/119/111
f 112/119/112 129/137/112 130/138/112 113/120/112
f 113/120/113 130/138/113 131/139/113 114/121/113
f 114/121/114 131/139/114 132/140/114 115/122/114
f 115/122/115 132/140/115 133/141/115 116/123/115
f 116/123/116 133/141/116 134/142/116 117/124/116
f 117/124/117 134/142/117 135/143/117 118/125/117
f 118/125/118 135/143/118 136/144/118 119/126/118
f 119/126/119 136/144/119 120/127/119 103/109/119
f 120/127/120 137/145/120 138/146/120 121/128/120
f 121/128/121 138/146/121 139/147/121 122/129/121
f 122/129/122 139/147/122 140/148/122 123/130/122
f 123/130/123 140/148/123 141/149/123 124/131/123
f 124/131/124 141/149/124 142/150/124 125/132/124
f 125/132/125 142/150/125 143/151/125 126/133/125
f 126/133/126 143/151/126 144/152/126 127/134/126
f 127/134/127 144/152/127 145/153/127 128/135/127
f 128/136/128 145/154/128 146/155/128 129/137/128
f 129/137/129 146/155/129 147/156/129 130/138/129
f 130/138/130 147/156/130 148/157/130 131/139/130
f 131/139/131 148/157/131 149/158/131 132/140/131
f 132/140/132 149/158/132 150/159/132 133/141/132
f 133/141/133 150/159/133 151/160/133 134/142/133
f 134/142/134 151/160/134 152/161/134 135/143/134
f 135/143/135 152/161/135 153/162/135 136/144/135
f 136/144/136 153/162/136 137/145/136 120/127/136
f 137/145/137 154/163/137 155/164/137 138/146/137
f 138/146/138 155/164/138 156/165/138 139/147/138
f 139/147/139 156/165/139 157/166/139 140/148/139
f 140/148/140 157/166/140 158/167/140 141/149/140
f 141/149/141 158/167/141 159/168/141 142/150/141
f 142/150/142 159/168/142 160/169/142 143/151/142
f 143/151/143 160/169/143 161/170/143 144/152/143
f 144/152/144 161/170/144 162/171/144 145/153/144
f 145/154/145 162/172/145 163/173/145 146/155/145
f 146/155/146 163/173/146 164/174/146 147/156/146
f 147/156/147 164/174/147 165/175/147 148/157/147
f 148/157/148 165/175/148 166/176/148 149/158/148
f 149/158/149 166/176/149 167/177/149 150/159/149
f 150/159/150 167/177/150 168/178/150 151/160/150
f 151/160/151 168/178/151 169/179/151 152/161/151
f 152/161/152 169/179/152 170/180/152 153/162/152
f 153/162/153 170/180/153 154/163/153 137/145/153
f 154/163/154 171/181/154 172/182/154 155/164/154
f 155/164/155 172/182/155 173/183/155 156/165/155
f 156/165/156 173/183/156 174/184/156 157/166/156
f 157/166/157 174/184/157 175/185/157 158/167/157
f 158/167/158 175/185/158 176/186/158 159/168/158
f 159/168/159 176/186/159 177/187/159 160/169/159
f 160/169/160 177/187/160 178/188/160 161/170/160
f 161/170/161 178/188/161 179/189/161 162/171/161
f 162/172/162 179/190/162 180/191/162 163/173/162
f 163/173/163 180/191/163 181/192/163 164/174/163
f 164/174/164 181/192/164 182/193/164 165/175/164
f 165/175/165 182/193/165 183/194/165 166/176/165
f 166/176/166 183/194/166 184/195/166 167/177/166
f 167/177/167 184/195/167 185/196/167 168/178/167
f 168/178/168 185/196/168 186/197/168 169/179/168
f 169/179/169 186/197/169 187/198/169 170/180/169
f 170/180/170 187/198/170 171/181/170 154/163/170
f 171/181/171 188/199/171 189/200/171 172/182/171
f 172/182/172 189/200/172 190/201/172 173/183/172
f 173/183/173 190/201/173 191/202/173 174/184/173
f 174/184/174 191/202/174 192/203/174 175/185/174
f 175/185/175 192/203/175 193/204/175 176/186/175
f 176/186/176 193/204/176 194/205/176 177/187/176
f 177/187/177 194/205/177 195/206/177 178/188/177
f 178/188/178 195/206/178 196/207/178 179/189/178
f 179/190/179 196/208/179 197/209/179 180/191/179
f 180/191/180 197/209/180 198/210/180 181/192/180
f 181/192/181 198/210/181 199/211/181 182/193/181
f 182/193/182 199/211/182 200/212/182 183/194/182
f 183/194/183 200/212/183 201/213/183 184/195/183
f 184/195/184 201/213/184 202/214/184 185/196/184
f 185/196/185 202/214/185 203/215/185 186/197/185
f 186/197/186 203/215/186 204/216/186 187/198/186
f 187/198/187 204/216/187 188/199/187 171/181/187
f 188/199/188 205/217/188 206/218/188 189/200/188
f 189/200/189 206/218/189 207/219/189 190/201/189
f 190/201/190 207/219/190 208/220/190 191/202/190
f 191/202/191 208/220/191 209/221/191 192/203/191
f 192/203/192 209/221/192 210/222/192 193/204/192
f 193/204/193 210/222/193 211/223/193 194/205/193
f 194/205/194 211/223/194 212/224/194 195/206/194
f 195/206/195 212/224/195 213/225/195 196/207/195
f 196/208/196 213/226/196 214/227/196 197/209/196
f 197/209/197 214/227/197 215/228/197 198/210/197
f 198/210/198 215/228/198 216/229/198 199/211/198
f 199/211/199 216/229/199 217/230/199 200/212/199
f 200/212/200 217/230/200 218/231/200 201/213/200
f 201/213/201 218/231/201 219/232/201 202/214/201
f 202/214/202 219/232/202 220/233/202 203/215/202
f 203/215/203 220/233/203 221/234/203 204/216/203
f 204/216/204 221/234/204 205/217/204 188/199/204
f 205/217/205 222/235/205 223/236/205 206/218/205
f 206/218/206 223/236/206 224/237/206 207/219/206
f 207/219/207 224/237/207 225/238/207 208/220/207
f 208/220/208 225/238/208 226/239/208 209/221/208
f 209/221/209 226/239/209 227/240/209 210/222/209
f 210/222/210 227/240/210 228/241/210 211/223/210
f 211/223/211 228/241/211 229/242/211 212/224/211
f 212/224/212 229/242/212 230/243/212 213/225/212
f 213/226/213 230/244/213 231/245/213 214/227/213
f 214/227/214 231/245/214 232/246/214 215/228/214
f 215/228/215 232/246/215 233/247/215 216/229/215
f 216/229/216 233/247/216 234/248/216 217/230/216
f 217/230/217 234/248/217 235/249/217 218/231/217
f 218/231/218 235/249/218 236/250/218 219/232/218
f 219/232/219 236/250/219 237/251/219 220/233/219
f 220/233/220 237/251/220 238/252/220 221/234/220
f 221/234/221 238/252/221 222/235/221 205/217/221
f 222/235/222 239/253/222 240/254/222 223/236/222
f 223/236/223 240/254/223 241/255/223 224/237/223
f 224/237/224 241/255/224 242/256/224 225/238/224
f 225/238/225 242/256/225 243/257/225 226/239/225
f 226/239/226 243/257/226 244/258/226 227/240/226
f 227/240/227 244/258/227 245/259/227 228/241/227
f 228/241/228 245/259/228 246/260/228 229/242/228
f 229/242/229 246/260/229 247/261/229 230/243/229
f 230/244/230 247/262/230 248/263/230 231/245/230
f 231/245/231 248/263/231 249/264/231 232/246/231
f 232/246/232 249/264/232 250/265/232 233/247/232
f 233/247/233 250/265/233 251/266/233 234/248/233
f 234/248/234 251/266/234 252/267/234 235/249/234
f 235/249/235 252/267/235 253/268/235 236/250/235
f 236/250/236 253/268/236 254/269/236 237/251/236
f 237/251/237 254/269/237 255/270/237 238/252/237
f 238/252/238 255/270/238 239/253/238 222/235/238
f 239/253/239 256/271/239 257/272/239 240/254/239
f 240/254/240 257/272/240 258/273/240 241/255/240
f 241/255/241 258/273/241 259/274/241 242/256/241
f 242/256/242 259/274/242 260/275/242 243/257/242
f 243/257/243 260/275/243 261/276/243 244/258/243
f 244/258/244 261/276/244 262/277/244 245/259/244
f 245/259/245 262/277/245 263/278/245 246/260/245
f 246/260/246 263/278/246 264/279/246 247/261/246
f 247/262/247 264/280/247 265/281/247 248/263/247
f 248/263/248 265/281/248 266/282/248 249/264/248
f 249/264/249 266/282/249 267/283/249 250/265/249
f 250/265/250 267/283/250 268/284/250 251/266/250
f 251/266/251 268/284/251 269/285/251 252/267/251
f 252/267/252 269/285/252 270/286/252 253/268/252
f 253/268/253 270/286/253 271/287/253 254/269/253
f 254/269/254 271/287/254 272/288/254 255/270/254
f 255/270/255 272/288/255 256/271/255 239/253/255
f 256/271/256 273/289/256 274/290/256 257/272/256
f 257/272/257 274/290/257 275/291/257 258/273/257
f 258/273/258 275/291/258 276/292/258 259/274/258
f 259/274/259 276/292/259 277/293/259 260/275/259
f 260/275/260 277/293/260 278/294/260 261/276/260
f 261/276/261 278/294/261 279/295/261 262/277/261
f 262/277/262 279/295/262 280/296/262 263/278/262
f 263/278/263 280/296/263 281/297/263 264/279/263
f 264/280/264 281/298/264 282/299/264 265/281/264
f 265/281/265 282/299/265 283/300/265 266/282/265
f 266/282/266 283/300/266 284/301/266 267/283/266
f 267/283/267 284/301/267 285/302/267 268/284/267
f 268/284/268 285/302/268 286/303/268 269/285/268
f 269/285/269 286/303/269 287/304/269 270/286/269
f 270/286/270 287/304/270 288/305/270 271/287/270
f 271/287/271 288/305/271 289/306/271 272/288/271
f 272/288/272 289/306/272 273/289/272 256/271/272
f 273/289/273 290/307/273 291/308/273 274/290/273
f 274/290/274 291/308/274 292/309/274 275/291/274
f 275/291/275 292/309/275 293/310/275 276/292/275
f 276/292/276 293/310/276 294/311/276 277/293/276
f 277/293/277 294/311/277 295/312/277 278/294/277
f 278/294/278 295/312/278 296/313/278 279/295/278
f 279/295/279 296/313/279 297/314/279 280/296/279
f 280/296/280 297/314/280 298/315/280 281/297/280
f 281/298/281 298/316/281 299/317/281 282/299/281
f 282/299/282 299/317/282 300/318/282 283/300/282
f 283/300/283 300/318/283 301/319/283 284/301/283
f 284/301/284 301/319/284 302/320/284 285/302/284
f 285/302/285 302/320/285 303/321/285 286/303/285
f 286/303/286 303/321/286 304/322/286 287/304/286
f 287/304/287 304/322/287 305/323/287 288/305/287
f 288/305/288 305/323/288 306/324/288 289/306/288
f 289/306/289 306/324/289 290/307/289 273/289/289
f 290/307/290 307/325/290 308/326/290 291/308/290
f 291/308/291 308/326/291 309/327/291 292/309/291
f 292/309/292 309/327/292 310/328/292 293/310/292
f 293/310/293 310/328/293 311/329/293 294/311/293
f 294/311/294 311/329/294 312/330/294 295/312/294
f 295/312/295 312/330/295 313/331/295 296/313/295
f 296/313/296 313/331/296 314/332/296 297/314/296
f 297/314/297 314/332/297 315/333/297 298/315/297
f 298/316/298 315/334/298 316/335/298 299/317/298
f 299/317/299 316/335/299 317/336/299 300/318/299
f 300/318/300 317/336/300 318/337/300 301/319/300
f 301/319/301 318/337/301 319/338/301 302/320/301
f 302/320/302 319/338/302 320/339/302 303/321/302
f 303/321/303 320/339/303 321/340/303 304/322/303
f 304/322/304 321/340/304 322/341/304 305/323/304
f 305/323/305 322/341/305 323/342/305 306/324/305
f 306/324/306 323/342/306 307/325/306 290/307/306
f 307/325/307 324/343/307 325/344/307 308/326/307
f 308/326/308 325/344/308 326/345/308 309/327/308
f 309/327/309 326/345/309 327/346/309 310/328/309
f 310/328/310 327/346/310 328/347/310 311/329/310
f 311/329/311 328/347/311 329/348/311 312/330/311
f 312/330/312 329/348/312 330/349/312 313/331/312
f 313/331/313 330/349/313 331/350/313 314/332/313
f 314/332/314 331/350/314 332/351/314 315/333/314
f 315/334/315 332/352/315 333/353/315 316/335/315
f 316/335/316 333/353/316 334/354/316 317/336/316
f 317/336/317 334/354/317 335/355/317 318/337/317
f 318/337/318 335/355/318 336/356/318 319/338/318
f 319/338/319 336/356/319 337/357/319 320/339/319
f 320/339/320 337/357/320 338/358/320 321/340/320
f 321/340/321 338/358/321 339/359/321 322/341/321
f 322/341/322 339/359/322 340/360/322 323/342/322
f 323/342/323 340/360/323 324/343/323 307/325/323
f 324/343/324 341/361/324 342/362/324 325/344/324
f 325/344/325 342/362/325 343/363/325 326/345/325
f 326/345/326 343/363/326 344/364/326 327/346/326
f 327/346/327 344/364/327 345/365/327 328/347/327
f 328/347/328 345/365/328 346/366/328 329/348/328
f 329/348/329 346/366/329 347/367/329 330/349/329
f 330/349/330 347/367/330 348/368/330 331/350/330
f 331/350/331 348/368/331 349/369/331 332/351/331
f 332/352/332 349/370/332 350/371/332 333/353/332
f 333/353/333 350/371/333 351/372/333 334/354/333
f 334/354/334 351/372/334 352/373/334 335/355/334
f 335/355/335 352/373/335 353/374/335 336/356/335
f 336/356/336 353/374/336 354/375/336 337/357/336
f 337/357/337 354/375/337 355/376/337 338/358/337
f 338/358/338 355/376/338 356/377/338 339/359/338
f 339/359/339 356/377/339 357/378/339 340/360/339
f 340/360/340 357/378/340 341/361/340 324/343/340
f 341/361/341 358/379/341 359/380/341 342/362/341
f 342/362/342 359/380/342 360/381/342 343/363/342
f 343/363/343 360/381/343 361/382/343 344/364/343
f 344/364/344 361/382/344 362/383/344 345/365/344
f 345/365/345 362/383/345 363/384/345 346/366/345
f 346/366/346 363/384/346 364/385/346 347/367/346
f 347/367/347 364/385/347 365/386/347 348/368/347
f 348/368/348 365/386/348 366/387/348 349/369/348
f 349/370/349 366/388/349 367/389/349 350/371/349
f 350/371/350 367/389/350 368/390/350 351/372/350
f 351/372/351 368/390/351 369/391/351 352/373/351
f 352/373/352 369/391/352 370/392/352 353/374/352
f 353/374/353 370/392/353 371/393/353 354/375/353
f 354/375/354 371/393/354 372/394/354 355/376/354
f 355/376/355 372/394/355 373/395/355 356/377/355
f 356/377/356 373/395/356 374/396/356 357/378/356
f 357/378/357 374/396/357 358/379/357 341/361/357
f 358/379/358 375/397/358 376/398/358 359/380/358
f 359/380/359 376/398/359 377/399/359 360/381/359
f 360/381/360 377/399/360 378/400/360 361/382/360
f 361/382/361 378/400/361 379/401/361 362/383/361
f 362/383/362 379/401/362 380/402/362 363/384/362
f 363/384/363 380/402/363 381/403/363 364/385/363
f 364/385/364 381/403/364 382/404/364 365/386/364
f 365/386/365 382/404/365 383/405/365 366/387/365
f 366/388/366 383/406/366 384/407/366 367/389/366
f 367/389/367 384/407/367 385/408/367 368/390/367
f 368/390/368 385/408/368 386/409/368 369/391/368
f 369/391/369 386/409/369 387/410/369 370/392/369
f 370/392/370 387/410/370 388/411/370 371/393/370
f 371/393/371 388/411/371 389/412/371 372/394/371
f 372/394/372 389/412/372 390/413/372 373/395/372
f 373/395/373 390/413/373 391/414/373 374/396/373
f 374/396/374 391/414/374 375/397/374 358/379/374
f 375/397/375 392/415/375 393/416/375 376/398/375
f 376/398/376 393/416/376 394/417/376 377/399/376
f 377/399/377 394/417/377 395/418/377 378/400/377
f 378/400/378 395/418/378 396/419/378 379/401/378
f 379/401/379 396/419/379 397/420/379 380/402/379
f 380/402/380 397/420/380 398/421/380 381/403/380
f 381/403/381 398/421/381 399/422/381 382/404/381
f 382/404/382 399/422/382 400/423/382 383/405/382
f 383/406/383 400/424/383 401/425/383 384/407/383
f 384/407/384 401/425/384 402/426/384 385/408/384
f 385/408/385 402/426/385 403/427/385 386/409/385
f 386/409/386 403/427/386 404/428/386 387/410/386
f 387/410/387 404/428/387 405/429/387 388/411/387
f 388/411/388 405/429/388 406/430/388 389/412/388
f 389/412/389 406/430/389 407/431/389 390/413/389
f 390/413/390 407/431/390 408/432/390 391/414/390
f 391/414/391 408/432/391 392/415/391 375/397/391
f 392/415/392 409/433/392 410/434/392 393/416/392
f 393/416/393 410/434/393 411/435/393 394/417/393
f 394/417/394 411/435/394 412/436/394 395/418/394
f 395/418/395 412/436/395 413/437/395 396/419/395
f 396/419/396 413/437/396 414/438/396 397/420/396
f 397/420/397 414/438/397 415/439/397 398/421/397
f 398/421/398 415/439/398 416/440/398 399/422/398
f 399/422/399 416/440/399 417/441/399 400/423/399
f 400/424/400 417/442/400 418/443/400 401/425/400
f 401/425/401 418/443/401 419/444/401 402/426/401
f 402/426/402 419/444/402 420/445/402 403/427/402
f 403/427/403 420/445/403 421/446/403 404/428/403
f 404/428/404 421/446/404 422/447/404 405/429/404
f 405/429/405 422/447/405 423/448/405 406/430/405
f 406/430/406 423/448/406 424/449/406 407/431/406
f 407/431/407 424/449/407 425/450/407 408/432/407
f 408/432/408 425/450/408 409/433/408 392/415/408
f 409/451/409 426/452/409 427/453/409 410/454/409
f 410/454/410 427/453/410 428/455/410 411/456/410
f 411/456/411 428/455/411 429/457/411 412/458/411
f 412/458/412 429/457/412 430/459/412 413/460/412
f 413/460/413 430/459/413 431/461/413 414/462/413
f 414/462/414 431/461/414 432/463/414 415/464/414
f 415/464/415 432/463/415 433/465/415 416/466/415
f 416/466/416 433/465/416 434/467/416 417/468/416
f 417/469/417 434/470/417 435/471/417 418/472/417
f 418/472/418 435/471/418 436/473/418 419/474/418
f 419/474/419 436/473/419 437/475/419 420/476/419
f 420/476/420 437/475/420 438/477/420 421/478/420
f 421/478/421 438/477/421 439/479/421 422/480/421
f 422/480/422 439/479/422 440/481/422 423/482/422
f 423/482/423 440/481/423 441/483/423 424/484/423
f 424/484/424 441/483/424 442/485/424 425/486/424
f 425/486/425 442/485/425 426/452/425 409/451/425
f 426/452/426 443/487/426 444/488/426 427/453/426
f 427/453/427 444/488/427 445/489/427 428/455/427
f 428/455/428 445/489/428 446/490/428 429/457/428
f 429/457/429 446/490/429 447/491/429 430/459/429
f 430/459/430 447/491/430 448/492/430 431/461/430
f 431/461/431 448/492/431 449/493/431 432/463/431
f 432/463/432 449/493/432 450/494/432 433/465/432
f 433/465/433 450/494/433 451/495/433 434/467/433
f 434/470/434 451/496/434 452/497/434 435/471/434
f 435/471/435 452/497/435 453/498/435 436/473/435
f 436/473/436 453/498/436 454/499/436 437/475/436
f 437/475/437 454/499/437 455/500/437 438/477/437
f 438/477/438 455/500/438 456/501/438 439/479/438
f 439/479/439 456/501/439 457/502/439 440/481/439
f 440/481/440 457/502/440 458/503/440 441/483/440
f 441/483/441 458/503/441 459/504/441 442/485/441
f 442/485/442 459/504/442 443/487/442 426/452/442
f 443/487/443 460/505/443 461/506/443 444/488/443
f 444/488/444 461/506/444 462/507/444 445/489/444
f 445/489/445 462/507/445 463/508/445 446/490/445
f 446/490/446 463/508/446 464/509/446 447/491/446
f 447/491/447 464/509/447 465/510/447 448/492/447
f 448/492/448 465/510/448 466/511/448 449/493/448
f 449/493/449 466/511/449 467/512/449 450/494/449
f 450/494/450 467/512/450 468/513/450 451/495/450
f 451/496/451 468/514/451 469/515/451 452/497/451
f 452/497/452 469/515/452 470/516/452 453/498/452
f 453/498/453 470/516/453 471/517/453 454/499/453
f 454/499/454 471/517/454 472/518/454 455/500/454
f 455/500/455 472/518/455 473/519/455 456/501/455
f 456/501/456 473/519/456 474/520/456 457/502/456
f 457/502/457 474/520/457 475/521/457 458/503/457
f 458/503/458 475/521/458 476/522/458 459/504/458
f 459/504/459 476/522/459 460/505/459 443/487/459
f 460/505/460 477/523/460 478/524/460 461/506/460
f 461/506/461 478/524/461 479/525/461 462/507/461
f 462/507/462 479/525/462 480/526/462 463/508/462
f 463/508/463 480/526/463 481/527/463 464/509/463
f 464/509/464 481/527/464 482/528/464 465/510/464
f 465/510/465 482/528/465 483/529/465 466/511/465
f 466/511/466 483/529/466 484/530/466 467/512/466
f 467/512/467 484/530/467 485/531/467 468/513/467
f 468/514/468 485/532/468 486/533/468 469/515/468
f 469/515/469 486/533/469 487/534/469 470/516/469
f 470/516/470 487/534/470 488/535/470 471/517/470
f 471/517/471 488/535/471 489/536/471 472/518/471
f 472/518/472 489/536/472 490/537/472 473/519/472
f 473/519/473 490/537/473 491/538/473 474/520/473
f 474/520/474 491/538/474 492/539/474 475/521/474
f 475/521/475 492/539/475 493/540/475 476/522/475
f 476/522/476 493/540/476 477/523/476 460/505/476
f 477/523/477 494/541/477 495/542/477 478/524/477
f 478/524/478 495/542/478 496/543/478 479/525/478
f 479/525/479 496/543/479 497/544/479 480/526/479
f 480/526/480 497/544/480 498/545/480 481/527/480
f 481/527/481 498/545/481 499/546/481 482/528/481
f 482/528/482 499/546/482 500/547/482 483/529/482
f 483/529/483 500/547/483 501/548/483 484/530/483
f 484/530/484 501/548/484 502/549/484 485/531/484
f 485/532/485 502/550/485 503/551/485 486/533/485
f 486/533/486 503/551/486 504/552/486 487/534/486
f 487/534/487 504/552/487 505/553/487 488/535/487
f 488/535/488 505/553/488 506/554/488 489/536/488
f 489/536/489 506/554/489 507/555/489 490/537/489
f 490/537/490 507/555/490 508/556/490 491/538/490
f 491/538/491 508/556/491 509/557/491 492/539/491
f 492/539/492 509/557/492 510/558/492 493/540/492
f 493/540/493 510/558/493 494/541/493 477/523/493
f 494/541/494 511/559/494 512/560/494 495/542/494
f 495/542/495 512/560/495 513/561/495 496/543/495
f 496/543/496 513/561/496 514/562/496 497/544/496
f 497/544/497 514/562/497 515/563/497 498/545/497
f 498/545/498 515/563/498 516/564/498 499/546/498
f 499/546/499 516/564/499 517/565/499 500/547/499
f 500/547/500 517/565/500 518/566/500 501/548/500
f 501/548/501 518/566/501 519/567/501 502/549/501
f 502/550/502 519/568/502 520/569/502 503/551/502
f 503/551/503 520/569/503 521/570/503 504/552/503
f 504/552/504 521/570/504 522/571/504 505/553/504
f 505/553/505 522/571/505 523/572/505 506/554/505
f 506/554/506 523/572/506 524/573/506 507/555/506
f 507/555/507 524/573/507 525/574/507 508/556/507
f 508/556/508 525/574/508 526/575/508 509/557/508
f 509/557/509 526/575/509 527/576/509 510/558/509
f 510/558/510 527/576/510 511/559/510 494/541/510
f 511/559/511 528/577/511 529/578/511 512/560/511
f 512/560/512 529/578/512 530/579/512 513/561/512
f 513/561/513 530/579/513 531/580/513 514/562/513
f 514/562/514 531/580/514 532/581/514 515/563/514
f 515/563/515 532/581/515 533/582/515 516/564/515
f 516/564/516 533/582/516 534/583/516 517/565/516
f 517/565/517 534/583/517 535/584/517 518/566/517
f 518/566/518 535/584/518 536/585/518 519/567/518
f 519/568/519 536/586/519 537/587/519 520/569/519
f 520/569/520 537/587/520 538/588/520 521/570/520
f 521/570/521 538/588/521 539/589/521 522/571/521
f 522/571/522 539/589/522 540/590/522 523/572/522
f 523/572/523 540/590/523 541/591/523 524/573/523
f 524/573/524 541/591/524 542/592/524 525/574/524
f 525/574/525 542/592/525 543/593/525 526/575/525
f 526/575/526 543/593/526 544/594/526 527/576/526
f 527/576/527 544/594/527 528/577/527 511/559/527
f 528/577/528 545/595/528 546/596/528 529/578/528
f 529/578/529 546/596/529 547/597/529 530/579/529
f 530/579/530 547/597/530 548/598/530 531/580/530
f 531/580/531 548/598/531 549/599/531 532/581/531
f 532/581/532 549/599/532 550/600/532 533/582/532
f 533/582/533 550/600/533 551/601/533 534/583/533
f 534/583/534 551/601/534 552/602/534 535/584/534
f 535/584/535 552/602/535 553/603/535 536/585/535
f 536/586/536 553/604/536 554/605/536 537/587/536
f 537/587/537 554/605/537 555/606/537 538/588/537
f 538/588/538 555/606/538 556/607/538 539/589/538
f 539/589/539 556/607/539 557/608/539 540/590/539
f 540/590/540 557/608/540 558/609/540 541/591/540
f 541/591/541 558/609/541 559/610/541 542/592/541
f 542/592/542 559/610/542 560/611/542 543/593/542
f 543/593/543 560/611/543 561/612/543 544/594/543
f 544/594/544 561/612/544 545/595/544 528/577/544
f 545/595/545 562/613/545 563/614/545 546/596/545
f 546/596/546 563/614/546 564/615/546 547/597/546
f 547/597/547 564/615/547 565/616/547 548/598/547
f 548/598/548 565/616/548 566/617/548 549/599/548
f 549/599/549 566/617/549 567/618/549 550/600/549
f 550/600/550 567/618/550 568/619/550 551/601/550
f 551/601/551 568/619/551 569/620/551 552/602/551
f 552/602/552 569/620/552 570/621/552 553/603/552
f 553/604/553 570/622/553 571/623/553 554/605/553
f 554/605/554 571/623/554 572/624/554 555/606/554
f 555/606/555 572/624/555 573/625/555 556/607/555
f 556/607/556 573/625/556 574/626/556 557/608/556
f 557/608/557 574/626/557 575/627/557 558/609/557
f 558/609/558 575/627/558 576/628/558 559/610/558
f 559/610/559 576/628/559 577/629/559 560/611/559
f 560/611/560 577/629/560 578/630/560 561/612/560
f 561/612/561 578/630/561 562/613/561 545/595/561
f 562/613/562 579/631/562 580/632/562 563/614/562
f 563/614/563 580/632/563 581/633/563 564/615/563
f 564/615/564 581/633/564 582/634/564 565/616/564
f 565/616/565 582/634/565 583/635/565 566/617/565
f 566/617/566 583/635/566 584/636/566 567/618/566
f 567/618/567 584/636/567 585/637/567 568/619/567
f 568/619/568 585/637/568 586/638/568 569/620/568
f 569/620/569 586/638/569 587/639/569 570/621/569
f 570/622/570 587/640/570 588/641/570 571/623/570
f 571/623/571 588/641/571 589/642/571 572/624/571
f 572/624/572 589/642/572 590/643/572 573/625/572
f 573/625/573 590/643/573 591/644/573 574/626/573
f 574/626/574 591/644/574 592/645/574 575/627/574
f 575/627/575 592/645/575 593/646/575 576/628/575
f 576/628/576 593/646/576 594/647/576 577/629/576
f 577/629/577 594/647/577 595/648/577 578/630/577
f 578/630/578 595/648/578 579/631/578 562/613/578
f 579/631/579 596/649/579 597/650/579 580/632/579
f 580/632/580 597/650/580 598/651/580 581/633/580
f 581/633/581 598/651/581 599/652/581 582/634/581
f 582/634/582 599/652/582 600/653/582 583/635/582
f 583/635/583 600/653/583 601/654/583 584/636/583
f 584/636/584 601/654/584 602/655/584 585/637/584
f 585/637/585 602/655/585 603/656/585 586/638/585
f 586/638/586 603/656/586 604/657/586 587/639/586
f 587/640/587 604/658/587 605/659/587 588/641/587
f 588/641/588 605/659/588 606/660/588 589/642/588
f 589/642/589 606/660/589 607/661/589 590/643/589
f 590/643/590 607/661/590 608/662/590 591/644/590
f 591/644/591 608/662/591 609/663/591 592/645/591
f 592/645/592 609/663/592 610/664/592 593/646/592
f 593/646/593 610/664/593 611/665/593 594/647/593
f 594/647/594 611/665/594 612/666/594 595/648/594
f 595/648/595 612/666/595 596/649/595 579/631/595
f 596/649/596 613/667/596 614/668/596 597/650/596
f 597/650/597 614/668/597 615/669/597 598/651/597
f 598/651/598 615/669/598 616/670/598 599/652/598
f 599/652/599 616/670/599 617/671/599 600/653/599
f 600/653/600 617/671/600 618/672/600 601/654/600
f 601/654/601 618/672/601 619/673/601 602/655/601
f 602/655/602 619/673/602 620/674/602 603/656/602
f 603/656/603 620/674/603 621/675/603 604/657/603
f 604/658/604 621/676/604 622/677/604 605/659/604
f 605/659/605 622/677/605 623/678/605 606/660/605
f 606/660/606 623/678/606 624/679/606 607/661/606
f 607/661/607 624/679/607 625/680/607 608/662/607
f 608/662/608 625/680/608 626/681/608 609/663/608
f 609/663/609 626/681/609 627/682/609 610/664/609
f 610/664/610 627/682/610 628/683/610 611/665/610
f 611/665/611 628/683/611 629/684/611 612/666/611
f 612/666/612 629/684/612 613/667/612 596/649/612
f 613/667/613 630/685/613 631/686/613 614/668/613
f 614/668/614 631/686/614 632/687/614 615/669/614
f 615/669/615 632/687/615 633/688/615 616/670/615
f 616/670/616 633/688/616 634/689/616 617/671/616
f 617/671/617 634/689/617 635/690/617 618/672/617
f 618/672/618 635/690/618 636/691/618 619/673/618
f 619/673/619 636/691/619 637/692/619 620/674/619
f 620/674/620 637/692/620 638/693/620 621/675/620
f 621/676/621 638/694/621 639/695/621 622/677/621
f 622/677/622 639/695/622 640/696/622 623/678/622
f 623/678/623 640/696/623 641/697/623 624/679/623
f 624/679/624 641/697/624 642/698/624 625/680/624
f 625/680/625 642/698/625 643/699/625 626/681/625
f 626/681/626 643/699/626 644/700/626 627/682/626
f 627/682/627 644/700/627 645/701/627 628/683/627
f 628/683/628 645/701/628 646/702/628 629/684/628
f 629/684/629 646/702/629 630/685/629 613/667/629
f 630/685/630 647/703/630 648/704/630 631/686/630
f 631/686/631 648/704/631 649/705/631 632/687/631
f 632/687/632 649/705/632 650/706/632 633/688/632
f 633/688/633 650/706/633 651/707/633 634/689/633
f 634/689/634 651/707/634 652/708/634 635/690/634
f 635/690/635 652/708/635 653/709/635 636/691/635
f 636/691/636 653/709/636 654/710/636 637/692/636
f 637/692/637 654/710/637 655/711/637 638/693/637
f 638/694/638 655/712/638 656/713/638 639/695/638
f 639/695/639 656/713/639 657/714/639 640/696/639
f 640/696/640 657/714/640 658/715/640 641/697/640
f 641/697/641 658/715/641 659/716/641 642/698/641
f 642/698/642 659/716/642 660/717/642 643/699/642
f 643/699/643 660/717/643 661/718/643 644/700/643
f 644/700/644 661/718/644 662/719/644 645/701/644
f 645/701/645 662/719/645 663/720/645 646/702/645
f 646/702/646 663/720/646 647/703/646 630/685/646
f 647/703/647 664/721/647 665/722/647 648/704/647
f 648/704/648 665/722/648 666/723/648 649/705/648
f 649/705/649 666/723/649 667/724/649 650/706/649
f 650/706/650 667/724/650 668/725/650 651/707/650
f 651/707/651 668/725/651 669/726/651 652/708/651
f 652/708/652 669/726/652 670/727/652 653/709/652
f 653/709/653 670/727/653 671/728/653 654/710/653
f 654/710/654 671/728/654 672/729/654 655/711/654
f 655/712/655 672/730/655 673/731/655 656/713/655
f 656/713/656 673/731/656 674/732/656 657/714/656
f 657/714/657 674/732/657 675/733/657 658/715/657
f 658/715/658 675/733/658 676/734/658 659/716/658
f 659/716/659 676/734/659 677/735/659 660/717/659
f 660/717/660 677/735/660 678/736/660 661/718/660
f 661/718/661 678/736/661 679/737/661 662/719/661
f 662/719/662 679/737/662 680/738/662 663/720/662
f 663/720/663 680/738/663 664/721/663 647/703/663
f 664/721/664 681/739/664 682/740/664 665/722/664
f 665/722/665 682/740/665 683/741/665 666/723/665
f 666/723/666 683/741/666 684/742/666 667/724/666
f 667/724/667 684/742/667 685/743/667 668/725/667
f 668/725/668 685/743/668 686/744/668 669/726/668
f 669/726/669 686/744/669 687/745/669 670/727/669
f 670/727/670 687/745/670 688/746/670 671/728/670
f 671/728/671 688/746/671 689/747/671 672/729/671
f 672/730/672 689/748/672 690/749/672 673/731/672
f 673/731/673 690/749/673 691/750/673 674/732/673
f 674/732/674 691/750/674 692/751/674 675/733/674
f 675/733/675 692/751/675 693/752/675 676/734/675
f 676/734/676 693/752/676 694/753/676 677/735/676
f 677/735/677 694/753/677 695/754/677 678/736/677
f 678/736/678 695/754/678 696/755/678 679/737/678
f 679/737/679 696/755/679 697/756/679 680/738/679
f 680/738/680 697/756/680 681/739/680 664/721/680
f 681/739/681 698/757/681 699/758/681 682/740/681
f 682/740/682 699/758/682 700/759/682 683/741/682
f 683/741/683 700/759/683 701/760/683 684/742/683
f 684/742/684 701/760/684 702/761/684 685/743/684
f 685/743/685 702/761/685 703/762/685 686/744/685
f 686/744/686 703/762/686 704/763/686 687/745/686
f 687/745/687 704/763/687 705/764/687 688/746/687
f 688/746/688 705/764/688 706/765/688 689/747/688
f 689/748/689 706/766/689 707/767/689 690/749/689
f 690/749/690 707/767/690 708/768/690 691/750/690
f 691/750/691 708/768/691 709/769/691 692/751/691
f 692/751/692 709/769/692 710/770/692 693/752/692
f 693/752/693 710/770/693 711/771/693 694/753/693
f 694/753/694 711/771/694 712/772/694 695/754/694
f 695/754/695 712/772/695 713/773/695 696/755/695
f 696/755/696 713/773/696 714/774/696 697/756/696
f 697/756/697 714/774/697 698/757/697 681/739/697
f 698/757/698 715/775/698 716/776/698 699/758/698
f 699/758/699 716/776/699 717/777/699 700/759/699
f 700/759/700 717/777/700 718/778/700 701/760/700
f 701/760/701 718/778/701 719/779/701 702/761/701
f 702/761/702 719/779/702 720/780/702 703/762/702
f 703/762/703 720/780/703 721/781/703 704/763/703
f 704/763/704 721/781/704 722/782/704 705/764/704
f 705/764/705 722/782/705 723/783/705 706/765/705
f 706/766/706 723/784/706 724/785/706 707/767/706
f 707/767/707 724/785/707 725/786/707 708/768/707
f 708/768/708 725/786/708 726/787/708 709/769/708
f 709/769/709 726/787/709 727/788/709 710/770/709
f 710/770/710 727/788/710 728/789/710 711/771/710
f 711/771/711 728/789/711 729/790/711 712/772/711
f 712/772/712 729/790/712 730/791/712 713/773/712
f 713/773/713 730/791/713 731/792/713 714/774/713
f 714/774/714 731/792/714 715/775/714 698/757/714
f 715/775/715 732/793/715 733/794/715 716/776/715
f 716/776/716 733/794/716 734/795/716 717/777/716
f 717/777/717 734/795/717 735/796/717 718/778/717
f 718/778/718 735/796/718 736/797/718 719/779/718
f 719/779/719 736/797/719 737/798/719 720/780/719
f 720/780/720 737/798/720 738/799/720 721/781/720
f 721/781/721 738/799/721 739/800/721 722/782/721
f 722/782/722 739/800/722 740/801/722 723/783/722
f 723/784/723 740/802/723 741/803/723 724/785/723
f 724/785/724 741/803/724 742/804/724 725/786/724
f 725/786/725 742/804/725 743/805/725 726/787/725
f 726/787/726 743/805/726 744/806/726 727/788/726
f 727/788/727 744/806/727 745/807/727 728/789/727
f 728/789/728 745/807/728 746/808/728 729/790/728
f 729/790/729 746/808/729 747/809/729 730/791/729
f 730/791/730 747/809/730 748/810/730 731/792/730
f 731/792/731 748/810/731 732/793/731 715/775/731
f 732/793/732 749/811/732 750/812/732 733/794/732
f 733/794/733 750/812/733 751/813/733 734/795/733
f 734/795/734 751/813/734 752/814/734 735/796/734
f 735/796/735 752/814/735 753/815/735 736/797/735
f 736/797/736 753/815/736 754/816/736 737/798/736
f 737/798/737 754/816/737 755/817/737 738/799/737
f 738/799/738 755/817/738 756/818/738 739/800/738
f 739/800/739 756/818/739 757/819/739 740/801/739
f 740/802/740 757/820/740 758/821/740 741/803/740
f 741/803/741 758/821/741 759/822/741 742/804/741
f 742/804/742 759/822/742 760/823/742 743/805/742
f 743/805/743 760/823/743 761/824/743 744/806/743
f 744/806/744 761/824/744 762/825/744 745/807/744
f 745/807/745 762/825/745 763/826/745 746/808/745
f 746/808/746 763/826/746 764/827/746 747/809/746
f 747/809/747 764/827/747 765/828/747 748/810/747
f 748/810/748 765/828/748 749/811/748 732/793/748
f 749/811/749 766/829/749 767/830/749 750/812/749
f 750/812/750 767/830/750 768/831/750 751/813/750
f 751/813/751 768/831/751 769/832/751 752/814/751
f 752/814/752 769/832/752 770/833/752 753/815/752
f 753/815/753 770/833/753 771/834/753 754/816/753
f 754/816/754 771/834/754 772/835/754 755/817/754
f 755/817/755 772/835/755 773/836/755 756/818/755
f 756/818/756 773/836/756 774/837/756 757/819/756
f 757/820/757 774/838/757 775/839/757 758/821/757
f 758/821/758 775/839/758 776/840/758 759/822/758
f 759/822/759 776/840/759 777/841/759 760/823/759
f 760/823/760 777/841/760 778/842/760 761/824/760
f 761/824/761 778/842/761 779/843/761 762/825/761
f 762/825/762 779/843/762 780/844/762 763/826/762
f 763/826/763 780/844/763 781/845/763 764/827/763
f 764/827/764 781/845/764 782/846/764 765/828/764
f 765/828/765 782/846/765 766/829/765 749/811/765
f 766/829/766 783/847/766 784/848/766 767/830/766
f 767/830/767 784/848/767 785/849/767 768/831/767
f 768/831/768 785/849/768 786/850/768 769/832/768
f 769/832/769 786/850/769 787/851/769 770/833/769
f 770/833/770 787/851/770 788/852/770 771/834/770
f 771/834/771 788/852/771 789/853/771 772/835/771
f 772/835/772 789/853/772 790/854/772 773/836/772
f 773/836/773 790/854/773 791/855/773 774/837/773
f 774/838/774 791/856/774 792/857/774 775/839/774
f 775/839/775 792/857/775 793/858/775 776/840/775
f 776/840/776 793/858/776 794/859/776 777/841/776
f 777/841/777 794/859/777 795/860/777 778/842/777
f 778/842/778 795/860/778 796/861/778 779/843/778
f 779/843/779 796/861/779 797/862/779 780/844/779
f 780/844/780 797/862/780 798/863/780 781/845/780
f 781/845/781 798/863/781 799/864/781 782/846/781
f 782/846/782 799/864/782 783/847/782 766/829/782
f 783/847/783 800/865/783 801/866/783 784/848/783
f 784/848/784 801/866/784 802/867/784 785/849/784
f 785/849/785 802/867/785 803/868/785 786/850/785
f 786/850/786 803/868/786 804/869/786 787/851/786
f 787/851/787 804/869/787 805/870/787 788/852/787
f 788/852/788 805/870/788 806/871/788 789/853/788
f 789/853/789 806/871/789 807/872/789 790/854/789
f 790/854/790 807/872/790 808/873/790 791/855/790
f 791/856/791 808/874/791 809/875/791 792/857/791
f 792/857/792 809/875/792 810/876/792 793/858/792
f 793/858/793 810/876/793 811/877/793 794/859/793
f 794/859/794 811/877/794 812/878/794 795/860/794
f 795/860/795 812/878/795 813/879/795 796/861/795
f 796/861/796 813/879/796 814/880/796 797/862/796
f 797/862/797 814/880/797 815/881/797 798/863/797
f 798/863/798 815/881/798 816/882/798 799/864/798
f 799/864/799 816/882/799 800/865/799 783/847/799
f 800/865/800 1/1/800 2/4/800 801/866/800
f 801/866/801 2/4/801 3/6/801 802/867/801
f 802/867/802 3/6/802 4/8/802 803/868/802
f 803/868/803 4/8/803 5/10/803 804/869/803
f 804/869/804 5/10/804 6/12/804 805/870/804
f 805/870/805 6/12/805 7/14/805 806/871/805
f 806/871/806 7/14/806 8/16/806 807/872/806
f 807/872/807 8/16/807 9/18/807 808/873/807
f 808/874/808 9/19/808 10/22/808 809/875/808
f 809/875/809 10/22/809 11/24/809 810/876/809
f 810/876/810 11/24/810 12/26/810 811/877/810
f 811/877/811 12/26/811 13/28/811 812/878/811
f 812/878/812 13/28/812 14/30/812 813/879/812
f 813/879/813 14/30/813 15/32/813 814/880/813
f 814/880/814 15/32/814 16/34/814 815/881/814
f 815/881/815 16/34/815 17/36/815 816/882/815
f 816/882/816 17/36/816 1/1/816 800/865/816
