# Blender 4.2.0
# www.blender.org
mtllib layout.mtl
o 1_inch_cube
v -3.312916 -2.069654 8.884016
v -3.312916 -1.413323 8.884016
v -3.312916 -2.069654 8.227686
v -3.312916 -1.413323 8.227686
v -2.656585 -2.069654 8.884016
v -2.656585 -1.413323 8.884016
v -2.656585 -2.069654 8.227686
v -2.656585 -1.413323 8.227686
vn -1.0000 -0.0000 -0.0000
vn -0.0000 -0.0000 -1.0000
vn 1.0000 -0.0000 -0.0000
vn -0.0000 -0.0000 1.0000
vn -0.0000 -1.0000 -0.0000
vn -0.0000 1.0000 -0.0000
vt 0.375000 0.000000
vt 0.625000 0.000000
vt 0.625000 0.250000
vt 0.375000 0.250000
vt 0.625000 0.500000
vt 0.375000 0.500000
vt 0.625000 0.750000
vt 0.375000 0.750000
vt 0.625000 1.000000
vt 0.375000 1.000000
vt 0.125000 0.500000
vt 0.125000 0.750000
vt 0.875000 0.500000
vt 0.875000 0.750000
s 0
f 1/1/1 2/2/1 4/3/1 3/4/1
f 3/4/2 4/3/2 8/5/2 7/6/2
f 7/6/3 8/5/3 6/7/3 5/8/3
f 5/8/4 6/7/4 2/9/4 1/10/4
f 3/11/5 7/6/5 5/8/5 1/12/5
f 8/5/6 4/13/6 2/14/6 6/7/6
o cup.001
v 3.355877 -1.051982 7.541414
v 3.273718 -1.021673 7.423517
v 3.167183 -1.013196 7.271647
v 3.325035 -1.024434 7.307619
v 3.114388 -1.017656 7.389432
v 3.407031 -1.054435 7.427297
v 3.454818 -1.068441 7.320342
v 3.499595 -1.098201 7.223953
v 3.217516 -1.015553 7.156221
v 3.265140 -1.029574 7.047127
v 3.373473 -1.039012 7.198047
v 3.158241 -1.026448 6.899088
v 3.111833 -1.013282 7.006774
v 3.080554 -1.045043 6.800353
v 3.062787 -1.011515 7.121018
v 3.011838 -1.016419 7.238399
v 2.988897 -1.032601 7.015430
v 3.122066 -1.071503 6.707034
v 3.201980 -1.055178 6.801442
v 3.352431 -1.108514 6.862148
v 3.243168 -1.102495 6.716947
v 3.310086 -1.059532 6.948033
v 3.419169 -1.069731 7.098567
v 3.541616 -1.146771 7.140688
v 3.462202 -1.119719 7.012311
v 3.391716 -1.175525 6.791581
v 3.502114 -1.187975 6.941346
v 3.580574 -1.213305 7.072186
v 3.569790 -1.370426 6.851471
v 3.538249 -1.272491 6.887328
v 3.197178 -1.176696 6.560968
v 3.281392 -1.167456 6.647640
v 3.316057 -1.248157 6.595141
v 3.427305 -1.258584 6.738016
v 3.346395 -1.341901 6.560628
v 3.371560 -1.445868 6.544960
v 3.484138 -1.461577 6.686334
v 3.503789 -1.575397 6.688951
v 3.390829 -1.556924 6.547996
v 3.458398 -1.354903 6.702645
v 3.595847 -1.478812 6.834682
v 3.615674 -1.594357 6.836849
v 3.516558 -1.693023 6.710140
v 3.628463 -1.713636 6.857632
v 3.703813 -1.728751 6.989715
v 3.633447 -1.833054 6.896374
v 3.301221 -1.546862 6.466814
v 3.403416 -1.671798 6.569369
v 3.408554 -1.787044 6.608383
v 3.405498 -1.899028 6.664169
v 3.521667 -1.810938 6.749221
v 3.393856 -2.004024 6.734981
v 3.518362 -1.925437 6.805349
v 3.629883 -1.948829 6.952229
v 3.708398 -1.845510 7.026911
v 3.617403 -2.057109 7.023462
v 3.692143 -2.063179 7.149040
v 3.506256 -2.032712 6.876788
v 3.485143 -2.128886 6.961618
v 3.595832 -2.153988 7.108161
v 3.670936 -2.156574 7.230337
v 3.565303 -2.236308 7.204266
v 3.373425 -2.098241 6.818905
v 3.344302 -2.178600 6.913881
v 3.257146 -2.136788 6.817131
v 3.416727 -2.276272 7.162902
v 3.221633 -2.197688 6.916620
v 3.178907 -2.245675 7.023215
v 3.306894 -2.243019 7.017775
v 3.455152 -2.210790 7.057728
v 3.526260 -2.301955 7.309608
v 3.557029 -2.347539 7.534202
v 3.602815 -2.298543 7.424719
v 3.479768 -2.353012 7.421796
v 3.370946 -2.327346 7.274703
v 3.427115 -2.392831 7.538011
v 3.504692 -2.385919 7.648694
v 3.319188 -2.367321 7.390449
v 3.263151 -2.400140 7.507206
v 3.369613 -2.425256 7.654496
v 3.130210 -2.283878 7.134938
v 3.262213 -2.293459 7.128254
v 3.157502 -2.366036 7.359161
v 3.211692 -2.333158 7.242839
v 3.080385 -2.421367 7.584771
v 3.019224 -2.375213 7.496827
v 3.037809 -2.443750 7.677389
v 3.161712 -2.449008 7.702637
v 3.190876 -2.487144 7.899274
v 3.243972 -2.467524 7.818942
v 3.248123 -2.471898 7.977665
v 3.303669 -2.454103 7.904334
v 3.113090 -2.470366 7.790514
v 3.137658 -2.498806 7.963558
v 3.096055 -2.480014 8.004303
v 3.144746 -2.471922 8.042312
v 3.002860 -2.460520 7.765914
v 2.978651 -2.447128 7.830653
v 3.032178 -2.468641 7.926184
v 3.067357 -2.485093 7.869755
v 3.219396 -1.025797 7.540964
v 3.100927 -1.036866 7.707245
v 3.019723 -1.029923 7.587545
v 3.165021 -1.067011 7.799045
v 3.051021 -1.042148 7.788624
v 2.940997 -1.030303 7.467526
v 2.974271 -1.035577 7.676682
v 2.932225 -1.044729 7.757727
v 2.901434 -1.036282 7.561564
v 2.830331 -1.069306 7.574422
v 2.869833 -1.045594 7.652155
v 2.904471 -1.076681 7.819459
v 3.001538 -1.050639 7.854316
v 3.017037 -1.094962 7.940808
v 3.368500 -1.177717 7.571666
v 3.240983 -1.206913 7.575220
v 3.291644 -1.200038 7.467125
v 3.185587 -1.195948 7.317341
v 3.336617 -1.198673 7.366706
v 3.267736 -1.201309 7.131414
v 3.375888 -1.206509 7.278948
v 3.229457 -1.194116 7.217945
v 3.160819 -1.188092 6.979753
v 3.082400 -1.155976 6.856416
v 3.136522 -1.203240 7.425435
v 2.963147 -1.209828 7.497424
v 3.043177 -1.219998 7.618508
v 2.954156 -1.157938 7.155456
v 3.000832 -1.150502 7.046143
v 3.123148 -1.181272 7.065999
v 3.080142 -1.183405 7.165008
v 3.116873 -1.175584 6.779956
v 3.148503 -1.209755 6.715899
v 3.252864 -1.286249 6.796175
v 3.177794 -1.258427 6.663885
v 3.224697 -1.239441 6.845582
v 3.194241 -1.206752 6.906507
v 3.301643 -1.220446 7.058022
v 3.332508 -1.253742 6.996983
v 3.410749 -1.226560 7.204323
v 3.527626 -1.246264 7.231302
v 3.442513 -1.261112 7.142118
v 3.361037 -1.301315 6.947423
v 3.613672 -1.446507 7.106238
v 3.471867 -1.310264 7.091519
v 3.588083 -1.366728 7.134955
v 3.499002 -1.373319 7.052088
v 3.387445 -1.362509 6.908870
v 3.410908 -1.435432 6.882632
v 3.278938 -1.346507 6.757861
v 3.263776 -1.567743 6.587061
v 3.335938 -1.586716 6.721900
v 3.302117 -1.418352 6.731935
v 3.321396 -1.499506 6.719845
v 3.523077 -1.448315 7.025152
v 3.430394 -1.517761 6.870199
v 3.634836 -1.536062 7.092360
v 3.650712 -1.631945 7.093607
v 3.543035 -1.532855 7.012212
v 3.445051 -1.606167 6.871902
v 3.454099 -1.697044 6.887670
v 3.570164 -1.808474 7.058319
v 3.558011 -1.623536 7.013603
v 3.660509 -1.730453 7.109886
v 3.567219 -1.716681 7.029265
v 3.273271 -1.660067 6.604143
v 3.457053 -1.786648 6.916602
v 3.344980 -1.676459 6.738001
v 3.276638 -1.751555 6.634974
v 3.273493 -1.838622 6.678399
v 3.344755 -1.848915 6.808439
v 3.335322 -1.925096 6.859615
v 3.348026 -1.765068 6.767248
v 3.453604 -1.871286 6.957500
v 3.566531 -1.895157 7.099575
v 3.540303 -2.041690 7.211184
v 3.556507 -1.973731 7.151070
v 3.247989 -1.987859 6.795577
v 3.428245 -2.014430 7.067678
v 3.406150 -2.069792 7.135812
v 3.443931 -1.948028 7.008395
v 3.319913 -1.991171 6.919158
v 3.225464 -2.046329 6.867682
v 3.298155 -2.046401 6.987472
v 3.377037 -2.114336 7.213789
v 3.340304 -2.150377 7.302734
v 3.269463 -2.090956 7.065471
v 3.517537 -2.098270 7.280324
v 3.487622 -2.143650 7.359431
v 3.449978 -2.180183 7.449555
v 3.536085 -2.225652 7.553969
v 3.295619 -2.180664 7.402835
v 3.404224 -2.210660 7.550659
v 3.488608 -2.257504 7.657889
v 3.233278 -2.127107 7.154207
v 3.114857 -2.163438 7.142238
v 3.189405 -2.157580 7.253922
v 3.065799 -2.191559 7.251000
v 3.009034 -2.245948 7.495673
v 3.024069 -2.253541 7.675310
v 2.972408 -2.266747 7.589887
v 3.065638 -2.233583 7.583501
v 3.146174 -2.250303 7.701854
v 3.139712 -2.184739 7.361648
v 3.244359 -2.207499 7.510536
v 3.098626 -2.269243 7.788856
v 3.228929 -2.274494 7.818703
v 3.176867 -2.291964 7.898150
v 3.351372 -2.237346 7.658385
v 3.087277 -2.348388 8.003579
v 3.124762 -2.310312 7.962395
v 3.181234 -2.349449 8.026146
v 3.238297 -2.334897 7.977112
v 2.948653 -2.289532 7.683889
v 2.990192 -2.276269 7.763947
v 3.054039 -2.290464 7.868148
v 3.123743 -1.221611 7.736699
v 3.128695 -1.203171 7.892766
v 2.923778 -1.217865 7.590231
v 2.867504 -1.185649 7.498561
v 3.032679 -1.190979 7.273170
v 2.901923 -1.177734 7.403200
v 2.954656 -1.230631 7.785845
v 2.891072 -1.221489 7.679270
v 2.844981 -1.190351 7.593357
v 3.074014 -1.228682 7.816873
v 2.997912 -1.227692 7.706375
v 3.023338 -1.230759 7.881080
v 3.390484 -1.116053 7.595840
v 3.316226 -1.183918 7.680889
v 3.336536 -1.121210 7.708227
v 3.484477 -1.128846 7.387369
v 3.415167 -1.177243 7.468381
v 3.439672 -1.117122 7.486940
v 3.456468 -1.186455 7.376691
v 3.054187 -1.097870 6.789214
v 3.013014 -1.088570 6.885377
v 3.036186 -1.033386 6.904124
v 3.043998 -1.148632 6.945369
v 2.968061 -1.089261 6.991216
v 3.525685 -1.155005 7.299440
v 3.493579 -1.208640 7.297711
v 3.599450 -1.258547 7.162766
v 3.563981 -1.198389 7.224360
v 3.615907 -1.295958 7.019810
v 3.631816 -1.334086 7.115296
v 3.559112 -1.299266 7.177087
v 3.230061 -1.252983 6.511127
v 3.228760 -1.394776 6.596931
v 3.204808 -1.320755 6.623808
v 3.189573 -1.282944 6.528901
v 3.092002 -1.120651 6.704502
v 3.161021 -1.115641 6.626705
v 3.159743 -1.214020 6.573730
v 3.127146 -1.159502 6.632465
v 3.683638 -1.521091 7.067849
v 3.672231 -1.498368 6.968178
v 3.646771 -1.391960 6.984800
v 3.660210 -1.422524 7.083248
v 3.701279 -1.626348 7.069227
v 3.712329 -1.734655 7.087208
v 3.691514 -1.611807 6.969910
v 3.265050 -1.652581 6.507699
v 3.313177 -1.656410 6.487604
v 3.269134 -1.752784 6.541984
v 3.318015 -1.766172 6.525251
v 3.258911 -1.341968 6.478364
v 3.282875 -1.440964 6.463624
v 3.237723 -1.454793 6.485780
v 3.254372 -1.552086 6.488694
v 3.215868 -1.364035 6.499204
v 3.248684 -1.478168 6.584609
v 3.712243 -1.945186 7.169691
v 3.704598 -1.958244 7.080608
v 3.659874 -1.919995 7.183902
v 3.663688 -1.827743 7.140360
v 3.716156 -1.842220 7.121031
v 3.649188 -2.004037 7.238577
v 3.681043 -2.123574 7.304194
v 3.631799 -2.077115 7.302711
v 3.700523 -2.040059 7.231337
v 3.653720 -2.193756 7.387423
v 3.303997 -1.972021 6.646552
v 3.284682 -2.060994 6.726550
v 3.238255 -2.017283 6.722914
v 3.213343 -2.084154 6.804181
v 3.255799 -1.938313 6.651405
v 3.315059 -1.872565 6.578830
v 3.266088 -1.849120 6.590506
v 3.263901 -1.918263 6.732486
v 3.618493 -2.249654 7.480388
v 3.641058 -2.235616 7.322801
v 3.575628 -2.186818 7.459920
v 3.607423 -2.138094 7.376339
v 3.446837 -2.417215 7.763628
v 3.575613 -2.293575 7.582391
v 3.525462 -2.328653 7.691802
v 3.078066 -2.315968 7.249639
v 3.158997 -2.131623 7.040797
v 3.095229 -2.215886 7.099886
v 3.141370 -2.180929 6.993493
v 3.180975 -2.138003 6.894585
v 3.195910 -2.093514 6.949244
v 2.852465 -1.076338 7.722345
v 2.851843 -1.139311 7.753160
v 2.827076 -1.086439 7.648118
v 2.901106 -1.143134 7.849479
v 2.919884 -1.206906 7.839002
v 2.867080 -1.199564 7.741153
v 3.024696 -1.145049 7.961776
v 2.967253 -1.081169 7.899771
v 2.982208 -1.206972 7.918368
v 2.962604 -1.145168 7.924466
v 3.078931 -2.417664 8.019178
v 3.015946 -2.404907 7.945694
v 3.023104 -2.332342 7.925200
v 2.938840 -2.367842 7.753671
v 2.965872 -2.387195 7.851169
v 2.970012 -2.318092 7.829439
v 3.468888 -2.357845 7.803576
v 3.434024 -2.284807 7.766690
v 3.293121 -2.318491 7.904426
v 3.320458 -2.391598 7.934625
v 3.204200 -2.419251 8.049092
v 3.190276 -2.481388 8.026778
v 3.264409 -2.408170 8.005095
v 3.142920 -2.422753 8.055568
v 3.137790 -2.368344 8.041824
v 2.957425 -2.416382 7.685487
v 2.950558 -2.418038 7.755745
v 2.937799 -2.347755 7.657968
v 2.943780 -2.317808 7.754627
v 3.045107 -2.246005 7.211509
v 2.981910 -2.397734 7.591596
v 2.993536 -2.304519 7.465279
v 2.958411 -2.326333 7.560479
v 2.874094 -1.114377 7.361109
v 2.886681 -1.054209 7.382278
v 2.939844 -1.038204 7.131122
v 2.920671 -1.095893 7.103619
v 2.841393 -1.121619 7.457644
v 2.852112 -1.060660 7.478507
v 2.824739 -1.134359 7.653917
v 2.838491 -1.182117 7.662907
v 2.822671 -1.128489 7.556629
v 3.112516 -1.072193 7.873218
v 3.058053 -1.079175 7.923220
v 3.083743 -1.142696 7.955552
v 3.028897 -1.193972 7.955321
v 3.073377 -1.205287 7.941731
v 3.301012 -1.056253 7.657177
v 3.194665 -1.132733 7.840080
v 3.141351 -1.138334 7.911242
v 3.181071 -1.196852 7.819431
v 2.259921 -2.506296 6.872887
v 2.086957 -0.626954 6.644423
v 2.381038 -2.482834 6.799526
v 2.670108 -2.476556 6.806968
v 2.619309 -0.613224 6.665948
v 3.002119 -2.522032 7.012021
v 3.173324 -2.561213 7.179907
v 2.780179 -0.610467 6.797823
v 3.104481 -0.603605 7.184568
v 2.943928 -0.607386 6.972747
v 3.339997 -2.609009 7.384085
v 3.495008 -2.663400 7.617739
v 3.254861 -0.598838 7.426079
v 3.387574 -0.592959 7.689163
v 3.814465 -2.845261 8.414107
v 3.570617 -0.578420 8.243847
v 3.849769 -2.905327 8.680674
v 3.604599 -0.563205 8.770988
v 3.608382 -0.570580 8.515936
v 3.841611 -2.961914 8.931280
v 3.788562 -3.013231 9.155878
v 3.469155 -0.552864 9.190048
v 3.342687 -0.551269 9.335886
v 3.387669 -3.119318 9.583167
v 2.991786 -3.136994 9.598997
v 3.004692 -0.557219 9.465688
v 2.785997 -3.127450 9.519301
v 2.261711 -0.598236 9.033090
v 2.431003 -0.586065 9.221460
v 2.116371 -0.610070 8.802993
v 2.048473 -2.911537 8.445440
v 1.999609 -0.620632 8.541179
v 1.971211 -2.777265 7.881443
v 1.859271 -0.635207 7.967764
v 1.834920 -0.638562 7.679767
v 1.838643 -0.639368 7.406196
v 3.495127 -0.586051 7.964928
v 2.466266 -0.616036 6.582032
v 2.324829 -0.619203 6.549550
v 2.197739 -0.622865 6.570339
v 3.557788 -0.557052 8.998893
v 1.867964 -0.638016 7.157499
v 3.184963 -0.552679 9.429402
v 2.811964 -0.564687 9.442368
v 2.617360 -0.574563 9.359865
v 1.913785 -0.629173 8.258842
v 2.074605 -2.589942 7.164414
v 1.994035 -0.631184 6.769896
v 1.920462 -0.635075 6.942863
v 3.630727 -2.722293 7.873120
v 3.739543 -2.783594 8.141662
v 2.832653 -2.493303 6.886190
v 2.518545 -2.472886 6.777533
v 3.691957 -3.057587 9.344881
v 2.157144 -2.542483 6.995755
v 3.556019 -3.093415 9.489664
v 2.014421 -2.646623 7.373333
v 3.196056 -3.134129 9.620419
v 1.979050 -2.710008 7.615267
v 1.993608 -2.845423 8.161827
v 2.589352 -3.105491 9.384611
v 2.411170 -3.071623 9.200857
v 2.136995 -2.972844 8.720775
v 2.258741 -3.026887 8.976267
vn -0.1898 -0.9742 -0.1220
vn -0.1834 -0.9753 -0.1229
vn -0.2385 -0.9676 -0.0826
vn -0.2327 -0.9690 -0.0835
vn -0.0669 -0.9977 -0.0088
vn -0.0714 -0.9974 -0.0078
vn -0.0178 -0.9989 -0.0433
vn -0.0139 -0.9989 -0.0440
vn 0.0070 -0.9983 -0.0585
vn 0.0061 -0.9981 -0.0621
vn -0.3222 -0.9465 -0.0165
vn -0.3169 -0.9483 -0.0174
vn -0.4378 -0.8959 0.0756
vn -0.4348 -0.8974 0.0751
vn -0.2939 -0.9437 0.1520
vn -0.2995 -0.9417 0.1532
vn -0.1609 -0.9854 0.0564
vn -0.1660 -0.9844 0.0576
vn -0.1196 -0.9904 0.0695
vn -0.1278 -0.9892 0.0714
vn -0.2567 -0.9523 0.1652
vn -0.2647 -0.9497 0.1670
vn -0.0748 -0.9676 0.2411
vn -0.0905 -0.9656 0.2436
vn 0.0708 -0.9874 0.1412
vn 0.0536 -0.9881 0.1439
vn 0.0234 -0.9994 -0.0274
vn 0.0302 -0.9991 -0.0287
vn 0.0529 -0.9976 -0.0441
vn 0.0573 -0.9978 -0.0344
vn -0.0237 -0.9997 0.0053
vn -0.0311 -0.9995 0.0068
vn 0.1683 -0.9826 0.0784
vn 0.1524 -0.9850 0.0806
vn 0.2236 -0.9735 0.0476
vn 0.2080 -0.9769 0.0495
vn -0.2587 -0.8940 0.3658
vn -0.2586 -0.8911 0.3730
vn -0.4190 -0.8639 0.2795
vn -0.4202 -0.8617 0.2843
vn -0.5556 -0.7372 0.3845
vn -0.5563 -0.7348 0.3881
vn -0.4155 -0.7690 0.4857
vn -0.4152 -0.7667 0.4897
vn -0.4495 -0.8531 0.2649
vn -0.4504 -0.8514 0.2687
vn -0.5677 -0.8028 0.1820
vn -0.5677 -0.8029 0.1818
vn -0.6780 -0.6819 0.2746
vn -0.6781 -0.6812 0.2760
vn -0.5802 -0.7269 0.3673
vn -0.5808 -0.7248 0.3705
vn -0.6784 -0.5808 0.4499
vn -0.6785 -0.5790 0.4520
vn -0.7604 -0.5480 0.3487
vn -0.7604 -0.5469 0.3501
vn -0.8166 -0.4113 0.4050
vn -0.8165 -0.4105 0.4059
vn -0.7443 -0.4284 0.5124
vn -0.7442 -0.4276 0.5132
vn -0.5351 -0.6115 0.5829
vn -0.5348 -0.6101 0.5847
vn -0.6583 -0.5883 0.4696
vn -0.6584 -0.5864 0.4718
vn -0.7270 -0.4318 0.5338
vn -0.7270 -0.4310 0.5346
vn -0.6149 -0.4402 0.6543
vn -0.6148 -0.4400 0.6546
vn -0.6598 -0.2644 0.7034
vn -0.6603 -0.2657 0.7024
vn -0.7671 -0.2732 0.5805
vn -0.7672 -0.2738 0.5800
vn -0.7823 -0.1190 0.6114
vn -0.7830 -0.1212 0.6101
vn -0.6742 -0.0947 0.7324
vn -0.6756 -0.0972 0.7308
vn -0.7832 -0.2743 0.5579
vn -0.7833 -0.2747 0.5576
vn -0.8515 -0.2740 0.4471
vn -0.8514 -0.2736 0.4474
vn -0.8680 -0.1400 0.4764
vn -0.8681 -0.1403 0.4762
vn -0.7989 -0.1244 0.5884
vn -0.7994 -0.1262 0.5873
vn -0.7949 0.0229 0.6063
vn -0.7961 0.0200 0.6048
vn -0.8689 -0.0069 0.4949
vn -0.8692 -0.0077 0.4944
vn -0.8548 0.1275 0.5030
vn -0.8553 0.1265 0.5024
vn -0.7724 0.1694 0.6122
vn -0.7743 0.1658 0.6107
vn -0.6634 0.0690 0.7451
vn -0.6659 0.0653 0.7431
vn -0.7767 0.0319 0.6291
vn -0.7782 0.0285 0.6274
vn -0.7515 0.1812 0.6343
vn -0.7539 0.1770 0.6327
vn -0.6298 0.2270 0.7429
vn -0.6335 0.2226 0.7410
vn -0.5730 0.3813 0.7255
vn -0.5780 0.3765 0.7240
vn -0.7058 0.3312 0.6262
vn -0.7090 0.3268 0.6249
vn -0.6389 0.4776 0.6031
vn -0.6426 0.4736 0.6023
vn -0.4938 0.5263 0.6922
vn -0.4998 0.5217 0.6914
vn -0.7302 0.3176 0.6050
vn -0.7328 0.3138 0.6038
vn -0.8245 0.2663 0.4994
vn -0.8249 0.2655 0.4990
vn -0.7764 0.4064 0.4817
vn -0.7765 0.4063 0.4817
vn -0.6674 0.4635 0.5829
vn -0.6702 0.4603 0.5822
vn -0.5811 0.6064 0.5428
vn -0.5834 0.6043 0.5426
vn -0.7075 0.5479 0.4465
vn -0.7061 0.5493 0.4468
vn -0.6165 0.6840 0.3900
vn -0.6116 0.6880 0.3905
vn -0.4708 0.7386 0.4825
vn -0.4714 0.7382 0.4825
vn -0.3898 0.6611 0.6411
vn -0.3968 0.6570 0.6410
vn -0.5481 0.6195 0.5620
vn -0.5515 0.6166 0.5618
vn -0.4328 0.7493 0.5012
vn -0.4354 0.7477 0.5014
vn -0.2612 0.7779 0.5715
vn -0.2705 0.7743 0.5722
vn -0.1182 0.8652 0.4874
vn -0.1286 0.8629 0.4887
vn -0.2994 0.8554 0.4226
vn -0.3002 0.8551 0.4227
vn -0.1807 0.9203 0.3471
vn -0.1797 0.9205 0.3469
vn 0.0036 0.9113 0.4117
vn -0.0061 0.9106 0.4133
vn -0.3416 0.8488 0.4036
vn -0.3399 0.8495 0.4034
vn -0.5064 0.8035 0.3130
vn -0.4972 0.8092 0.3130
vn -0.4042 0.8840 0.2348
vn -0.3919 0.8897 0.2343
vn -0.2255 0.9178 0.3269
vn -0.2216 0.9189 0.3263
vn -0.1396 0.9536 0.2669
vn -0.1345 0.9545 0.2661
vn -0.3264 0.9297 0.1707
vn -0.3134 0.9343 0.1699
vn -0.2789 0.9518 0.1273
vn -0.2657 0.9557 0.1265
vn -0.0891 0.9692 0.2297
vn -0.0835 0.9699 0.2288
vn 0.0896 0.9298 0.3570
vn 0.0817 0.9300 0.3583
vn -0.0937 0.9528 0.2888
vn -0.0913 0.9532 0.2884
vn -0.0428 0.9665 0.2532
vn -0.0397 0.9667 0.2527
vn 0.1406 0.9350 0.3255
vn 0.1334 0.9357 0.3266
vn 0.2799 0.9164 0.2863
vn 0.1862 0.9376 0.2936
vn -0.0101 0.9720 0.2349
vn -0.0155 0.9719 0.2350
vn -0.0067 0.9725 0.2327
vn -0.0055 0.9726 0.2325
vn 0.2604 0.9112 0.3191
vn 0.2251 0.9184 0.3254
vn -0.0568 0.9766 0.2076
vn -0.0723 0.9758 0.2065
vn -0.0684 0.9775 0.1997
vn -0.0608 0.9782 0.1987
vn -0.2722 0.9614 0.0392
vn -0.1907 0.9796 0.0628
vn -0.3006 0.9532 0.0341
vn -0.2646 0.9638 0.0335
vn -0.0295 0.9857 0.1662
vn -0.0174 0.9862 0.1646
vn -0.2651 0.9632 -0.0447
vn -0.1989 0.9790 -0.0451
vn 0.1013 0.9387 -0.3295
vn 0.0835 0.9408 -0.3286
vn 0.2889 0.9524 -0.0976
vn 0.3227 0.9407 -0.1043
vn 0.3755 0.8854 0.2738
vn 0.3011 0.9081 0.2909
vn 0.0454 0.9781 0.2032
vn 0.0389 0.9781 0.2042
vn 0.4195 0.9072 -0.0308
vn 0.3906 0.9202 -0.0248
vn 0.6090 0.7893 0.0781
vn 0.6253 0.7769 0.0731
vn -0.1472 -0.9656 -0.2143
vn -0.1351 -0.9776 -0.1613
vn 0.0048 -0.9981 -0.0619
vn 0.0046 -0.9981 -0.0610
vn -0.1910 -0.9605 -0.2023
vn -0.1937 -0.9641 -0.1814
vn 0.3386 -0.9397 0.0478
vn 0.2893 -0.9572 0.0002
vn 0.3310 -0.9403 0.0795
vn 0.3288 -0.9428 0.0549
vn 0.0607 -0.9976 -0.0323
vn 0.0618 -0.9974 -0.0374
vn 0.1083 -0.9925 -0.0559
vn 0.1101 -0.9919 -0.0636
vn 0.4290 -0.9015 0.0570
vn 0.4233 -0.9059 0.0145
vn 0.6908 -0.7094 -0.1398
vn 0.6911 -0.7101 -0.1346
vn 0.4487 -0.8599 -0.2433
vn 0.4535 -0.8522 -0.2610
vn -0.1366 -0.9498 -0.2814
vn -0.1467 -0.9609 -0.2347
vn 0.0460 -0.9945 -0.0939
vn 0.0448 -0.9950 -0.0891
vn 0.3520 -0.8780 -0.3242
vn 0.3470 -0.8875 -0.3033
vn 0.1387 -0.8757 -0.4626
vn 0.1420 -0.8680 -0.4759
vn -0.2171 0.9749 -0.0486
vn -0.2314 0.9717 -0.0467
vn -0.0308 0.9983 0.0491
vn -0.0372 0.9980 0.0504
vn -0.0526 0.9967 0.0611
vn -0.0548 0.9972 0.0510
vn 0.0146 0.9997 0.0201
vn 0.0077 0.9997 0.0218
vn -0.1728 0.9822 -0.0736
vn -0.1880 0.9796 -0.0709
vn -0.0811 0.9874 -0.1357
vn -0.0982 0.9864 -0.1320
vn 0.1048 0.9936 -0.0418
vn 0.0973 0.9945 -0.0396
vn 0.2454 0.9588 -0.1430
vn 0.2380 0.9610 -0.1406
vn 0.0635 0.9682 -0.2421
vn 0.0477 0.9700 -0.2383
vn 0.1468 0.9890 -0.0173
vn 0.1425 0.9897 -0.0160
vn 0.3013 0.9519 0.0563
vn 0.3083 0.9497 0.0547
vn 0.4245 0.9047 -0.0367
vn 0.4292 0.9024 -0.0379
vn 0.2853 0.9514 -0.1163
vn 0.2806 0.9530 -0.1147
vn 0.0129 0.9972 0.0731
vn 0.0093 0.9972 0.0739
vn -0.0035 0.9966 0.0827
vn -0.0024 0.9964 0.0853
vn 0.1818 0.9722 0.1478
vn 0.1888 0.9710 0.1466
vn 0.2211 0.9682 0.1169
vn 0.2279 0.9668 0.1156
vn 0.0578 0.9974 0.0439
vn 0.0538 0.9975 0.0449
vn 0.5695 0.8084 -0.1491
vn 0.5697 0.8081 -0.1497
vn 0.6901 0.6792 -0.2500
vn 0.6896 0.6803 -0.2483
vn 0.5926 0.7237 -0.3536
vn 0.5915 0.7261 -0.3507
vn 0.4501 0.8597 -0.2414
vn 0.4485 0.8615 -0.2380
vn 0.4132 0.8692 -0.2718
vn 0.4112 0.8714 -0.2674
vn 0.5597 0.7327 -0.3871
vn 0.5587 0.7351 -0.3840
vn 0.4018 0.7605 -0.5101
vn 0.4017 0.7623 -0.5075
vn 0.2389 0.8923 -0.3831
vn 0.2378 0.8956 -0.3760
vn 0.6622 0.5809 -0.4733
vn 0.6619 0.5827 -0.4716
vn 0.7289 0.4264 -0.5356
vn 0.7289 0.4271 -0.5351
vn 0.5961 0.4343 -0.6753
vn 0.5960 0.4340 -0.6756
vn 0.5192 0.6019 -0.6067
vn 0.5193 0.6025 -0.6061
vn 0.7746 0.5422 -0.3255
vn 0.7743 0.5437 -0.3237
vn 0.8307 0.4056 -0.3814
vn 0.8306 0.4068 -0.3803
vn 0.7565 0.4229 -0.4988
vn 0.7565 0.4238 -0.4981
vn 0.6919 0.5743 -0.4376
vn 0.6914 0.5763 -0.4357
vn 0.8653 0.2686 -0.4233
vn 0.8653 0.2692 -0.4228
vn 0.8814 0.1363 -0.4524
vn 0.8813 0.1361 -0.4525
vn 0.8105 0.1233 -0.5726
vn 0.8101 0.1216 -0.5735
vn 0.7949 0.2702 -0.5432
vn 0.7949 0.2698 -0.5435
vn 0.7683 0.2702 -0.5803
vn 0.7682 0.2695 -0.5807
vn 0.7840 0.1201 -0.6091
vn 0.7835 0.1181 -0.6101
vn 0.6564 0.0990 -0.7479
vn 0.6553 0.0967 -0.7491
vn 0.6405 0.2632 -0.7215
vn 0.6399 0.2617 -0.7225
vn 0.7800 -0.0280 -0.6252
vn 0.7788 -0.0312 -0.6265
vn 0.7573 -0.1749 -0.6292
vn 0.7554 -0.1787 -0.6304
vn 0.6200 -0.2160 -0.7543
vn 0.6175 -0.2193 -0.7554
vn 0.6490 -0.0608 -0.7584
vn 0.6471 -0.0638 -0.7597
vn 0.8819 0.0043 -0.4714
vn 0.8816 0.0034 -0.4719
vn 0.8675 -0.1288 -0.4805
vn 0.8669 -0.1302 -0.4812
vn 0.7857 -0.1665 -0.5957
vn 0.7841 -0.1701 -0.5969
vn 0.8071 -0.0220 -0.5900
vn 0.8062 -0.0248 -0.5912
vn 0.8362 -0.2678 -0.4786
vn 0.8355 -0.2692 -0.4791
vn 0.7864 -0.4086 -0.4633
vn 0.7858 -0.4094 -0.4635
vn 0.6817 -0.4621 -0.5672
vn 0.6792 -0.4654 -0.5675
vn 0.7444 -0.3149 -0.5889
vn 0.7421 -0.3186 -0.5897
vn 0.7141 -0.3250 -0.6200
vn 0.7116 -0.3290 -0.6208
vn 0.6492 -0.4731 -0.5955
vn 0.6463 -0.4766 -0.5959
vn 0.4937 -0.5175 -0.6989
vn 0.4899 -0.5207 -0.6992
vn 0.5683 -0.3703 -0.7348
vn 0.5650 -0.3738 -0.7355
vn 0.5573 -0.6207 -0.5515
vn 0.5545 -0.6233 -0.5514
vn 0.4316 -0.7625 -0.4819
vn 0.4294 -0.7640 -0.4815
vn 0.2600 -0.7842 -0.5634
vn 0.2513 -0.7880 -0.5621
vn 0.3922 -0.6577 -0.6431
vn 0.3872 -0.6609 -0.6428
vn 0.7128 -0.5539 -0.4302
vn 0.7135 -0.5530 -0.4301
vn 0.6083 -0.7007 -0.3728
vn 0.6136 -0.6961 -0.3728
vn 0.4692 -0.7537 -0.4603
vn 0.4688 -0.7539 -0.4602
vn 0.5923 -0.6099 -0.5264
vn 0.5903 -0.6120 -0.5264
vn 0.4830 -0.8249 -0.2936
vn 0.4938 -0.8182 -0.2945
vn 0.3725 -0.9026 -0.2158
vn 0.3863 -0.8964 -0.2173
vn 0.2031 -0.9338 -0.2945
vn 0.2072 -0.9326 -0.2954
vn 0.3260 -0.8682 -0.3742
vn 0.3281 -0.8672 -0.3747
vn 0.2864 -0.8738 -0.3930
vn 0.2855 -0.8742 -0.3928
vn 0.1623 -0.9362 -0.3117
vn 0.1632 -0.9360 -0.3119
vn -0.0119 -0.9225 -0.3859
vn -0.0224 -0.9232 -0.3836
vn 0.1120 -0.8764 -0.4683
vn 0.1010 -0.8790 -0.4660
vn 0.0791 -0.9638 -0.2547
vn 0.0813 -0.9635 -0.2552
vn 0.0356 -0.9740 -0.2238
vn 0.0384 -0.9738 -0.2244
vn -0.1360 -0.9427 -0.3048
vn -0.1431 -0.9420 -0.3036
vn -0.0945 -0.9389 -0.3309
vn -0.1025 -0.9386 -0.3293
vn 0.2971 -0.9418 -0.1571
vn 0.3111 -0.9371 -0.1585
vn 0.2585 -0.9582 -0.1223
vn 0.2730 -0.9541 -0.1235
vn 0.0772 -0.9754 -0.2063
vn 0.0831 -0.9747 -0.2074
vn 0.1205 -0.9638 -0.2378
vn 0.1257 -0.9629 -0.2389
vn 0.2688 -0.9556 -0.1206
vn 0.3801 -0.9177 -0.1158
vn 0.3096 -0.9486 -0.0660
vn 0.3526 -0.9332 -0.0690
vn 0.0611 -0.9817 -0.1803
vn 0.0699 -0.9809 -0.1816
vn 0.0571 -0.9801 -0.1900
vn 0.0761 -0.9788 -0.1901
vn 0.0196 -0.9772 -0.2115
vn 0.0134 -0.9772 -0.2118
vn 0.0092 -0.9779 -0.2090
vn 0.0076 -0.9779 -0.2087
vn -0.1766 -0.9231 -0.3416
vn -0.2074 -0.9181 -0.3378
vn -0.1016 -0.9374 -0.3332
vn -0.1718 -0.9228 -0.3450
vn 0.0494 -0.9702 -0.2371
vn 0.0422 -0.9708 -0.2361
vn 0.3547 -0.8250 -0.4399
vn 0.3258 -0.8377 -0.4383
vn 0.1279 -0.7907 -0.5987
vn 0.1423 -0.7880 -0.5990
vn -0.1154 -0.9076 -0.4037
vn -0.1742 -0.9005 -0.3985
vn 0.3829 -0.9195 -0.0894
vn 0.4653 -0.8799 -0.0957
vn 0.6775 -0.6966 -0.2361
vn 0.6669 -0.7066 -0.2365
vn 0.4264 -0.8238 -0.3735
vn 0.4580 -0.8065 -0.3739
vn 0.1033 -0.9738 -0.2025
vn 0.1174 -0.9718 -0.2043
vn -0.2094 0.9758 -0.0632
vn -0.2271 0.9650 -0.1314
vn -0.2818 0.9552 -0.0906
vn -0.2804 0.9526 -0.1182
vn -0.0615 0.9966 0.0556
vn -0.0603 0.9969 0.0505
vn -0.0026 0.9963 0.0859
vn 0.2435 0.9554 0.1672
vn 0.2429 0.9521 0.1855
vn 0.2212 0.9673 0.1239
vn 0.2549 0.9538 0.1592
vn 0.0435 0.9974 0.0566
vn 0.0426 0.9973 0.0601
vn 0.4027 0.9007 -0.1630
vn 0.3960 0.9066 -0.1456
vn 0.6064 0.7943 -0.0374
vn 0.6078 0.7928 -0.0453
vn 0.3315 0.9351 0.1251
vn 0.3311 0.9300 0.1595
vn -0.2343 0.9599 -0.1539
vn -0.2253 0.9506 -0.2134
vn 0.1001 0.8852 -0.4543
vn 0.0949 0.8955 -0.4349
vn 0.3022 0.9283 -0.2167
vn 0.3108 0.9188 -0.2433
vn -0.0227 0.9994 0.0246
vn -0.0205 0.9997 0.0161
vn -0.6930 -0.6525 -0.3066
vn -0.7068 -0.6392 -0.3031
vn -0.6668 -0.6577 -0.3503
vn -0.6811 -0.6449 -0.3466
vn -0.8208 0.4369 -0.3680
vn -0.8217 0.4295 -0.3747
vn -0.8164 0.4460 -0.3668
vn -0.8177 0.4380 -0.3736
vn -0.7766 -0.6023 -0.1848
vn -0.7866 -0.5896 -0.1833
vn -0.7279 -0.6375 -0.2525
vn -0.7411 -0.6233 -0.2495
vn -0.7916 0.4595 -0.4027
vn -0.7934 0.4499 -0.4100
vn -0.7457 0.4619 -0.4801
vn -0.7476 0.4534 -0.4853
vn 0.7964 -0.4656 0.3860
vn 0.7882 -0.4757 0.3904
vn 0.7507 -0.4721 0.4621
vn 0.7436 -0.4789 0.4666
vn 0.7746 0.6016 0.1950
vn 0.7757 0.6038 0.1839
vn 0.7265 0.6356 0.2612
vn 0.7263 0.6407 0.2490
vn 0.8386 -0.4350 0.3279
vn 0.8311 -0.4470 0.3308
vn 0.8227 -0.4506 0.3465
vn 0.8155 -0.4612 0.3497
vn 0.6946 0.6494 0.3096
vn 0.6932 0.6559 0.2987
vn 0.6828 0.6489 0.3357
vn 0.6806 0.6563 0.3257
vn -0.8820 -0.4686 -0.0502
vn -0.8838 -0.4652 -0.0508
vn -0.8330 -0.5420 -0.1117
vn -0.8383 -0.5336 -0.1118
vn -0.6804 0.4307 -0.5929
vn -0.6814 0.4271 -0.5944
vn -0.6118 0.3580 -0.7053
vn -0.6106 0.3615 -0.7047
vn -0.9483 -0.3158 0.0314
vn -0.9481 -0.3163 0.0316
vn -0.9199 -0.3921 -0.0033
vn -0.9203 -0.3912 -0.0036
vn -0.5503 0.2593 -0.7937
vn -0.5481 0.2639 -0.7937
vn -0.4982 0.1477 -0.8544
vn -0.4965 0.1504 -0.8549
vn 0.5462 -0.2776 0.7903
vn 0.5507 -0.2771 0.7874
vn 0.4909 -0.1548 0.8574
vn 0.4937 -0.1550 0.8557
vn 0.9483 0.3164 -0.0262
vn 0.9482 0.3168 -0.0254
vn 0.9196 0.3926 0.0093
vn 0.9198 0.3924 0.0087
vn 0.6841 -0.4481 0.5754
vn 0.6810 -0.4501 0.5776
vn 0.6115 -0.3813 0.6933
vn 0.6147 -0.3802 0.6911
vn 0.8812 0.4693 0.0571
vn 0.8817 0.4687 0.0543
vn 0.8312 0.5426 0.1210
vn 0.8324 0.5424 0.1136
vn -0.9838 -0.1639 0.0727
vn -0.9833 -0.1660 0.0747
vn -0.9693 -0.2392 0.0564
vn -0.9689 -0.2408 0.0575
vn -0.4560 0.0301 -0.8895
vn -0.4554 0.0308 -0.8898
vn -0.4254 -0.0822 -0.9013
vn -0.4267 -0.0833 -0.9005
vn -0.9965 -0.0095 0.0825
vn -0.9962 -0.0116 0.0863
vn -0.9928 -0.0878 0.0814
vn -0.9924 -0.0901 0.0844
vn -0.4065 -0.1882 -0.8941
vn -0.4093 -0.1899 -0.8924
vn -0.3997 -0.2859 -0.8709
vn -0.4035 -0.2875 -0.8687
vn 0.3942 0.2110 0.8945
vn 0.3908 0.2126 0.8956
vn 0.3871 0.3126 0.8675
vn 0.3834 0.3147 0.8683
vn 0.9964 0.0083 -0.0843
vn 0.9967 0.0130 -0.0806
vn 0.9929 0.0871 -0.0811
vn 0.9928 0.0908 -0.0776
vn 0.4460 -0.0249 0.8947
vn 0.4466 -0.0251 0.8944
vn 0.4141 0.0980 0.9050
vn 0.4120 0.0987 0.9058
vn 0.9840 0.1639 -0.0704
vn 0.9838 0.1663 -0.0676
vn 0.9695 0.2394 -0.0526
vn 0.9692 0.2409 -0.0505
vn -0.9858 0.1581 0.0560
vn -0.9857 0.1571 0.0616
vn -0.9945 0.0731 0.0746
vn -0.9943 0.0714 0.0795
vn -0.4068 -0.3761 -0.8325
vn -0.4100 -0.3769 -0.8306
vn -0.4286 -0.4538 -0.7813
vn -0.4301 -0.4539 -0.7804
vn -0.9430 0.3315 -0.0300
vn -0.9427 0.3331 -0.0198
vn -0.9690 0.2459 0.0228
vn -0.9689 0.2458 0.0296
vn -0.4670 -0.5179 -0.7167
vn -0.4648 -0.5180 -0.7181
vn -0.5236 -0.5629 -0.6395
vn -0.5139 -0.5653 -0.6453
vn 0.4506 0.5421 0.7093
vn 0.4527 0.5398 0.7097
vn 0.5019 0.5860 0.6361
vn 0.5069 0.5790 0.6386
vn 0.9387 -0.3446 0.0138
vn 0.9435 -0.3309 0.0170
vn 0.9671 -0.2522 -0.0343
vn 0.9694 -0.2436 -0.0312
vn 0.3933 0.4036 0.8261
vn 0.3910 0.4053 0.8263
vn 0.4142 0.4802 0.7732
vn 0.4139 0.4805 0.7732
vn 0.9848 -0.1618 -0.0636
vn 0.9861 -0.1549 -0.0602
vn 0.9940 -0.0754 -0.0792
vn 0.9947 -0.0695 -0.0755
vn -0.8741 0.4544 -0.1718
vn -0.8731 0.4609 -0.1589
vn -0.9085 0.4056 -0.1004
vn -0.9079 0.4099 -0.0876
vn -0.5859 -0.5830 -0.5628
vn -0.5717 -0.5892 -0.5709
vn -0.6353 -0.5821 -0.5075
vn -0.6205 -0.5911 -0.5154
vn -0.8198 0.4965 -0.2853
vn -0.8188 0.5040 -0.2749
vn -0.8448 0.4817 -0.2328
vn -0.8438 0.4887 -0.2219
vn -0.6649 -0.5729 -0.4793
vn -0.6519 -0.5825 -0.4856
vn -0.6732 -0.5633 -0.4791
vn -0.6610 -0.5732 -0.4843
vn 0.6480 0.5943 0.4763
vn 0.6514 0.5845 0.4838
vn 0.6716 0.5819 0.4586
vn 0.6745 0.5721 0.4667
vn 0.8278 -0.5058 0.2426
vn 0.8356 -0.4932 0.2421
vn 0.8402 -0.5005 0.2086
vn 0.8488 -0.4860 0.2084
vn 0.5622 0.6063 0.5624
vn 0.5677 0.5963 0.5676
vn 0.6130 0.6051 0.5081
vn 0.6175 0.5945 0.5151
vn 0.8662 -0.4763 0.1510
vn 0.8757 -0.4585 0.1516
vn 0.9016 -0.4248 0.0809
vn 0.9095 -0.4073 0.0830
vn 0.8589 -0.2463 -0.4491
vn 0.8569 -0.2334 -0.4597
vn 0.9533 -0.1403 -0.2674
vn 0.9463 -0.0839 -0.3122
vn 0.9187 0.2865 -0.2718
vn 0.9427 0.2251 -0.2462
vn 0.8438 0.3193 -0.4314
vn 0.8539 0.3006 -0.4248
vn 0.4964 -0.2696 -0.8252
vn 0.5417 -0.3366 -0.7703
vn 0.7362 -0.2895 -0.6117
vn 0.7414 -0.3071 -0.5967
vn 0.7512 0.2965 -0.5897
vn 0.7380 0.3153 -0.5967
vn 0.5862 0.1552 -0.7952
vn 0.4996 0.2406 -0.8322
vn 0.7378 0.3623 -0.5695
vn 0.7514 0.3411 -0.5648
vn 0.4867 0.3269 -0.8101
vn 0.5741 0.2329 -0.7850
vn 0.5211 -0.2468 -0.8170
vn 0.4765 -0.1728 -0.8620
vn 0.7225 -0.2530 -0.6434
vn 0.7177 -0.2341 -0.6558
vn 0.9516 0.2130 -0.2216
vn 0.9295 0.2803 -0.2398
vn 0.8609 0.3192 -0.3962
vn 0.8511 0.3394 -0.4005
vn 0.8423 -0.2070 -0.4978
vn 0.8440 -0.2212 -0.4886
vn 0.9400 -0.0865 -0.3299
vn 0.9450 -0.1483 -0.2915
vn -0.7580 0.4115 -0.5061
vn -0.7653 0.4353 -0.4741
vn -0.6426 0.4670 -0.6075
vn -0.6431 0.5773 -0.5030
vn -0.5487 -0.4861 -0.6802
vn -0.4694 -0.5662 -0.6775
vn -0.6549 -0.4618 -0.5982
vn -0.6247 -0.4861 -0.6112
vn -0.1160 0.2545 -0.9601
vn -0.2289 0.3740 -0.8987
vn -0.5894 0.3868 -0.7092
vn -0.6225 0.4382 -0.6485
vn -0.5288 -0.4170 -0.7392
vn -0.4689 -0.4560 -0.7565
vn -0.2265 -0.2586 -0.9391
vn -0.0801 -0.3350 -0.9388
vn 0.8719 0.4062 0.2736
vn 0.8774 0.3723 0.3027
vn 0.9546 0.2935 0.0512
vn 0.9680 0.2301 0.1000
vn 0.9834 -0.1812 -0.0047
vn 0.9947 -0.0976 -0.0313
vn 0.9392 -0.3017 0.1642
vn 0.9581 -0.2448 0.1488
vn 0.7981 0.5311 0.2846
vn 0.8424 0.4430 0.3067
vn 0.7907 0.4650 0.3983
vn 0.7933 0.4431 0.4176
vn 0.8898 -0.3723 0.2637
vn 0.9052 -0.3391 0.2563
vn 0.8984 -0.4242 0.1141
vn 0.9427 -0.3116 0.1197
vn 0.9199 -0.2617 0.2920
vn 0.9049 -0.2967 0.3052
vn 0.9548 -0.2541 0.1545
vn 0.9087 -0.3821 0.1680
vn 0.8328 0.5095 0.2163
vn 0.7919 0.5820 0.1850
vn 0.7837 0.5284 0.3267
vn 0.7804 0.5456 0.3053
vn 0.9984 -0.0516 -0.0243
vn 0.9911 -0.1322 0.0130
vn 0.9693 -0.1769 0.1710
vn 0.9524 -0.2343 0.1952
vn 0.8650 0.4471 0.2277
vn 0.8582 0.4748 0.1953
vn 0.9567 0.2859 0.0554
vn 0.9406 0.3395 0.0005
vn -0.4662 -0.5849 -0.6637
vn -0.5280 -0.5450 -0.6512
vn -0.0734 -0.4758 -0.8765
vn -0.2240 -0.4053 -0.8863
vn -0.2256 0.2455 -0.9428
vn -0.1088 0.1208 -0.9867
vn -0.6340 0.3239 -0.7023
vn -0.6003 0.2660 -0.7543
vn -0.4617 -0.6903 -0.5571
vn -0.5505 -0.6065 -0.5737
vn -0.6184 -0.5976 -0.5103
vn -0.6505 -0.5713 -0.5004
vn -0.7800 0.3355 -0.5282
vn -0.7727 0.3089 -0.5546
vn -0.6533 0.4703 -0.5934
vn -0.6519 0.3541 -0.6705
vn 0.7367 0.1480 0.6598
vn 0.7937 0.1377 0.5925
vn 0.4899 0.1540 0.8581
vn 0.5457 0.1504 0.8244
vn 0.1469 0.1359 0.9798
vn 0.1561 0.1359 0.9783
vn -0.1875 0.0976 0.9774
vn -0.2248 0.0958 0.9697
vn -0.4327 0.0563 0.8998
vn -0.4809 0.0531 0.8752
vn -0.5937 0.0212 0.8044
vn -0.6340 0.0186 0.7731
vn -0.7009 -0.0067 0.7132
vn -0.7299 -0.0082 0.6835
vn -0.7776 -0.0288 0.6280
vn -0.7963 -0.0294 0.6041
vn -0.8374 -0.0468 0.5446
vn -0.8475 -0.0469 0.5287
vn -0.8872 -0.0618 0.4572
vn -0.8906 -0.0618 0.4506
vn -0.9300 -0.0745 0.3599
vn -0.9284 -0.0746 0.3640
vn -0.9655 -0.0854 0.2462
vn -0.9611 -0.0858 0.2625
vn -0.9895 -0.0946 0.1097
vn -0.9856 -0.0955 0.1395
vn -0.9933 -0.1018 -0.0553
vn -0.9945 -0.1037 -0.0118
vn -0.9620 -0.1065 -0.2515
vn -0.9742 -0.1094 -0.1972
vn -0.8749 -0.1070 -0.4723
vn -0.9025 -0.1114 -0.4160
vn -0.7125 -0.1018 -0.6942
vn -0.7517 -0.1071 -0.6507
vn -0.4730 -0.0899 -0.8765
vn -0.5071 -0.0944 -0.8567
vn -0.1849 -0.0726 -0.9801
vn -0.1950 -0.0740 -0.9780
vn 0.1049 -0.0531 -0.9931
vn 0.1219 -0.0505 -0.9913
vn 0.3595 -0.0345 -0.9325
vn 0.3914 -0.0286 -0.9198
vn 0.5636 -0.0181 -0.8258
vn 0.5966 -0.0107 -0.8024
vn 0.7175 -0.0039 -0.6965
vn 0.7437 0.0034 -0.6686
vn 0.8282 0.0086 -0.5604
vn 0.8450 0.0148 -0.5345
vn 0.9042 0.0202 -0.4266
vn 0.9126 0.0245 -0.4080
vn 0.9536 0.0318 -0.2995
vn 0.9560 0.0336 -0.2916
vn 0.9827 0.0439 -0.1799
vn 0.9818 0.0428 -0.1848
vn 0.9962 0.0573 -0.0656
vn 0.9950 0.0530 -0.0847
vn 0.9962 0.0724 0.0476
vn 0.9978 0.0648 0.0134
vn 0.9819 0.0895 0.1670
vn 0.9900 0.0790 0.1171
vn -0.0139 -0.9995 0.0284
vn -0.0050 -0.9997 0.0223
vn -0.0153 -0.9994 0.0300
vn 0.0023 -0.9998 0.0180
vn -0.0145 -0.9994 0.0307
vn 0.0110 -0.9998 0.0135
vn -0.0120 -0.9995 0.0306
vn 0.0203 -0.9998 0.0091
vn -0.0079 -0.9995 0.0299
vn 0.0297 -0.9995 0.0053
vn -0.0028 -0.9996 0.0289
vn 0.0385 -0.9993 0.0025
vn 0.0032 -0.9996 0.0277
vn 0.0464 -0.9989 0.0007
vn 0.0097 -0.9996 0.0264
vn 0.0529 -0.9986 0.0001
vn 0.0165 -0.9995 0.0252
vn 0.0580 -0.9983 0.0005
vn 0.0232 -0.9994 0.0241
vn 0.0615 -0.9981 0.0018
vn 0.0298 -0.9993 0.0230
vn 0.0636 -0.9980 0.0038
vn 0.0361 -0.9991 0.0219
vn 0.0643 -0.9979 0.0062
vn 0.0419 -0.9989 0.0207
vn 0.0638 -0.9979 0.0087
vn 0.0473 -0.9987 0.0193
vn 0.0622 -0.9980 0.0113
vn 0.0521 -0.9985 0.0177
vn 0.0596 -0.9981 0.0137
vn 0.9470 0.1089 0.3023
vn 0.9666 0.0960 0.2377
vn 0.8757 0.1297 0.4651
vn 0.9130 0.1163 0.3910
vn 0.0083 0.9751 0.2215
vn 0.0134 0.9759 0.2179
vn 0.0027 0.9744 0.2246
vn 0.0129 0.9760 0.2176
vn -0.0045 0.9736 0.2284
vn 0.0106 0.9759 0.2180
vn -0.0131 0.9725 0.2324
vn 0.0069 0.9757 0.2190
vn -0.0224 0.9714 0.2364
vn 0.0019 0.9754 0.2203
vn -0.0318 0.9703 0.2399
vn -0.0040 0.9751 0.2219
vn -0.0408 0.9693 0.2426
vn -0.0104 0.9747 0.2234
vn -0.0489 0.9685 0.2443
vn -0.0172 0.9742 0.2249
vn -0.0557 0.9679 0.2451
vn -0.0242 0.9738 0.2262
vn -0.0611 0.9676 0.2449
vn -0.0310 0.9733 0.2275
vn -0.0649 0.9676 0.2440
vn -0.0376 0.9728 0.2286
vn -0.0671 0.9678 0.2426
vn -0.0439 0.9723 0.2297
vn -0.0679 0.9682 0.2408
vn -0.0496 0.9717 0.2308
vn -0.0674 0.9687 0.2389
vn -0.0548 0.9711 0.2321
vn -0.0657 0.9693 0.2369
vn -0.0592 0.9705 0.2335
s 0
f 359//7 109//7 10//7
f 359//8 10//8 9//8
f 9//9 10//9 12//9
f 9//10 12//10 14//10
f 10//11 11//11 17//11
f 10//12 17//12 12//12
f 109//13 11//13 10//13
f 109//14 13//14 11//14
f 109//15 111//15 13//15
f 109//16 110//16 111//16
f 14//17 12//17 19//17
f 14//18 19//18 15//18
f 15//19 19//19 31//19
f 15//20 31//20 16//20
f 19//21 18//21 30//21
f 19//22 30//22 31//22
f 12//23 17//23 18//23
f 12//24 18//24 19//24
f 17//25 21//25 20//25
f 17//26 20//26 18//26
f 18//27 20//27 27//27
f 18//28 27//28 30//28
f 20//29 22//29 26//29
f 20//30 26//30 27//30
f 21//31 246//31 22//31
f 21//32 22//32 20//32
f 13//33 23//33 11//33
f 13//34 24//34 23//34
f 13//35 114//35 24//35
f 13//36 111//36 114//36
f 11//37 23//37 21//37
f 11//38 21//38 17//38
f 23//39 25//39 246//39
f 23//40 246//40 21//40
f 24//41 347//41 25//41
f 24//42 25//42 23//42
f 26//43 261//43 29//43
f 26//44 29//44 27//44
f 27//45 29//45 28//45
f 27//46 28//46 30//46
f 29//47 40//47 34//47
f 29//48 34//48 28//48
f 261//49 39//49 40//49
f 261//50 40//50 29//50
f 30//51 28//51 33//51
f 30//52 33//52 31//52
f 31//53 33//53 32//53
f 31//54 32//54 16//54
f 33//55 35//55 36//55
f 33//56 36//56 32//56
f 28//57 34//57 35//57
f 28//58 35//58 33//58
f 34//59 42//59 38//59
f 34//60 38//60 35//60
f 35//61 38//61 253//61
f 35//62 253//62 36//62
f 38//63 37//63 266//63
f 38//64 266//64 253//64
f 42//65 48//65 37//65
f 42//66 37//66 38//66
f 39//67 256//67 41//67
f 39//68 41//68 40//68
f 40//69 41//69 42//69
f 40//70 42//70 34//70
f 41//71 43//71 48//71
f 41//72 48//72 42//72
f 256//73 275//73 43//73
f 256//74 43//74 41//74
f 275//75 276//75 44//75
f 275//76 44//76 43//76
f 43//77 44//77 45//77
f 43//78 45//78 48//78
f 44//79 47//79 46//79
f 44//80 46//80 45//80
f 276//81 55//81 47//81
f 276//82 47//82 44//82
f 48//83 45//83 49//83
f 48//84 49//84 37//84
f 37//85 49//85 265//85
f 37//86 265//86 266//86
f 49//87 50//87 270//87
f 49//88 270//88 265//88
f 45//89 46//89 50//89
f 45//90 50//90 49//90
f 46//91 51//91 52//91
f 46//92 52//92 50//92
f 50//93 52//93 53//93
f 50//94 53//94 270//94
f 52//95 54//95 63//95
f 52//96 63//96 53//96
f 51//97 59//97 54//97
f 51//98 54//98 52//98
f 55//99 272//99 56//99
f 55//100 56//100 47//100
f 47//101 56//101 51//101
f 47//102 51//102 46//102
f 56//103 57//103 59//103
f 56//104 59//104 51//104
f 272//105 274//105 57//105
f 272//106 57//106 56//106
f 274//107 296//107 58//107
f 274//108 58//108 57//108
f 57//109 58//109 61//109
f 57//110 61//110 59//110
f 58//111 60//111 66//111
f 58//112 66//112 61//112
f 296//113 291//113 60//113
f 296//114 60//114 58//114
f 59//115 61//115 62//115
f 59//116 62//116 54//116
f 54//117 62//117 282//117
f 54//118 282//118 63//118
f 62//119 64//119 65//119
f 62//120 65//120 282//120
f 61//121 66//121 64//121
f 61//122 64//122 62//122
f 66//123 67//123 68//123
f 66//124 68//124 64//124
f 64//125 68//125 69//125
f 64//126 69//126 65//126
f 68//127 70//127 300//127
f 68//128 300//128 69//128
f 67//129 78//129 70//129
f 67//130 70//130 68//130
f 291//131 292//131 71//131
f 291//132 71//132 60//132
f 60//133 71//133 67//133
f 60//134 67//134 66//134
f 71//135 72//135 78//135
f 71//136 78//136 67//136
f 292//137 73//137 72//137
f 292//138 72//138 71//138
f 73//139 75//139 77//139
f 73//140 77//140 72//140
f 72//141 77//141 74//141
f 72//142 74//142 78//142
f 77//143 90//143 83//143
f 77//144 83//144 74//144
f 75//145 76//145 90//145
f 75//146 90//146 77//146
f 78//147 74//147 79//147
f 78//148 79//148 70//148
f 70//149 79//149 81//149
f 70//150 81//150 300//150
f 79//151 82//151 80//151
f 79//152 80//152 81//152
f 74//153 83//153 82//153
f 74//154 82//154 79//154
f 83//155 86//155 84//155
f 83//156 84//156 82//156
f 82//157 84//157 85//157
f 82//158 85//158 80//158
f 84//159 88//159 303//159
f 84//160 303//160 85//160
f 86//161 87//161 88//161
f 86//162 88//162 84//162
f 76//163 89//163 92//163
f 76//164 92//164 90//164
f 90//165 92//165 86//165
f 90//166 86//166 83//166
f 92//167 91//167 87//167
f 92//168 87//168 86//168
f 89//169 306//169 91//169
f 89//170 91//170 92//170
f 306//171 94//171 93//171
f 306//172 93//172 91//172
f 91//173 93//173 96//173
f 91//174 96//174 87//174
f 93//175 101//175 96//175
f 93//176 95//176 101//176
f 94//177 342//177 95//177
f 94//178 95//178 93//178
f 87//179 98//179 88//179
f 87//180 96//180 98//180
f 96//181 101//181 97//181
f 96//182 97//182 98//182
f 88//183 98//183 100//183
f 88//184 100//184 303//184
f 98//185 97//185 99//185
f 98//186 99//186 100//186
f 101//187 108//187 102//187
f 101//188 102//188 97//188
f 97//189 102//189 333//189
f 97//190 333//190 99//190
f 102//191 103//191 104//191
f 102//192 104//192 333//192
f 108//193 107//193 103//193
f 108//194 103//194 102//194
f 342//195 337//195 105//195
f 342//196 105//196 95//196
f 95//197 105//197 108//197
f 95//198 108//198 101//198
f 105//199 106//199 107//199
f 105//200 107//200 108//200
f 337//201 338//201 106//201
f 337//202 106//202 105//202
f 359//203 112//203 110//203
f 359//204 110//204 109//204
f 110//205 113//205 115//205
f 110//206 115//206 111//206
f 112//207 354//207 113//207
f 112//208 113//208 110//208
f 24//209 114//209 346//209
f 24//210 346//210 347//210
f 114//211 117//211 350//211
f 114//212 350//212 346//212
f 111//213 115//213 117//213
f 111//214 117//214 114//214
f 115//215 116//215 119//215
f 115//216 119//216 117//216
f 117//217 119//217 118//217
f 117//218 118//218 350//218
f 119//219 312//219 314//219
f 119//220 314//220 118//220
f 116//221 120//221 312//221
f 116//222 312//222 119//222
f 354//223 355//223 121//223
f 354//224 121//224 113//224
f 113//225 121//225 116//225
f 113//226 116//226 115//226
f 121//227 319//227 120//227
f 121//228 120//228 116//228
f 355//229 122//229 319//229
f 355//230 319//230 121//230
f 238//231 123//231 125//231
f 238//232 125//232 124//232
f 124//233 125//233 126//233
f 124//234 126//234 133//234
f 124//235 133//235 135//235
f 124//236 135//236 225//236
f 125//237 127//237 130//237
f 125//238 130//238 126//238
f 123//239 241//239 127//239
f 123//240 127//240 125//240
f 241//241 243//241 129//241
f 241//242 129//242 127//242
f 127//243 129//243 128//243
f 127//244 128//244 130//244
f 129//245 148//245 146//245
f 129//246 146//246 128//246
f 243//247 250//247 148//247
f 243//248 148//248 129//248
f 130//249 128//249 131//249
f 130//250 131//250 138//250
f 138//251 131//251 132//251
f 138//252 132//252 247//252
f 131//253 145//253 140//253
f 131//254 140//254 132//254
f 128//255 146//255 145//255
f 128//256 145//256 131//256
f 133//257 126//257 139//257
f 133//258 139//258 229//258
f 133//259 229//259 134//259
f 133//260 134//260 135//260
f 229//261 139//261 137//261
f 229//262 137//262 136//262
f 139//263 138//263 247//263
f 139//264 247//264 137//264
f 126//265 130//265 138//265
f 126//266 138//266 139//266
f 140//267 145//267 144//267
f 140//268 144//268 141//268
f 141//269 144//269 142//269
f 141//270 142//270 143//270
f 144//271 147//271 151//271
f 144//272 151//272 142//272
f 145//273 146//273 147//273
f 145//274 147//274 144//274
f 146//275 148//275 150//275
f 146//276 150//276 147//276
f 147//277 150//277 153//277
f 147//278 153//278 151//278
f 150//279 149//279 255//279
f 150//280 255//280 153//280
f 148//281 250//281 149//281
f 148//282 149//282 150//282
f 151//283 153//283 155//283
f 151//284 155//284 156//284
f 156//285 155//285 163//285
f 156//286 163//286 157//286
f 155//287 154//287 152//287
f 155//288 152//288 163//288
f 153//289 255//289 154//289
f 153//290 154//290 155//290
f 143//291 142//291 158//291
f 143//292 158//292 258//292
f 258//293 158//293 161//293
f 258//294 161//294 257//294
f 158//295 156//295 157//295
f 158//296 157//296 161//296
f 142//297 151//297 156//297
f 142//298 156//298 158//298
f 257//299 161//299 162//299
f 257//300 162//300 280//300
f 280//301 162//301 160//301
f 280//302 160//302 159//302
f 162//303 164//303 168//303
f 162//304 168//304 160//304
f 161//305 157//305 164//305
f 161//306 164//306 162//306
f 157//307 163//307 167//307
f 157//308 167//308 164//308
f 164//309 167//309 171//309
f 164//310 171//310 168//310
f 167//311 165//311 166//311
f 167//312 166//312 171//312
f 163//313 152//313 165//313
f 163//314 165//314 167//314
f 168//315 171//315 173//315
f 168//316 173//316 169//316
f 169//317 173//317 170//317
f 169//318 170//318 175//318
f 173//319 172//319 284//319
f 173//320 284//320 170//320
f 171//321 166//321 172//321
f 171//322 172//322 173//322
f 159//323 160//323 176//323
f 159//324 176//324 174//324
f 174//325 176//325 181//325
f 174//326 181//326 177//326
f 176//327 169//327 175//327
f 176//328 175//328 181//328
f 160//329 168//329 169//329
f 160//330 169//330 176//330
f 177//331 181//331 179//331
f 177//332 179//332 178//332
f 178//333 179//333 180//333
f 178//334 180//334 298//334
f 179//335 182//335 189//335
f 179//336 189//336 180//336
f 181//337 175//337 182//337
f 181//338 182//338 179//338
f 175//339 170//339 183//339
f 175//340 183//340 182//340
f 182//341 183//341 185//341
f 182//342 185//342 189//342
f 183//343 283//343 286//343
f 183//344 286//344 185//344
f 170//345 284//345 283//345
f 170//346 283//346 183//346
f 189//347 185//347 184//347
f 189//348 184//348 187//348
f 187//349 184//349 196//349
f 187//350 196//350 188//350
f 184//351 288//351 302//351
f 184//352 302//352 196//352
f 185//353 286//353 288//353
f 185//354 288//354 184//354
f 298//355 180//355 190//355
f 298//356 190//356 186//356
f 186//357 190//357 192//357
f 186//358 192//358 191//358
f 190//359 187//359 188//359
f 190//360 188//360 192//360
f 180//361 189//361 187//361
f 180//362 187//362 190//362
f 191//363 192//363 195//363
f 191//364 195//364 311//364
f 311//365 195//365 203//365
f 311//366 203//366 307//366
f 195//367 193//367 194//367
f 195//368 194//368 203//368
f 192//369 188//369 193//369
f 192//370 193//370 195//370
f 188//371 196//371 197//371
f 188//372 197//372 193//372
f 193//373 197//373 198//373
f 193//374 198//374 194//374
f 197//375 301//375 199//375
f 197//376 199//376 198//376
f 196//377 302//377 301//377
f 196//378 301//378 197//378
f 194//379 198//379 201//379
f 194//380 201//380 200//380
f 200//381 201//381 217//381
f 200//382 217//382 213//382
f 201//383 202//383 329//383
f 201//384 329//384 217//384
f 198//385 199//385 202//385
f 198//386 202//386 201//386
f 307//387 203//387 205//387
f 307//388 205//388 204//388
f 204//389 205//389 212//389
f 204//390 212//390 206//390
f 205//391 200//391 213//391
f 205//392 213//392 212//392
f 203//393 194//393 200//393
f 203//394 200//394 205//394
f 206//395 212//395 210//395
f 206//396 210//396 207//396
f 207//397 210//397 208//397
f 207//398 208//398 209//398
f 210//399 211//399 214//399
f 210//400 214//400 208//400
f 212//401 213//401 211//401
f 212//402 211//402 210//402
f 213//403 217//403 215//403
f 213//404 215//404 211//404
f 211//405 215//405 216//405
f 211//406 216//406 214//406
f 215//407 330//407 221//407
f 215//408 221//408 216//408
f 217//409 329//409 330//409
f 217//410 330//410 215//410
f 214//411 216//411 219//411
f 214//412 219//412 224//412
f 224//413 219//413 218//413
f 224//414 218//414 324//414
f 219//415 220//415 336//415
f 219//416 336//416 218//416
f 216//417 221//417 220//417
f 216//418 220//418 219//418
f 209//419 208//419 223//419
f 209//420 223//420 222//420
f 222//421 223//421 327//421
f 222//422 327//422 340//422
f 223//423 224//423 324//423
f 223//424 324//424 327//424
f 208//425 214//425 224//425
f 208//426 224//426 223//426
f 238//427 124//427 225//427
f 238//428 225//428 362//428
f 362//429 225//429 234//429
f 362//430 234//430 226//430
f 225//431 135//431 235//431
f 225//432 235//432 234//432
f 135//260 134//260 227//260
f 135//433 227//433 235//433
f 134//434 230//434 228//434
f 134//435 228//435 227//435
f 229//436 136//436 230//436
f 229//437 230//437 134//437
f 235//438 227//438 232//438
f 235//439 232//439 231//439
f 231//440 232//440 317//440
f 231//441 317//441 316//441
f 232//442 233//442 352//442
f 232//443 352//443 317//443
f 227//444 228//444 233//444
f 227//445 233//445 232//445
f 226//446 234//446 236//446
f 226//447 236//447 358//447
f 358//448 236//448 320//448
f 358//449 320//449 357//449
f 236//450 231//450 316//450
f 236//451 316//451 320//451
f 234//452 235//452 231//452
f 234//453 231//453 236//453
f 14//454 242//454 237//454
f 14//455 237//455 9//455
f 9//456 237//456 239//456
f 9//457 239//457 359//457
f 237//458 123//458 238//458
f 237//459 238//459 239//459
f 242//460 241//460 123//460
f 242//461 123//461 237//461
f 16//462 249//462 240//462
f 16//463 240//463 15//463
f 15//464 240//464 242//464
f 15//465 242//465 14//465
f 240//466 243//466 241//466
f 240//467 241//467 242//467
f 249//468 250//468 243//468
f 249//469 243//469 240//469
f 246//470 245//470 244//470
f 246//471 244//471 22//471
f 22//472 244//472 260//472
f 22//473 260//473 26//473
f 244//474 132//474 140//474
f 244//475 140//475 260//475
f 245//476 247//476 132//476
f 245//477 132//477 244//477
f 347//478 348//478 248//478
f 347//479 248//479 25//479
f 25//480 248//480 245//480
f 25//481 245//481 246//481
f 248//482 137//482 247//482
f 248//483 247//483 245//483
f 348//484 136//484 137//484
f 348//485 137//485 248//485
f 36//486 251//486 252//486
f 36//487 252//487 32//487
f 32//488 252//488 249//488
f 32//489 249//489 16//489
f 252//490 149//490 250//490
f 252//491 250//491 249//491
f 251//492 255//492 149//492
f 251//493 149//493 252//493
f 266//494 267//494 254//494
f 266//495 254//495 253//495
f 253//496 254//496 251//496
f 253//497 251//497 36//497
f 254//498 154//498 255//498
f 254//499 255//499 251//499
f 267//500 152//500 154//500
f 267//501 154//501 254//501
f 39//502 262//502 259//502
f 39//503 259//503 256//503
f 256//504 259//504 279//504
f 256//505 279//505 275//505
f 259//506 258//506 257//506
f 259//507 257//507 279//507
f 262//508 143//508 258//508
f 262//509 258//509 259//509
f 26//510 260//510 263//510
f 26//511 263//511 261//511
f 261//512 263//512 262//512
f 261//513 262//513 39//513
f 263//514 141//514 143//514
f 263//515 143//515 262//515
f 260//516 140//516 141//516
f 260//517 141//517 263//517
f 270//518 268//518 264//518
f 270//519 264//519 265//519
f 265//520 264//520 267//520
f 265//521 267//521 266//521
f 264//522 165//522 152//522
f 264//523 152//523 267//523
f 268//524 166//524 165//524
f 268//525 165//525 264//525
f 63//526 285//526 269//526
f 63//527 269//527 53//527
f 53//528 269//528 268//528
f 53//529 268//529 270//529
f 269//530 172//530 166//530
f 269//531 166//531 268//531
f 285//532 284//532 172//532
f 285//533 172//533 269//533
f 55//534 278//534 271//534
f 55//535 271//535 272//535
f 272//536 271//536 273//536
f 272//537 273//537 274//537
f 271//538 174//538 177//538
f 271//539 177//539 273//539
f 278//540 159//540 174//540
f 278//541 174//541 271//541
f 275//542 279//542 277//542
f 275//543 277//543 276//543
f 276//544 277//544 278//544
f 276//545 278//545 55//545
f 277//546 280//546 159//546
f 277//547 159//547 278//547
f 279//548 257//548 280//548
f 279//549 280//549 277//549
f 65//550 289//550 281//550
f 65//551 281//551 282//551
f 282//552 281//552 285//552
f 282//553 285//553 63//553
f 281//554 283//554 284//554
f 281//555 284//555 285//555
f 289//556 286//556 283//556
f 289//557 283//557 281//557
f 300//558 290//558 287//558
f 300//559 287//559 69//559
f 69//560 287//560 289//560
f 69//561 289//561 65//561
f 287//562 288//562 286//562
f 287//563 286//563 289//563
f 290//564 302//564 288//564
f 290//565 288//565 287//565
f 291//566 295//566 293//566
f 291//567 293//567 292//567
f 292//568 293//568 294//568
f 292//569 294//569 73//569
f 293//570 186//570 191//570
f 293//571 191//571 294//571
f 295//572 298//572 186//572
f 295//573 186//573 293//573
f 274//574 273//574 297//574
f 274//575 297//575 296//575
f 296//576 297//576 295//576
f 296//577 295//577 291//577
f 297//578 178//578 298//578
f 297//579 298//579 295//579
f 273//580 177//580 178//580
f 273//581 178//581 297//581
f 80//582 304//582 299//582
f 80//583 299//583 81//583
f 81//584 299//584 290//584
f 81//585 290//585 300//585
f 299//586 301//586 302//586
f 299//587 302//587 290//587
f 304//588 199//588 301//588
f 304//589 301//589 299//589
f 303//590 328//590 305//590
f 303//591 305//591 85//591
f 85//592 305//592 304//592
f 85//593 304//593 80//593
f 305//594 202//594 199//594
f 305//595 199//595 304//595
f 328//596 329//596 202//596
f 328//597 202//597 305//597
f 76//598 309//598 308//598
f 76//599 308//599 89//599
f 89//600 308//600 341//600
f 89//601 341//601 306//601
f 308//602 204//602 206//602
f 308//603 206//603 341//603
f 309//604 307//604 204//604
f 309//605 204//605 308//605
f 73//606 294//606 310//606
f 73//607 310//607 75//607
f 75//608 310//608 309//608
f 75//609 309//609 76//609
f 310//610 311//610 307//610
f 310//611 307//611 309//611
f 294//612 191//612 311//612
f 294//613 311//613 310//613
f 120//614 315//614 313//614
f 120//615 313//615 312//615
f 312//616 313//616 351//616
f 312//617 351//617 314//617
f 313//618 317//618 352//618
f 313//619 352//619 351//619
f 315//620 316//620 317//620
f 315//621 317//621 313//621
f 122//622 318//622 321//622
f 122//623 321//623 319//623
f 319//624 321//624 315//624
f 319//625 315//625 120//625
f 321//626 320//626 316//626
f 321//627 316//627 315//627
f 318//628 357//628 320//628
f 318//629 320//629 321//629
f 107//630 323//630 322//630
f 107//631 322//631 103//631
f 103//632 322//632 335//632
f 103//633 335//633 104//633
f 322//634 218//634 336//634
f 322//635 336//635 335//635
f 323//636 324//636 218//636
f 323//637 218//637 322//637
f 338//638 325//638 326//638
f 338//639 326//639 106//639
f 106//640 326//640 323//640
f 106//641 323//641 107//641
f 326//642 327//642 324//642
f 326//643 324//643 323//643
f 325//644 340//644 327//644
f 325//645 327//645 326//645
f 99//646 334//646 331//646
f 99//647 331//647 100//647
f 100//648 331//648 328//648
f 100//649 328//649 303//649
f 331//650 330//650 329//650
f 331//651 329//651 328//651
f 334//652 221//652 330//652
f 334//653 330//653 331//653
f 104//654 335//654 332//654
f 104//655 332//655 333//655
f 333//656 332//656 334//656
f 333//657 334//657 99//657
f 332//658 220//658 221//658
f 332//659 221//659 334//659
f 335//660 336//660 220//660
f 335//661 220//661 332//661
f 342//662 344//662 339//662
f 342//663 339//663 337//663
f 337//664 339//664 325//664
f 337//665 325//665 338//665
f 339//666 222//666 340//666
f 339//667 340//667 325//667
f 344//668 209//668 222//668
f 344//669 222//669 339//669
f 306//670 341//670 343//670
f 306//671 343//671 94//671
f 94//672 343//672 344//672
f 94//673 344//673 342//673
f 343//674 207//674 209//674
f 343//675 209//675 344//675
f 341//676 206//676 207//676
f 341//677 207//677 343//677
f 350//678 349//678 345//678
f 350//679 345//679 346//679
f 346//680 345//680 348//680
f 346//681 348//681 347//681
f 345//682 230//682 136//682
f 345//683 136//683 348//683
f 349//684 228//684 230//684
f 349//685 230//685 345//685
f 314//686 351//686 353//686
f 314//687 353//687 118//687
f 118//688 353//688 349//688
f 118//689 349//689 350//689
f 353//690 233//690 228//690
f 353//691 228//691 349//691
f 351//692 352//692 233//692
f 351//693 233//693 353//693
f 354//694 361//694 356//694
f 354//695 356//695 355//695
f 355//696 356//696 318//696
f 355//697 318//697 122//697
f 356//698 358//698 357//698
f 356//699 357//699 318//699
f 361//700 226//700 358//700
f 361//701 358//701 356//701
f 359//702 239//702 360//702
f 359//703 360//703 112//703
f 112//704 360//704 361//704
f 112//705 361//705 354//705
f 360//706 362//706 226//706
f 360//707 226//707 361//707
f 239//708 238//708 362//708
f 239//709 362//709 360//709
f 417//710 363//710 364//710
f 417//711 364//711 410//711
f 363//712 365//712 402//712
f 363//713 402//713 364//713
f 365//714 415//714 401//714
f 365//715 401//715 402//715
f 415//716 366//716 400//716
f 415//717 400//717 401//717
f 366//718 414//718 367//718
f 366//719 367//719 400//719
f 414//720 368//720 370//720
f 414//721 370//721 367//721
f 368//722 369//722 372//722
f 368//723 372//723 370//723
f 369//724 373//724 371//724
f 369//725 371//725 372//725
f 373//726 374//726 375//726
f 373//727 375//727 371//727
f 374//728 412//728 376//728
f 374//729 376//729 375//729
f 412//730 413//730 399//730
f 412//731 399//731 376//731
f 413//732 377//732 378//732
f 413//733 378//733 399//733
f 377//734 379//734 381//734
f 377//735 381//735 378//735
f 379//736 382//736 380//736
f 379//737 380//737 381//737
f 382//738 383//738 403//738
f 382//739 403//739 380//739
f 383//740 416//740 384//740
f 383//741 384//741 403//741
f 416//742 418//742 385//742
f 416//743 385//743 384//743
f 418//744 386//744 405//744
f 418//745 405//745 385//745
f 386//746 420//746 388//746
f 386//747 388//747 405//747
f 420//748 387//748 406//748
f 420//749 406//749 388//749
f 387//750 389//750 407//750
f 387//751 407//751 406//751
f 389//752 423//752 391//752
f 389//753 391//753 407//753
f 423//754 424//754 390//754
f 423//755 390//755 391//755
f 424//756 426//756 392//756
f 424//757 392//757 390//757
f 426//758 425//758 394//758
f 426//759 394//759 392//759
f 425//760 393//760 408//760
f 425//761 408//761 394//761
f 393//762 422//762 396//762
f 393//763 396//763 408//763
f 422//764 395//764 397//764
f 422//765 397//765 396//765
f 395//766 421//766 398//766
f 395//767 398//767 397//767
f 421//768 419//768 404//768
f 421//769 404//769 398//769
f 372//770 371//770 375//770
f 375//771 370//771 372//771
f 375//772 376//772 370//772
f 376//773 367//773 370//773
f 376//774 399//774 367//774
f 399//775 400//775 367//775
f 399//776 378//776 400//776
f 378//777 401//777 400//777
f 378//778 381//778 401//778
f 381//779 402//779 401//779
f 381//780 380//780 402//780
f 380//781 364//781 402//781
f 380//782 403//782 364//782
f 403//783 410//783 364//783
f 403//784 384//784 410//784
f 384//785 411//785 410//785
f 384//786 385//786 411//786
f 385//787 404//787 411//787
f 385//788 405//788 404//788
f 405//789 398//789 404//789
f 405//790 388//790 398//790
f 388//791 397//791 398//791
f 388//792 406//792 397//792
f 406//793 396//793 397//793
f 406//794 407//794 396//794
f 407//795 408//795 396//795
f 407//796 391//796 408//796
f 391//797 394//797 408//797
f 391//798 390//798 394//798
f 390//799 392//799 394//799
f 419//800 409//800 411//800
f 419//801 411//801 404//801
f 409//802 417//802 410//802
f 409//803 410//803 411//803
f 374//804 373//804 369//804
f 369//805 412//805 374//805
f 369//806 368//806 412//806
f 368//807 413//807 412//807
f 368//808 414//808 413//808
f 414//809 377//809 413//809
f 414//810 366//810 377//810
f 366//811 379//811 377//811
f 366//812 415//812 379//812
f 415//813 382//813 379//813
f 415//814 365//814 382//814
f 365//815 383//815 382//815
f 365//816 363//816 383//816
f 363//817 416//817 383//817
f 363//818 417//818 416//818
f 417//819 418//819 416//819
f 417//820 409//820 418//820
f 409//821 386//821 418//821
f 409//822 419//822 386//822
f 419//823 420//823 386//823
f 419//824 421//824 420//824
f 421//825 387//825 420//825
f 421//826 395//826 387//826
f 395//827 389//827 387//827
f 395//828 422//828 389//828
f 422//829 423//829 389//829
f 422//830 393//830 423//830
f 393//831 424//831 423//831
f 393//832 425//832 424//832
f 425//833 426//833 424//833
o cup_(1).001
v 1.697311 -2.341281 15.248640
v 1.848786 -2.387395 15.254874
v 1.450518 -2.299152 15.377826
v 1.658207 -2.299436 15.385208
v 1.408680 -2.270757 15.514503
v 1.336823 -2.232777 15.742172
v 1.530094 -2.406404 15.107943
v 1.566110 -2.502940 14.980288
v 1.734317 -2.406027 15.115362
v 1.325131 -2.420273 15.099836
v 1.362411 -2.516113 14.973293
v 1.208147 -2.565075 14.976625
v 1.171260 -2.473823 15.098097
v 1.200557 -2.285521 15.503505
v 1.171610 -2.246318 15.732343
v 1.491292 -2.341248 15.241330
v 1.242721 -2.313766 15.367728
v 1.131103 -2.412183 15.226078
v 1.284890 -2.355584 15.232168
v 1.088724 -2.372169 15.358473
v 1.395932 -2.648894 14.854771
v 1.269583 -2.851122 14.759841
v 1.768662 -2.501943 14.987978
v 1.944191 -2.667228 14.887898
v 1.799639 -2.634823 14.868748
v 1.826496 -2.801771 14.759983
v 1.598561 -2.636663 14.860698
v 1.989647 -3.014800 14.691218
v 1.848496 -2.997459 14.664010
v 1.448525 -3.011269 14.650980
v 1.424896 -2.815723 14.746566
v 1.649600 -3.001354 14.655230
v 1.626650 -2.804605 14.751555
v 1.666729 -3.219566 14.574038
v 1.466120 -3.228238 14.570332
v 1.677469 -3.451566 14.510277
v 1.477099 -3.458984 14.506911
v 1.864971 -3.214590 14.583142
v 1.875362 -3.445523 14.519692
v 2.014908 -3.446888 14.552073
v 2.018848 -3.675749 14.509132
v 1.879452 -3.682308 14.475126
v 1.868513 -4.141962 14.448370
v 2.008873 -4.119634 14.483745
v 1.877145 -3.917040 14.450925
v 1.481242 -3.695557 14.462196
v 1.679038 -3.925163 14.440907
v 1.681604 -3.689399 14.465405
v 1.468803 -4.154715 14.434645
v 1.478451 -3.930053 14.437676
v 1.669845 -4.151104 14.438087
v 1.430054 -4.545048 14.496711
v 1.632655 -4.543939 14.501154
v 1.452490 -4.361986 14.454311
v 1.654209 -4.359650 14.458153
v 1.853740 -4.349508 14.468652
v 1.995240 -4.319392 14.503572
v 1.833335 -4.532853 14.511785
v 1.807899 -4.685631 14.577417
v 1.976418 -4.495297 14.545294
v 1.246484 -4.662137 14.580671
v 1.402138 -4.697554 14.561521
v 1.605805 -4.697562 14.566767
v 1.177781 -4.850119 14.764449
v 1.369469 -4.815040 14.647660
v 1.539120 -4.896909 14.760439
v 1.332804 -4.895276 14.753221
v 1.292962 -4.944018 14.873979
v 1.574377 -4.815985 14.653852
v 1.744651 -4.883832 14.770959
v 1.778106 -4.803372 14.664452
v 1.925486 -4.753568 14.692328
v 1.708265 -4.932769 14.892711
v 1.894446 -4.830116 14.795339
v 1.500835 -4.946118 14.882195
v 1.669565 -4.958257 15.024518
v 1.823664 -4.900662 15.043541
v 1.418729 -4.982899 15.149824
v 1.628591 -4.969417 15.160478
v 1.251019 -4.969329 15.004784
v 1.208972 -4.980271 15.139829
v 1.460380 -4.971729 15.013898
v 1.095660 -4.920049 15.009266
v 1.053864 -4.930100 15.142107
v 1.180436 -4.985655 15.370835
v 1.347041 -4.989524 15.379438
v 1.156472 -4.986944 15.472786
v 1.313974 -4.991131 15.482784
v 1.514170 -4.977336 15.388417
v 1.637999 -4.919348 15.404076
v 1.473095 -4.979182 15.489958
v 1.426810 -4.972866 15.580872
v 1.045472 -4.929003 15.559898
v 1.283731 -4.984065 15.577733
v 1.262084 -4.929118 15.655912
v 1.141412 -4.926560 15.639482
v 1.144501 -4.979693 15.565169
v 1.616982 -2.271248 15.521934
v 1.502653 -2.235091 15.748223
v 1.461574 -2.218806 15.848660
v 1.303711 -2.215838 15.844321
v 1.147567 -2.229406 15.833075
v 1.037639 -2.280693 15.903775
v 1.033345 -2.289616 15.819383
v 1.135508 -2.221898 15.922231
v 1.415449 -2.212491 15.936541
v 1.273504 -2.208592 15.936007
v 1.465980 -2.284481 15.975622
v 1.618971 -2.630446 15.508343
v 1.657044 -2.652260 15.382236
v 1.811221 -2.592831 15.387010
v 1.844841 -2.624912 15.265657
v 1.690888 -2.682649 15.263961
v 1.540754 -2.807762 15.056994
v 1.514198 -2.742111 15.151467
v 1.720407 -2.727860 15.157414
v 1.483535 -2.697326 15.257061
v 1.276452 -2.696643 15.246992
v 1.159081 -2.697404 15.126689
v 1.336446 -2.808083 15.046346
v 1.308586 -2.741825 15.141202
v 1.410066 -2.645425 15.500174
v 1.448479 -2.667174 15.374536
v 1.201226 -2.644365 15.489637
v 1.086412 -2.617257 15.356068
v 1.047005 -2.594450 15.482277
v 1.239978 -2.666256 15.364395
v 1.124721 -2.649326 15.236259
v 1.215488 -2.866553 14.936651
v 1.360534 -2.900461 14.960663
v 1.237984 -2.992704 14.854358
v 1.583415 -3.017211 14.894516
v 1.746044 -2.794164 15.061929
v 1.768279 -2.886612 14.975739
v 1.563720 -2.899306 14.971779
v 1.923428 -2.842413 14.962593
v 1.787390 -3.005598 14.897603
v 1.599902 -3.159965 14.824628
v 1.803414 -3.149531 14.827017
v 1.815728 -3.313411 14.766131
v 1.943130 -2.968731 14.879568
v 1.398377 -3.163174 14.812623
v 1.612542 -3.322620 14.764262
v 1.381159 -3.019355 14.882926
v 1.270817 -3.316217 14.716521
v 1.411531 -3.326917 14.751898
v 1.419892 -3.504480 14.703428
v 1.620625 -3.499104 14.716101
v 1.826830 -3.674934 14.683384
v 1.823646 -3.491132 14.717636
v 1.623805 -3.681664 14.682014
v 1.975537 -4.041067 14.633574
v 1.825117 -3.856797 14.665023
v 1.272873 -4.063260 14.607943
v 1.423109 -3.688103 14.669065
v 1.621912 -3.862278 14.663656
v 1.421013 -3.869771 14.650465
v 1.413769 -4.041783 14.648450
v 1.385485 -4.330490 14.694664
v 1.603709 -4.187445 14.676971
v 1.588356 -4.319948 14.708166
v 1.615106 -4.033245 14.661831
v 1.401706 -4.197011 14.663477
v 1.818655 -4.029012 14.663361
v 1.807750 -4.184448 14.678841
v 1.964493 -4.204561 14.650018
v 1.949471 -4.345901 14.683750
v 1.793013 -4.318127 14.710556
v 1.774978 -4.426153 14.757729
v 1.931000 -4.460800 14.734037
v 1.220220 -4.481897 14.705522
v 1.365680 -4.438328 14.741250
v 1.569601 -4.426915 14.754635
v 1.194508 -4.568341 14.771789
v 1.342178 -4.519329 14.804165
v 1.314645 -4.573887 14.884474
v 1.164652 -4.626681 14.855709
v 1.130407 -4.661572 14.956805
v 1.547325 -4.507217 14.817354
v 1.728428 -4.562027 14.902310
v 1.521181 -4.561306 14.897470
v 1.699200 -4.594705 15.001006
v 1.490726 -4.593579 14.995266
v 1.854412 -4.641308 14.989244
v 1.753552 -4.507321 14.821287
v 1.455765 -4.609550 15.109623
v 1.665520 -4.610932 15.116126
v 1.417397 -4.615339 15.234888
v 1.821041 -4.658944 15.107196
v 1.627544 -4.616927 15.241838
v 1.246211 -4.622528 15.096621
v 1.052684 -4.685456 15.198982
v 1.282648 -4.606433 14.982373
v 1.180619 -4.627722 15.447124
v 1.057679 -4.685101 15.426709
v 1.207457 -4.628333 15.221487
v 1.347359 -4.615750 15.458915
v 1.514590 -4.618937 15.464446
v 1.638348 -4.669945 15.456895
v 1.473890 -4.618313 15.564629
v 1.427640 -4.625093 15.652050
v 1.284517 -4.621157 15.652140
v 1.390058 -4.677917 15.702940
v 1.533236 -4.675476 15.636274
v 1.157077 -4.626527 15.547702
v 1.045908 -4.687851 15.609557
v 1.145182 -4.632316 15.636558
v 1.068384 -4.712534 15.657163
v 1.314705 -4.614735 15.560833
v 1.506130 -2.600597 15.729630
v 1.339952 -2.614049 15.722676
v 1.307279 -2.599769 15.823691
v 1.465437 -2.586825 15.828962
v 1.174132 -2.611515 15.713569
v 1.051589 -2.559837 15.708124
v 1.138500 -2.576166 15.903106
v 1.150544 -2.597120 15.813212
v 1.523669 -2.510830 15.915250
v 1.419197 -2.567030 15.917557
v 1.254699 -2.512455 15.985339
v 1.277017 -2.578619 15.916143
v 1.811620 -2.347340 15.388979
v 1.771325 -2.320229 15.524117
v 1.865711 -2.467944 15.389454
v 1.773049 -2.570155 15.514740
v 1.900721 -2.503968 15.261603
v 1.883480 -2.449125 15.125299
v 1.932507 -2.558851 15.141200
v 1.961205 -2.639886 15.029288
v 1.874488 -2.673046 15.154720
v 1.074032 -2.532259 15.228136
v 1.111671 -2.587059 15.109434
v 1.189235 -2.768087 15.027204
v 1.046878 -2.344954 15.491990
v 1.033328 -2.496265 15.354114
v 1.969129 -2.826914 14.783527
v 1.915449 -2.540502 15.002421
v 1.986716 -2.752532 14.926126
v 1.900586 -2.743819 15.054087
v 2.027129 -3.065495 14.748713
v 2.008808 -2.895557 14.832288
v 1.972234 -3.292698 14.740913
v 1.959605 -3.120613 14.804944
v 1.292821 -3.038768 14.668186
v 1.222319 -3.092940 14.721269
v 1.310146 -3.247621 14.590605
v 1.256652 -3.144379 14.780258
v 1.238200 -3.283324 14.650586
v 1.201169 -2.923260 14.804165
v 1.241137 -2.691637 14.863281
v 1.145533 -2.667970 14.998993
v 1.175451 -2.780449 14.897048
v 2.049957 -3.460724 14.621623
v 2.041047 -3.256181 14.677654
v 2.005096 -3.223930 14.613276
v 1.983676 -3.670639 14.654330
v 1.980362 -3.478639 14.690108
v 2.016810 -3.902583 14.485953
v 2.053582 -3.671257 14.582273
v 1.982024 -3.860690 14.635196
v 2.051796 -3.879805 14.561172
v 1.324967 -3.698760 14.486260
v 1.251851 -3.697658 14.555004
v 1.322113 -3.925192 14.462549
v 1.249196 -3.905773 14.533344
v 1.240300 -4.104123 14.530687
v 1.280784 -3.883253 14.610211
v 1.320942 -3.470260 14.529450
v 1.248142 -3.487519 14.594611
v 1.283130 -3.693552 14.629783
v 1.279754 -3.501873 14.665763
v 2.032536 -4.260335 14.577604
v 2.044701 -4.078621 14.559346
v 1.952986 -4.641348 14.608485
v 1.995156 -4.549526 14.672387
v 2.015837 -4.419022 14.615481
v 1.274045 -4.516540 14.518850
v 1.180269 -4.573605 14.639994
v 1.214192 -4.773938 14.663027
v 1.150935 -4.672666 14.714272
v 1.205208 -4.443561 14.584498
v 1.241960 -4.367346 14.656317
v 1.312472 -4.141806 14.459546
v 1.296257 -4.341102 14.478345
v 1.225429 -4.285355 14.547880
v 1.259712 -4.226376 14.623557
v 1.942896 -4.716555 14.842482
v 1.970779 -4.649007 14.748207
v 1.883659 -4.606173 14.886714
v 1.909112 -4.547557 14.801491
v 1.911658 -4.757311 14.953199
v 1.783641 -4.911084 15.177947
v 1.877006 -4.778144 15.077081
v 1.860400 -4.876574 14.913954
v 1.137905 -4.896259 14.881394
v 1.039316 -4.800803 15.037820
v 1.092114 -4.678965 15.073198
v 0.998635 -4.809019 15.166897
v 1.117431 -4.739845 14.806887
v 1.079965 -4.780279 14.915815
v 1.252265 -2.254029 15.999028
v 1.132643 -2.265252 15.981901
v 1.130904 -2.385329 15.996830
v 1.060068 -2.297998 15.954561
v 1.134745 -2.512375 15.968730
v 1.061604 -2.491340 15.944178
v 1.378699 -2.257047 15.994748
v 1.245837 -2.379546 16.015635
v 1.468114 -2.478038 15.965345
v 1.381266 -2.504337 15.981659
v 1.368907 -2.377489 16.009369
v 1.389497 -4.920568 15.653492
v 1.485918 -4.796969 15.668260
v 1.378675 -4.799352 15.699571
v 1.477673 -4.702260 15.679949
v 1.254707 -4.802319 15.705463
v 1.141885 -4.684153 15.689055
v 1.262620 -4.675567 15.707643
v 1.138885 -4.805242 15.686012
v 1.681904 -4.793460 15.431931
v 1.783027 -4.665770 15.234459
v 1.838152 -4.786767 15.207909
v 1.592114 -4.669988 15.554542
v 1.477205 -4.892181 15.641239
v 1.568963 -4.795413 15.610868
v 1.532619 -4.917098 15.586867
v 1.591514 -4.921062 15.502668
v 1.633644 -4.794437 15.528975
v 1.011401 -4.809313 15.580173
v 1.055233 -4.807608 15.644151
v 1.068031 -4.902144 15.618295
v 1.057616 -4.933939 15.373576
v 1.014334 -4.810566 15.397043
v 1.000474 -4.810423 15.494931
v 1.040984 -4.934687 15.472900
v 1.041354 -4.684159 15.525072
v 1.007814 -2.434211 15.711801
v 1.050078 -2.305904 15.721231
v 0.992649 -2.471292 15.483744
v 0.993860 -2.418882 15.808618
v 1.035191 -2.545261 15.805513
v 1.004546 -2.405101 15.892756
v 1.039533 -2.526675 15.890428
v 1.047941 -2.393896 15.955778
v 1.622503 -2.397988 15.839890
v 1.520870 -2.264526 15.928432
v 1.558044 -2.386782 15.921045
v 1.475443 -2.379788 15.978046
v 1.670722 -2.412068 15.743724
v 1.625972 -2.286464 15.748887
v 1.579516 -2.271264 15.846492
v 1.628637 -2.540770 15.736001
v 1.582433 -2.527278 15.832823
v 1.826629 -2.443107 15.520889
v -0.414202 -5.469879 15.487782
v -0.245646 -5.465905 15.329937
v -0.408027 -1.339515 15.970810
v -0.028398 -5.461321 15.192022
v -0.028002 -1.405672 15.682513
v 0.228838 -5.456036 15.077556
v 0.225742 -1.429421 15.570441
v 0.516512 -5.449992 14.989229
v 0.813684 -1.454518 15.423541
v 0.824519 -5.443223 14.929043
v 1.127456 -1.455140 15.392060
v 1.142460 -5.435862 14.898407
v 1.459856 -5.428177 14.898201
v 1.742532 -1.432687 15.417682
v 2.051900 -5.413404 14.989813
v 2.273983 -1.381713 15.561440
v 2.023520 -1.410420 15.475111
v 2.522374 -5.402609 15.198634
v 2.690193 -5.399829 15.341718
v 2.803268 -5.399223 15.505683
v 2.855895 -5.400932 15.685390
v 2.844104 -5.404932 15.874532
v 2.717088 -1.138606 16.517578
v 2.795350 -1.180494 16.330938
v 2.622622 -5.418864 16.250904
v 2.157271 -5.437665 16.568832
v 1.816340 -1.019017 17.124964
v 2.116131 -1.038729 17.010212
v 1.514811 -5.456585 16.764847
v 1.137429 -1.006263 17.241823
v 1.160087 -5.464664 16.802700
v 0.804104 -5.471277 16.796989
v 0.454239 -1.030740 17.191614
v 0.788474 -1.013956 17.237652
v 0.463142 -5.476214 16.748295
v -0.326678 -5.481316 16.385305
v -0.112208 -1.088051 16.987852
v -0.476923 -5.480434 16.214182
v -0.551281 -1.211789 16.498737
v -0.468635 -1.167762 16.676121
v 1.440513 -1.447768 15.389957
v 0.509654 -1.445868 15.483468
v 2.485104 -1.347506 15.674998
v 2.648928 -1.308923 15.813124
v -0.242116 -1.375372 15.817099
v 2.758602 -1.267251 15.972018
v 2.808651 -1.223922 16.146677
v -0.567393 -1.256216 16.317429
v 2.574785 -1.099940 16.698587
v 2.372202 -1.066139 16.865564
v -0.320813 -1.125922 16.841806
v 0.149650 -1.055830 17.106665
v 1.485276 -1.007997 17.203602
v -0.560678 -5.478684 16.031221
v -0.576694 -5.476271 15.844403
v -0.526540 -5.473323 15.661099
v -0.518377 -1.299322 16.139357
v 1.766355 -5.420538 14.928759
v 2.306895 -5.407270 15.080385
v 2.766090 -5.411031 16.065754
v 2.417405 -5.427939 16.421417
v 1.852164 -5.447412 16.685429
v -0.114319 -5.481072 16.536417
v 0.152532 -5.479444 16.659697
vn -0.3022 -0.9475 0.1042
vn -0.2988 -0.9489 0.1013
vn -0.2965 -0.9336 0.2012
vn -0.2929 -0.9354 0.1982
vn -0.0117 -0.9565 0.2915
vn -0.0105 -0.9569 0.2902
vn -0.0084 -0.9799 0.1995
vn -0.0095 -0.9796 0.2006
vn -0.0081 -0.9867 0.1621
vn -0.0192 -0.9888 0.1483
vn -0.2857 -0.8908 0.3534
vn -0.2815 -0.8934 0.3502
vn -0.2675 -0.8030 0.5325
vn -0.2638 -0.8056 0.5305
vn -0.0203 -0.8002 0.5994
vn -0.0188 -0.8011 0.5982
vn -0.0156 -0.9002 0.4352
vn -0.0141 -0.9009 0.4338
vn 0.0421 -0.8925 0.4491
vn 0.0427 -0.8928 0.4485
vn 0.0295 -0.7926 0.6090
vn 0.0304 -0.7931 0.6083
vn 0.2492 -0.7365 0.6289
vn 0.2472 -0.7360 0.6302
vn 0.2846 -0.8257 0.4870
vn 0.2817 -0.8254 0.4892
vn 0.0578 -0.9738 0.2200
vn 0.0574 -0.9737 0.2204
vn 0.0604 -0.9825 0.1760
vn 0.0693 -0.9802 0.1854
vn 0.0518 -0.9496 0.3090
vn 0.0523 -0.9498 0.3085
vn 0.3109 -0.8776 0.3648
vn 0.3085 -0.8777 0.3667
vn 0.3269 -0.9007 0.2861
vn 0.3244 -0.9010 0.2882
vn 0.2128 -0.6205 0.7548
vn 0.2131 -0.6201 0.7550
vn 0.0181 -0.6633 0.7482
vn 0.0173 -0.6642 0.7474
vn 0.0092 -0.5430 0.8397
vn 0.0083 -0.5439 0.8391
vn 0.1881 -0.5106 0.8390
vn 0.1873 -0.5114 0.8387
vn -0.0236 -0.6696 0.7423
vn -0.0248 -0.6708 0.7412
vn -0.2439 -0.6786 0.6929
vn -0.2466 -0.6800 0.6905
vn -0.2299 -0.5569 0.7981
vn -0.2306 -0.5573 0.7976
vn -0.0275 -0.5479 0.8361
vn -0.0284 -0.5489 0.8354
vn -0.0309 -0.4424 0.8963
vn -0.0315 -0.4430 0.8960
vn -0.2220 -0.4494 0.8653
vn -0.2221 -0.4494 0.8653
vn -0.2191 -0.3551 0.9088
vn -0.2188 -0.3549 0.9089
vn -0.0342 -0.3509 0.9358
vn -0.0344 -0.3511 0.9357
vn 0.1720 -0.4151 0.8934
vn 0.1711 -0.4159 0.8932
vn 0.0027 -0.4389 0.8985
vn 0.0020 -0.4395 0.8982
vn -0.0022 -0.3486 0.9373
vn -0.0026 -0.3489 0.9372
vn 0.1620 -0.3318 0.9293
vn 0.1614 -0.3323 0.9293
vn 0.1561 -0.2546 0.9544
vn 0.1557 -0.2549 0.9543
vn -0.0064 -0.2653 0.9641
vn -0.0063 -0.2653 0.9642
vn -0.0100 -0.1859 0.9825
vn -0.0096 -0.1856 0.9826
vn 0.1533 -0.1809 0.9715
vn -0.0377 -0.2664 0.9631
vn -0.0376 -0.2663 0.9632
vn -0.2203 -0.2676 0.9380
vn -0.2196 -0.2672 0.9383
vn -0.2248 -0.1840 0.9569
vn -0.2239 -0.1834 0.9572
vn -0.0416 -0.1859 0.9817
vn -0.0410 -0.1855 0.9818
vn -0.0460 -0.1027 0.9936
vn -0.0452 -0.1020 0.9938
vn -0.2326 -0.0975 0.9677
vn -0.2316 -0.0968 0.9680
vn -0.2441 -0.0016 0.9697
vn -0.2432 -0.0010 0.9700
vn -0.0512 -0.0104 0.9986
vn -0.0501 -0.0094 0.9987
vn 0.1531 -0.1048 0.9826
vn 0.1535 -0.1046 0.9826
vn -0.0135 -0.1038 0.9945
vn -0.0128 -0.1032 0.9946
vn -0.0169 -0.0128 0.9998
vn -0.0158 -0.0118 0.9998
vn 0.1556 -0.0206 0.9876
vn 0.1565 -0.0200 0.9875
vn 0.1619 0.0796 0.9836
vn 0.1633 0.0805 0.9833
vn -0.0201 0.0960 0.9952
vn -0.0188 0.0972 0.9951
vn -0.0226 0.2282 0.9733
vn -0.0212 0.2295 0.9731
vn 0.1735 0.2006 0.9642
vn 0.1752 0.2017 0.9636
vn -0.0573 0.0999 0.9933
vn -0.0561 0.1011 0.9933
vn -0.2605 0.1123 0.9589
vn -0.2597 0.1129 0.9591
vn -0.2824 0.2494 0.9263
vn -0.2818 0.2499 0.9264
vn -0.0643 0.2339 0.9701
vn -0.0630 0.2352 0.9699
vn -0.0719 0.4024 0.9127
vn -0.0706 0.4036 0.9122
vn -0.3105 0.4184 0.8536
vn -0.3099 0.4190 0.8535
vn -0.3419 0.6130 0.7123
vn -0.3400 0.6149 0.7115
vn -0.0787 0.6041 0.7930
vn -0.0775 0.6052 0.7923
vn 0.1928 0.3523 0.9158
vn 0.1944 0.3533 0.9151
vn -0.0236 0.3947 0.9185
vn -0.0223 0.3960 0.9180
vn -0.0215 0.5950 0.8034
vn -0.0207 0.5959 0.8028
vn 0.2224 0.5358 0.8145
vn 0.2221 0.5356 0.8147
vn 0.2576 0.7259 0.6377
vn 0.2552 0.7250 0.6397
vn -0.0147 0.7985 0.6018
vn -0.0145 0.7987 0.6016
vn -0.0054 0.9279 0.3728
vn -0.0057 0.9277 0.3732
vn 0.2841 0.8549 0.4342
vn 0.2806 0.8544 0.4374
vn -0.0813 0.8066 0.5855
vn -0.0804 0.8073 0.5846
vn -0.3640 0.7946 0.4859
vn -0.3609 0.7973 0.4837
vn -0.3660 0.8962 0.2508
vn -0.3625 0.8984 0.2478
vn -0.0779 0.9326 0.3524
vn -0.0774 0.9329 0.3518
vn -0.0719 0.9830 0.1691
vn -0.0718 0.9830 0.1690
vn -0.3572 0.9310 0.0751
vn -0.3545 0.9322 0.0728
vn -0.3492 0.9366 -0.0283
vn -0.3466 0.9375 -0.0305
vn -0.0671 0.9959 0.0613
vn -0.0673 0.9958 0.0615
vn 0.2983 0.9158 0.2689
vn 0.2951 0.9160 0.2719
vn 0.0029 0.9816 0.1909
vn 0.0023 0.9815 0.1916
vn 0.0085 0.9965 0.0834
vn 0.0078 0.9964 0.0843
vn 0.3057 0.9374 0.1671
vn 0.3024 0.9379 0.1701
vn 0.3882 0.9215 0.0090
vn 0.3080 0.9495 0.0602
vn 0.0219 0.9994 0.0260
vn 0.0110 0.9994 0.0323
vn 0.0220 0.9995 0.0226
vn 0.0254 0.9995 0.0186
vn 0.4111 0.9084 0.0757
vn 0.3880 0.9159 0.1028
vn -0.0642 0.9979 0.0024
vn -0.0731 0.9973 0.0060
vn -0.0745 0.9972 -0.0083
vn -0.0721 0.9973 -0.0110
vn -0.4003 0.9006 -0.1696
vn -0.3289 0.9275 -0.1779
vn -0.4219 0.8934 -0.1544
vn -0.3997 0.9002 -0.1728
vn -0.0755 0.9923 -0.0979
vn -0.0698 0.9921 -0.1045
vn -0.4350 0.8555 -0.2809
vn -0.3909 0.8652 -0.3142
vn -0.3138 0.6866 -0.6558
vn -0.3261 0.6884 -0.6479
vn -0.0653 0.8078 -0.5858
vn -0.0493 0.7983 -0.6002
vn 0.4576 0.8854 -0.0815
vn 0.4122 0.9109 -0.0181
vn 0.0379 0.9966 -0.0733
vn 0.0306 0.9974 -0.0645
vn 0.0957 0.8116 -0.5763
vn 0.0764 0.8256 -0.5591
vn 0.4003 0.7640 -0.5060
vn 0.4113 0.7495 -0.5188
vn -0.3818 -0.9178 -0.1090
vn -0.3025 -0.9532 -0.0005
vn -0.0227 -0.9883 0.1509
vn -0.0195 -0.9873 0.1574
vn -0.4066 -0.9121 -0.0515
vn -0.3845 -0.9231 -0.0076
vn 0.4158 -0.8862 0.2044
vn 0.3465 -0.9255 0.1528
vn 0.4283 -0.8689 0.2481
vn 0.4136 -0.8841 0.2172
vn 0.0718 -0.9800 0.1858
vn 0.0696 -0.9810 0.1813
vn 0.0849 -0.9907 0.1063
vn 0.0794 -0.9924 0.0943
vn 0.4906 -0.8602 0.1388
vn 0.4585 -0.8859 0.0703
vn 0.5052 -0.7095 -0.4913
vn 0.5177 -0.7137 -0.4718
vn 0.1552 -0.8254 -0.5428
vn 0.1353 -0.8046 -0.5781
vn -0.4441 -0.8612 -0.2470
vn -0.4042 -0.9027 -0.1473
vn -0.0276 -0.9980 0.0572
vn -0.0207 -0.9972 0.0720
vn -0.0397 -0.7812 -0.6231
vn -0.0200 -0.8078 -0.5891
vn -0.3512 -0.6431 -0.6805
vn -0.3588 -0.6179 -0.6996
vn -0.3400 0.9032 -0.2620
vn -0.3425 0.9029 -0.2596
vn -0.0631 0.9800 -0.1886
vn -0.0629 0.9800 -0.1889
vn -0.0644 0.9851 -0.1592
vn -0.0725 0.9829 -0.1695
vn -0.0593 0.9626 -0.2643
vn -0.0591 0.9625 -0.2647
vn -0.3289 0.8865 -0.3255
vn -0.3317 0.8865 -0.3227
vn -0.3068 0.8405 -0.4467
vn -0.3105 0.8411 -0.4429
vn -0.0516 0.9141 -0.4022
vn -0.0513 0.9140 -0.4025
vn -0.0402 0.8156 -0.5772
vn -0.0397 0.8153 -0.5777
vn -0.2752 0.7514 -0.5998
vn -0.2781 0.7524 -0.5971
vn 0.0205 0.9226 -0.3853
vn 0.0219 0.9218 -0.3871
vn 0.2983 0.9071 -0.2968
vn 0.3032 0.9039 -0.3015
vn 0.2873 0.8228 -0.4904
vn 0.2914 0.8193 -0.4938
vn 0.0282 0.8246 -0.5651
vn 0.0294 0.8235 -0.5666
vn 0.0125 0.9859 -0.1669
vn 0.0135 0.9857 -0.1681
vn 0.0123 0.9895 -0.1437
vn 0.0224 0.9909 -0.1327
vn 0.3067 0.9492 -0.0710
vn 0.3103 0.9477 -0.0744
vn 0.3040 0.9409 -0.1491
vn 0.3079 0.9390 -0.1529
vn 0.0151 0.9696 -0.2444
vn 0.0162 0.9692 -0.2458
vn 0.2747 0.6914 -0.6682
vn 0.2723 0.6897 -0.6710
vn 0.2610 0.5596 -0.7866
vn 0.2611 0.5596 -0.7865
vn 0.0424 0.5526 -0.8324
vn 0.0419 0.5518 -0.8329
vn 0.0368 0.6858 -0.7268
vn 0.0359 0.6846 -0.7280
vn -0.0273 0.6781 -0.7344
vn -0.0278 0.6773 -0.7351
vn -0.0177 0.5468 -0.8371
vn -0.0184 0.5459 -0.8377
vn -0.2164 0.5124 -0.8310
vn -0.2173 0.5112 -0.8316
vn -0.2424 0.6292 -0.7385
vn -0.2420 0.6299 -0.7380
vn -0.0114 0.4393 -0.8983
vn -0.0119 0.4386 -0.8986
vn -0.0068 0.3478 -0.9375
vn -0.0071 0.3474 -0.9377
vn -0.1917 0.3299 -0.9244
vn -0.1925 0.3290 -0.9245
vn -0.2009 0.4143 -0.8877
vn -0.2020 0.4130 -0.8880
vn 0.2545 0.4491 -0.8565
vn 0.2551 0.4496 -0.8560
vn 0.2526 0.3542 -0.9004
vn 0.2532 0.3547 -0.9000
vn 0.0501 0.3509 -0.9351
vn 0.0500 0.3508 -0.9351
vn 0.0466 0.4436 -0.8950
vn 0.0463 0.4432 -0.8952
vn 0.2540 0.2658 -0.9300
vn 0.2548 0.2664 -0.9296
vn 0.2584 0.1821 -0.9487
vn 0.2591 0.1826 -0.9484
vn 0.0570 0.1842 -0.9812
vn 0.0574 0.1846 -0.9811
vn 0.0535 0.2652 -0.9627
vn 0.0537 0.2653 -0.9627
vn -0.0030 0.2631 -0.9648
vn 0.0002 0.1832 -0.9831
vn 0.0005 0.1836 -0.9830
vn -0.1839 0.1770 -0.9669
vn -0.1863 0.2514 -0.9498
vn -0.1868 0.2509 -0.9498
vn 0.0034 0.1004 -0.9949
vn 0.0040 0.1011 -0.9949
vn 0.0065 0.0094 -0.9999
vn 0.0073 0.0104 -0.9999
vn -0.1864 0.0155 -0.9824
vn -0.1853 0.0164 -0.9825
vn -0.1839 0.1000 -0.9778
vn -0.1834 0.1005 -0.9779
vn 0.2655 0.0952 -0.9594
vn 0.2661 0.0957 -0.9592
vn 0.2759 -0.0004 -0.9612
vn 0.2763 -0.0000 -0.9611
vn 0.0652 0.0081 -0.9978
vn 0.0659 0.0089 -0.9978
vn 0.0609 0.1003 -0.9931
vn 0.0614 0.1010 -0.9930
vn 0.2906 -0.1145 -0.9500
vn 0.2907 -0.1144 -0.9499
vn 0.3098 -0.2519 -0.9168
vn 0.3097 -0.2521 -0.9168
vn 0.0759 -0.2368 -0.9686
vn 0.0767 -0.2357 -0.9688
vn 0.0703 -0.1026 -0.9922
vn 0.0711 -0.1016 -0.9923
vn 0.0096 -0.0998 -0.9950
vn 0.0106 -0.0985 -0.9951
vn 0.0123 -0.2321 -0.9726
vn 0.0134 -0.2306 -0.9730
vn -0.2026 -0.2069 -0.9572
vn -0.2006 -0.2052 -0.9580
vn -0.1922 -0.0853 -0.9776
vn -0.1906 -0.0840 -0.9781
vn 0.0143 -0.4021 -0.9155
vn 0.0153 -0.4007 -0.9161
vn 0.0141 -0.6188 -0.7854
vn 0.0147 -0.6180 -0.7860
vn -0.2441 -0.5561 -0.7945
vn -0.2450 -0.5568 -0.7937
vn -0.2194 -0.3614 -0.9062
vn -0.2177 -0.3598 -0.9073
vn 0.3339 -0.4248 -0.8414
vn 0.3583 -0.6353 -0.6841
vn 0.3603 -0.6327 -0.6855
vn 0.0859 -0.6280 -0.7735
vn 0.0868 -0.6267 -0.7744
vn 0.0817 -0.4091 -0.9088
vn 0.0825 -0.4079 -0.9093
vn 0.3680 -0.8229 -0.4329
vn 0.3720 -0.8189 -0.4370
vn 0.3579 -0.9148 -0.1872
vn 0.3625 -0.9120 -0.1919
vn 0.0764 -0.9537 -0.2909
vn 0.0770 -0.9534 -0.2918
vn 0.0841 -0.8384 -0.5386
vn 0.0850 -0.8375 -0.5398
vn 0.0102 -0.8302 -0.5574
vn 0.0101 -0.8303 -0.5573
vn 0.0040 -0.9497 -0.3132
vn 0.0035 -0.9499 -0.3124
vn -0.2881 -0.8777 -0.3829
vn -0.2924 -0.8786 -0.3775
vn -0.2711 -0.7534 -0.5991
vn -0.2746 -0.7553 -0.5951
vn -0.0015 -0.9901 -0.1400
vn -0.0022 -0.9903 -0.1390
vn -0.0051 -0.9988 -0.0492
vn -0.0060 -0.9988 -0.0480
vn -0.2994 -0.9438 -0.1401
vn -0.3028 -0.9432 -0.1364
vn -0.2958 -0.9290 -0.2226
vn -0.2993 -0.9288 -0.2185
vn 0.3438 -0.9388 -0.0226
vn 0.3472 -0.9374 -0.0258
vn 0.3352 -0.9402 0.0603
vn 0.3383 -0.9393 0.0576
vn 0.0634 -0.9976 -0.0267
vn 0.0635 -0.9976 -0.0267
vn 0.0685 -0.9907 -0.1174
vn 0.0687 -0.9907 -0.1177
vn 0.3404 -0.9393 0.0430
vn 0.4240 -0.9056 -0.0079
vn 0.4061 -0.9077 0.1058
vn 0.4317 -0.8984 0.0803
vn 0.0693 -0.9971 0.0321
vn 0.0722 -0.9970 0.0287
vn 0.0607 -0.9980 0.0171
vn 0.0708 -0.9974 0.0111
vn -0.0071 -0.9999 -0.0126
vn -0.0188 -0.9998 -0.0077
vn -0.0190 -0.9998 -0.0015
vn -0.0225 -0.9997 0.0027
vn -0.3842 -0.9051 -0.1823
vn -0.4068 -0.8995 -0.1597
vn -0.3020 -0.9290 -0.2139
vn -0.3837 -0.9009 -0.2028
vn -0.0203 -0.9959 -0.0880
vn -0.0275 -0.9965 -0.0792
vn -0.0193 -0.6865 -0.7269
vn -0.0391 -0.7058 -0.7073
vn -0.3620 -0.5155 -0.7767
vn -0.3481 -0.5101 -0.7865
vn -0.4004 -0.8487 -0.3455
vn -0.4469 -0.8422 -0.3017
vn 0.4456 -0.8952 0.0013
vn 0.5005 -0.8633 -0.0647
vn 0.5109 -0.6275 -0.5876
vn 0.4995 -0.6499 -0.5728
vn 0.1333 -0.7335 -0.6665
vn 0.1564 -0.7077 -0.6890
vn 0.0782 -0.9960 -0.0442
vn 0.0856 -0.9949 -0.0533
vn -0.3378 0.8945 -0.2929
vn -0.3925 0.8429 -0.3681
vn -0.4082 0.8665 -0.2874
vn -0.4214 0.8488 -0.3194
vn -0.0728 0.9840 -0.1627
vn -0.0749 0.9831 -0.1670
vn 0.0227 0.9902 -0.1377
vn 0.0256 0.9909 -0.1318
vn 0.3903 0.9179 -0.0717
vn 0.4117 0.9107 -0.0341
vn 0.3109 0.9385 -0.1501
vn 0.3904 0.9165 -0.0872
vn 0.0314 0.9743 -0.2229
vn 0.0372 0.9767 -0.2113
vn 0.0779 0.7171 -0.6926
vn 0.0936 0.7345 -0.6721
vn 0.4149 0.6727 -0.6126
vn 0.4023 0.6679 -0.6262
vn 0.4124 0.8853 -0.2149
vn 0.4573 0.8777 -0.1433
vn -0.4061 0.8236 -0.3960
vn -0.4284 0.7774 -0.4605
vn -0.3248 0.5729 -0.7525
vn -0.3183 0.5919 -0.7405
vn -0.0512 0.7135 -0.6988
vn -0.0653 0.6938 -0.7172
vn -0.0710 0.9671 -0.2445
vn -0.0760 0.9639 -0.2551
vn -0.9026 -0.4097 -0.1317
vn -0.9046 -0.4062 -0.1294
vn -0.8955 -0.4024 -0.1902
vn -0.8975 -0.3990 -0.1876
vn -0.8640 0.3834 -0.3263
vn -0.8643 0.3804 -0.3289
vn -0.8581 0.3851 -0.3395
vn -0.8586 0.3813 -0.3426
vn -0.9127 -0.4043 0.0587
vn -0.9146 -0.4000 0.0595
vn -0.9090 -0.4136 -0.0514
vn -0.9113 -0.4088 -0.0492
vn -0.8390 0.3802 -0.3892
vn -0.8398 0.3749 -0.3926
vn -0.8090 0.3612 -0.4638
vn -0.8100 0.3564 -0.4658
vn 0.8163 -0.3805 0.4345
vn 0.8123 -0.3834 0.4395
vn 0.7835 -0.3617 0.5052
vn 0.7796 -0.3636 0.5099
vn 0.9189 0.3945 -0.0018
vn 0.9175 0.3977 -0.0100
vn 0.9094 0.4013 0.1091
vn 0.9083 0.4060 0.1006
vn 0.8548 -0.3893 0.3432
vn 0.8518 -0.3924 0.3470
vn 0.8389 -0.3879 0.3819
vn 0.8359 -0.3907 0.3856
vn 0.8995 0.3976 0.1812
vn 0.8989 0.4014 0.1757
vn 0.8956 0.3928 0.2087
vn 0.8951 0.3960 0.2046
vn -0.9038 -0.3234 0.2802
vn -0.9033 -0.3245 0.2807
vn -0.9102 -0.3724 0.1815
vn -0.9110 -0.3704 0.1813
vn -0.7742 0.3247 -0.5432
vn -0.7750 0.3223 -0.5436
vn -0.7466 0.2802 -0.6034
vn -0.7463 0.2807 -0.6035
vn -0.8946 -0.2119 0.3934
vn -0.8937 -0.2131 0.3947
vn -0.8980 -0.2683 0.3488
vn -0.8970 -0.2699 0.3500
vn -0.7286 0.2368 -0.6428
vn -0.7279 0.2378 -0.6431
vn -0.7180 0.1958 -0.6680
vn -0.7173 0.1967 -0.6685
vn 0.6952 -0.2437 0.6763
vn 0.6959 -0.2438 0.6755
vn 0.6838 -0.2032 0.7008
vn 0.6845 -0.2033 0.7001
vn 0.9131 0.2058 -0.3520
vn 0.9141 0.2060 -0.3494
vn 0.9146 0.2627 -0.3073
vn 0.9158 0.2626 -0.3040
vn 0.7456 -0.3276 0.5803
vn 0.7434 -0.3282 0.5828
vn 0.7149 -0.2862 0.6380
vn 0.7150 -0.2862 0.6379
vn 0.9181 0.3181 -0.2366
vn 0.9188 0.3178 -0.2342
vn 0.9216 0.3656 -0.1303
vn 0.9207 0.3664 -0.1341
vn -0.8968 -0.0962 0.4318
vn -0.8964 -0.0966 0.4325
vn -0.8943 -0.1540 0.4200
vn -0.8936 -0.1550 0.4214
vn -0.7129 0.1557 -0.6838
vn -0.7122 0.1564 -0.6844
vn -0.7123 0.1167 -0.6921
vn -0.7117 0.1172 -0.6926
vn -0.9092 0.0286 0.4153
vn -0.9097 0.0290 0.4143
vn -0.9019 -0.0358 0.4304
vn -0.9019 -0.0359 0.4305
vn -0.7157 0.0761 -0.6942
vn -0.7153 0.0764 -0.6946
vn -0.7231 0.0322 -0.6900
vn -0.7232 0.0321 -0.6899
vn 0.6819 -0.0843 0.7266
vn 0.6824 -0.0846 0.7261
vn 0.6904 -0.0406 0.7223
vn 0.6905 -0.0408 0.7221
vn 0.9280 -0.0361 -0.3708
vn 0.9276 -0.0366 -0.3717
vn 0.9216 0.0285 -0.3871
vn 0.6783 -0.1634 0.7164
vn 0.6792 -0.1636 0.7155
vn 0.6780 -0.1246 0.7245
vn 0.6786 -0.1249 0.7238
vn 0.9168 0.0892 -0.3893
vn 0.9171 0.0894 -0.3885
vn 0.9138 0.1475 -0.3785
vn 0.9146 0.1477 -0.3765
vn -0.9276 0.1762 0.3294
vn -0.9284 0.1768 0.3267
vn -0.9184 0.1000 0.3829
vn -0.9191 0.1005 0.3810
vn -0.7357 -0.0184 -0.6771
vn -0.7362 -0.0187 -0.6765
vn -0.7542 -0.0755 -0.6523
vn -0.7552 -0.0759 -0.6511
vn -0.9335 0.3320 0.1355
vn -0.9330 0.3321 0.1385
vn -0.9342 0.2563 0.2482
vn -0.9347 0.2565 0.2462
vn -0.7805 -0.1411 -0.6091
vn -0.7812 -0.1413 -0.6081
vn -0.8154 -0.2129 -0.5384
vn -0.8138 -0.2127 -0.5408
vn 0.7533 0.1306 0.6446
vn 0.7531 0.1312 0.6447
vn 0.7891 0.2014 0.5803
vn 0.7895 0.1995 0.5804
vn 0.9346 -0.3448 -0.0872
vn 0.9354 -0.3425 -0.0874
vn 0.9430 -0.2653 -0.2010
vn 0.9425 -0.2667 -0.2014
vn 0.7045 0.0095 0.7097
vn 0.7044 0.0096 0.7097
vn 0.7250 0.0660 0.6856
vn 0.7247 0.0666 0.6859
vn 0.9413 -0.1843 -0.2828
vn 0.9406 -0.1860 -0.2840
vn 0.9352 -0.1078 -0.3373
vn 0.9346 -0.1088 -0.3386
vn -0.9018 0.4204 -0.0997
vn -0.9013 0.4231 -0.0930
vn -0.9208 0.3899 0.0070
vn -0.9201 0.3913 0.0135
vn -0.8510 -0.2782 -0.4455
vn -0.8481 -0.2788 -0.4506
vn -0.8762 -0.3206 -0.3598
vn -0.8734 -0.3224 -0.3651
vn -0.8698 0.4367 -0.2295
vn -0.8694 0.4400 -0.2248
vn -0.8844 0.4328 -0.1746
vn -0.8840 0.4357 -0.1696
vn -0.8899 -0.3413 -0.3028
vn -0.8880 -0.3431 -0.3061
vn -0.8942 -0.3447 -0.2856
vn -0.8928 -0.3464 -0.2880
vn 0.8759 0.3343 0.3480
vn 0.8763 0.3300 0.3509
vn 0.8879 0.3472 0.3019
vn 0.8884 0.3427 0.3054
vn 0.8609 -0.4448 0.2469
vn 0.8636 -0.4411 0.2441
vn 0.8684 -0.4447 0.2193
vn 0.8714 -0.4404 0.2162
vn 0.8277 0.2674 0.4934
vn 0.8283 0.2629 0.4948
vn 0.8572 0.3112 0.4103
vn 0.8577 0.3059 0.4132
vn 0.8876 -0.4353 0.1504
vn 0.8910 -0.4294 0.1471
vn 0.9132 -0.4052 0.0432
vn 0.9156 -0.3999 0.0412
vn 0.1667 -0.1377 -0.9764
vn 0.1520 -0.1241 -0.9806
vn 0.4501 -0.1166 -0.8853
vn 0.3752 -0.0592 -0.9251
vn 0.3652 0.2116 -0.9066
vn 0.4236 0.1654 -0.8906
vn 0.1337 0.2287 -0.9643
vn 0.1469 0.2179 -0.9649
vn -0.2827 -0.0524 -0.9578
vn -0.2422 -0.0975 -0.9653
vn -0.0486 -0.1165 -0.9920
vn -0.0366 -0.1292 -0.9909
vn -0.0418 0.2093 -0.9769
vn -0.0533 0.2185 -0.9744
vn -0.2239 0.1414 -0.9643
vn -0.2739 0.1797 -0.9448
vn -0.0529 0.3608 -0.9311
vn -0.0414 0.3518 -0.9352
vn -0.2720 0.3206 -0.9073
vn -0.2225 0.2850 -0.9324
vn -0.2406 0.0495 -0.9694
vn -0.2809 0.0934 -0.9552
vn -0.0365 0.0195 -0.9991
vn -0.0482 0.0322 -0.9983
vn 0.4214 0.2919 -0.8586
vn 0.3636 0.3402 -0.8672
vn 0.1459 0.3569 -0.9227
vn 0.1331 0.3675 -0.9205
vn 0.1507 0.0211 -0.9884
vn 0.1655 0.0066 -0.9862
vn 0.3724 0.0751 -0.9250
vn 0.4472 0.0114 -0.8943
vn -0.8356 0.3636 -0.4119
vn -0.8396 0.3789 -0.3893
vn -0.7635 0.3816 -0.5211
vn -0.7594 0.4469 -0.4728
vn -0.8228 -0.1813 -0.5386
vn -0.7932 -0.2384 -0.5604
vn -0.8838 -0.2090 -0.4186
vn -0.8727 -0.2196 -0.4362
vn -0.5502 0.2742 -0.7887
vn -0.5855 0.3216 -0.7441
vn -0.7411 0.3360 -0.5813
vn -0.7549 0.3644 -0.5452
vn -0.8023 -0.1149 -0.5857
vn -0.7770 -0.1329 -0.6153
vn -0.6296 0.0409 -0.7759
vn -0.5686 0.0049 -0.8226
vn 0.9367 0.3274 -0.1243
vn 0.9565 0.2838 -0.0679
vn 0.7794 0.3137 -0.5423
vn 0.8641 0.2382 -0.4434
vn 0.8685 -0.1311 -0.4780
vn 0.8249 -0.0369 -0.5641
vn 0.9538 -0.2935 -0.0642
vn 0.9622 -0.2443 -0.1202
vn 0.9037 0.4242 -0.0588
vn 0.9430 0.3327 -0.0098
vn 0.9429 0.3055 0.1331
vn 0.9465 0.2801 0.1606
vn 0.9216 -0.3553 0.1564
vn 0.9333 -0.3338 0.1326
vn 0.9179 -0.3964 -0.0195
vn 0.9478 -0.3117 -0.0667
vn 0.9360 -0.3011 0.1826
vn 0.9238 -0.3198 0.2106
vn 0.9500 -0.3120 -0.0124
vn 0.9162 -0.3969 0.0548
vn 0.9414 0.3301 -0.0697
vn 0.9071 0.4018 -0.1257
vn 0.9452 0.3063 0.1133
vn 0.9417 0.3257 0.0842
vn 0.8276 -0.1116 -0.5500
vn 0.8719 -0.1920 -0.4505
vn 0.9649 -0.2494 -0.0817
vn 0.9566 -0.2907 -0.0179
vn 0.9547 0.2768 -0.1094
vn 0.9355 0.3101 -0.1696
vn 0.8640 0.1772 -0.4713
vn 0.7804 0.2357 -0.5792
vn -0.7769 -0.2331 -0.5849
vn -0.8031 -0.2105 -0.5575
vn -0.5707 -0.1245 -0.8117
vn -0.6323 -0.0824 -0.7703
vn -0.5886 0.1997 -0.7834
vn -0.5533 0.1473 -0.8199
vn -0.7585 0.2676 -0.5942
vn -0.7449 0.2356 -0.6242
vn -0.7915 -0.3429 -0.5060
vn -0.8258 -0.2740 -0.4929
vn -0.8709 -0.2941 -0.3936
vn -0.8830 -0.2799 -0.3767
vn -0.8432 0.3024 -0.4445
vn -0.8393 0.2854 -0.4626
vn -0.7632 0.3482 -0.5444
vn -0.7663 0.2851 -0.5758
vn 0.8380 -0.0646 0.5419
vn 0.8276 -0.0655 0.5575
vn 0.6820 -0.0871 0.7261
vn 0.6668 -0.0875 0.7401
vn 0.5347 -0.1015 0.8389
vn 0.5191 -0.1015 0.8487
vn 0.4060 -0.1107 0.9072
vn 0.3929 -0.1104 0.9129
vn 0.2938 -0.1166 0.9487
vn 0.2848 -0.1163 0.9515
vn 0.1929 -0.1202 0.9738
vn 0.1887 -0.1200 0.9747
vn 0.0980 -0.1221 0.9877
vn 0.0988 -0.1222 0.9876
vn 0.0036 -0.1226 0.9925
vn 0.0096 -0.1230 0.9924
vn -0.0955 -0.1217 0.9880
vn -0.0846 -0.1226 0.9888
vn -0.2048 -0.1192 0.9715
vn -0.1896 -0.1206 0.9744
vn -0.3300 -0.1147 0.9370
vn -0.3117 -0.1165 0.9430
vn -0.4766 -0.1069 0.8726
vn -0.4571 -0.1092 0.8827
vn -0.6450 -0.0939 0.7584
vn -0.6282 -0.0965 0.7720
vn -0.8209 -0.0728 0.5664
vn -0.8114 -0.0750 0.5797
vn -0.9590 -0.0418 0.2804
vn -0.9576 -0.0425 0.2849
vn -0.9980 -0.0048 -0.0623
vn -0.9975 -0.0034 -0.0712
vn -0.9258 0.0292 -0.3768
vn -0.9192 0.0318 -0.3926
vn -0.7904 0.0545 -0.6102
vn -0.7789 0.0571 -0.6245
vn -0.6393 0.0713 -0.7656
vn -0.6270 0.0734 -0.7756
vn -0.4937 0.0822 -0.8657
vn -0.4833 0.0837 -0.8714
vn -0.3580 0.0894 -0.9294
vn -0.3508 0.0902 -0.9321
vn -0.2306 0.0940 -0.9685
vn -0.2271 0.0944 -0.9693
vn -0.1078 0.0969 -0.9894
vn -0.1082 0.0969 -0.9894
vn 0.0141 0.0984 -0.9950
vn 0.0097 0.0981 -0.9951
vn 0.1393 0.0985 -0.9853
vn 0.1310 0.0980 -0.9865
vn 0.2721 0.0969 -0.9574
vn 0.2600 0.0963 -0.9608
vn 0.4171 0.0927 -0.9041
vn 0.4020 0.0923 -0.9110
vn 0.5777 0.0843 -0.8119
vn 0.5612 0.0843 -0.8234
vn 0.7498 0.0690 -0.6580
vn 0.7356 0.0696 -0.6739
vn 0.9086 0.0435 -0.4155
vn 0.9013 0.0444 -0.4309
vn 0.0245 -0.9657 0.2587
vn 0.0243 -0.9649 0.2616
vn 0.0243 -0.9665 0.2557
vn 0.0240 -0.9650 0.2612
vn 0.0240 -0.9674 0.2520
vn 0.0236 -0.9654 0.2597
vn 0.0236 -0.9685 0.2478
vn 0.0231 -0.9661 0.2571
vn 0.0232 -0.9697 0.2434
vn 0.0226 -0.9670 0.2536
vn 0.0226 -0.9708 0.2390
vn 0.0220 -0.9681 0.2496
vn 0.0221 -0.9718 0.2348
vn 0.0214 -0.9692 0.2452
vn 0.0215 -0.9728 0.2308
vn 0.0209 -0.9704 0.2406
vn 0.0210 -0.9736 0.2273
vn 0.0204 -0.9715 0.2362
vn 0.0205 -0.9743 0.2243
vn 0.0200 -0.9725 0.2321
vn 0.0201 -0.9749 0.2217
vn 0.0196 -0.9734 0.2283
vn 0.0197 -0.9754 0.2197
vn 0.0193 -0.9742 0.2250
vn 0.0194 -0.9757 0.2183
vn 0.0191 -0.9748 0.2223
vn 0.0192 -0.9759 0.2175
vn 0.0190 -0.9753 0.2201
vn 0.0190 -0.9759 0.2172
vn 0.0189 -0.9756 0.2185
vn 0.9963 0.0074 -0.0853
vn 0.9959 0.0077 -0.0904
vn 0.9642 -0.0321 0.2633
vn 0.9616 -0.0327 0.2726
vn -0.0242 0.9997 -0.0071
vn -0.0244 0.9997 -0.0025
vn -0.0239 0.9997 -0.0078
vn -0.0243 0.9997 0.0008
vn -0.0235 0.9997 -0.0077
vn -0.0241 0.9997 0.0045
vn -0.0230 0.9997 -0.0064
vn -0.0237 0.9997 0.0084
vn -0.0224 0.9997 -0.0041
vn -0.0233 0.9997 0.0124
vn -0.0218 0.9998 -0.0011
vn -0.0228 0.9996 0.0162
vn -0.0212 0.9998 0.0025
vn -0.0223 0.9996 0.0198
vn -0.0207 0.9998 0.0065
vn -0.0217 0.9995 0.0230
vn -0.0202 0.9997 0.0105
vn -0.0212 0.9994 0.0258
vn -0.0198 0.9997 0.0146
vn -0.0207 0.9994 0.0282
vn -0.0195 0.9996 0.0185
vn -0.0203 0.9993 0.0301
vn -0.0192 0.9996 0.0220
vn -0.0199 0.9993 0.0315
vn -0.0190 0.9995 0.0251
vn -0.0196 0.9993 0.0323
vn -0.0189 0.9994 0.0277
vn -0.0193 0.9993 0.0326
vn -0.0189 0.9994 0.0298
vn -0.0191 0.9993 0.0323
s 0
f 649//834 524//834 430//834
f 649//835 430//835 648//835
f 648//836 430//836 427//836
f 648//837 427//837 428//837
f 430//838 429//838 442//838
f 430//839 442//839 427//839
f 524//840 429//840 430//840
f 524//841 431//841 429//841
f 524//842 432//842 431//842
f 524//843 525//843 432//843
f 428//844 427//844 435//844
f 428//845 435//845 653//845
f 653//846 435//846 449//846
f 653//847 449//847 663//847
f 435//848 433//848 434//848
f 435//849 434//849 449//849
f 427//850 442//850 433//850
f 427//851 433//851 435//851
f 442//852 445//852 436//852
f 442//853 436//853 433//853
f 433//854 436//854 437//854
f 433//855 437//855 434//855
f 436//856 439//856 438//856
f 436//857 438//857 437//857
f 445//858 444//858 439//858
f 445//859 439//859 436//859
f 431//860 443//860 429//860
f 431//861 440//861 443//861
f 431//862 441//862 440//862
f 431//863 432//863 441//863
f 429//864 443//864 445//864
f 429//865 445//865 442//865
f 443//866 446//866 444//866
f 443//867 444//867 445//867
f 440//868 660//868 446//868
f 440//869 446//869 443//869
f 438//870 676//870 447//870
f 438//871 447//871 437//871
f 437//872 447//872 453//872
f 437//873 453//873 434//873
f 447//874 457//874 459//874
f 447//875 459//875 453//875
f 676//876 448//876 457//876
f 676//877 457//877 447//877
f 434//878 453//878 451//878
f 434//879 451//879 449//879
f 449//880 451//880 450//880
f 449//881 450//881 663//881
f 451//882 452//882 662//882
f 451//883 662//883 450//883
f 453//884 459//884 452//884
f 453//885 452//885 451//885
f 459//886 458//886 455//886
f 459//887 455//887 452//887
f 452//888 455//888 454//888
f 452//889 454//889 662//889
f 455//890 464//890 681//890
f 455//891 681//891 454//891
f 458//892 460//892 464//892
f 458//893 464//893 455//893
f 448//894 670//894 456//894
f 448//895 456//895 457//895
f 457//896 456//896 458//896
f 457//897 458//897 459//897
f 456//898 461//898 460//898
f 456//899 460//899 458//899
f 670//900 672//900 461//900
f 670//901 461//901 456//901
f 672//902 694//902 463//902
f 672//903 463//903 461//903
f 461//904 463//904 462//904
f 461//905 462//905 460//905
f 463//906 472//906 474//906
f 463//907 474//907 462//907
f 694//908 688//908 472//908
f 694//908 472//908 463//908
f 460//909 462//909 465//909
f 460//910 465//910 464//910
f 464//911 465//911 466//911
f 464//912 466//912 681//912
f 465//913 468//913 467//913
f 465//914 467//914 466//914
f 462//915 474//915 468//915
f 462//916 468//916 465//916
f 474//917 473//917 471//917
f 474//918 471//918 468//918
f 468//919 471//919 684//919
f 468//920 684//920 467//920
f 471//921 469//921 470//921
f 471//922 470//922 684//922
f 473//923 477//923 469//923
f 473//924 469//924 471//924
f 688//925 690//925 476//925
f 688//926 476//926 472//926
f 472//927 476//927 473//927
f 472//928 473//928 474//928
f 476//929 475//929 477//929
f 476//930 477//930 473//930
f 690//931 709//931 475//931
f 690//932 475//932 476//932
f 709//933 710//933 480//933
f 709//934 480//934 475//934
f 475//935 480//935 481//935
f 475//936 481//936 477//936
f 480//937 478//937 479//937
f 480//938 479//938 481//938
f 710//939 703//939 478//939
f 710//940 478//940 480//940
f 477//941 481//941 482//941
f 477//942 482//942 469//942
f 469//943 482//943 483//943
f 469//944 483//944 470//944
f 482//945 484//945 486//945
f 482//946 486//946 483//946
f 481//947 479//947 484//947
f 481//948 484//948 482//948
f 479//949 489//949 485//949
f 479//950 485//950 484//950
f 484//951 485//951 700//951
f 484//952 700//952 486//952
f 485//953 497//953 498//953
f 485//954 498//954 700//954
f 489//955 495//955 497//955
f 489//956 497//956 485//956
f 703//957 487//957 488//957
f 703//958 488//958 478//958
f 478//959 488//959 489//959
f 478//960 489//960 479//960
f 488//961 491//961 495//961
f 488//962 495//962 489//962
f 487//963 705//963 491//963
f 487//964 491//964 488//964
f 705//965 490//965 493//965
f 705//966 493//966 491//966
f 491//967 493//967 492//967
f 491//968 492//968 495//968
f 493//969 494//969 501//969
f 493//970 501//970 492//970
f 490//971 721//971 494//971
f 490//972 494//972 493//972
f 495//973 492//973 496//973
f 495//974 496//974 497//974
f 497//975 496//975 500//975
f 497//976 500//976 498//976
f 496//977 499//977 720//977
f 496//978 720//978 500//978
f 492//979 501//979 499//979
f 492//980 499//980 496//980
f 501//981 508//981 502//981
f 501//982 502//982 499//982
f 499//983 502//983 503//983
f 499//984 503//984 720//984
f 502//985 505//985 718//985
f 502//986 718//986 503//986
f 508//987 504//987 505//987
f 508//988 505//988 502//988
f 721//989 509//989 506//989
f 721//990 506//990 494//990
f 494//991 506//991 508//991
f 494//992 508//992 501//992
f 506//993 507//993 504//993
f 506//994 504//994 508//994
f 509//995 510//995 507//995
f 509//996 507//996 506//996
f 510//997 758//997 511//997
f 510//998 511//998 507//998
f 507//999 511//999 512//999
f 507//1000 512//1000 504//1000
f 511//1001 514//1001 512//1001
f 511//1002 513//1002 514//1002
f 758//1003 761//1003 513//1003
f 758//1004 513//1004 511//1004
f 504//1005 515//1005 505//1005
f 504//1006 512//1006 515//1006
f 512//1007 514//1007 517//1007
f 512//1008 517//1008 515//1008
f 505//1009 515//1009 516//1009
f 505//1010 516//1010 718//1010
f 515//1011 517//1011 753//1011
f 515//1012 753//1012 516//1012
f 514//1013 520//1013 518//1013
f 514//1014 518//1014 517//1014
f 517//1015 518//1015 752//1015
f 517//1016 752//1016 753//1016
f 518//1017 738//1017 750//1017
f 518//1018 750//1018 752//1018
f 520//1019 521//1019 738//1019
f 520//1020 738//1020 518//1020
f 761//1021 519//1021 523//1021
f 761//1022 523//1022 513//1022
f 513//1023 523//1023 520//1023
f 513//1024 520//1024 514//1024
f 523//1025 522//1025 521//1025
f 523//1026 521//1026 520//1026
f 519//1027 757//1027 522//1027
f 519//1028 522//1028 523//1028
f 649//1029 776//1029 525//1029
f 649//1030 525//1030 524//1030
f 525//1031 526//1031 527//1031
f 525//1032 527//1032 432//1032
f 776//1033 777//1033 526//1033
f 776//1034 526//1034 525//1034
f 440//1035 441//1035 764//1035
f 440//1036 764//1036 660//1036
f 441//1037 528//1037 530//1037
f 441//1038 530//1038 764//1038
f 432//1039 527//1039 528//1039
f 432//1040 528//1040 441//1040
f 527//1041 533//1041 531//1041
f 527//1042 531//1042 528//1042
f 528//1043 531//1043 529//1043
f 528//1044 529//1044 530//1044
f 531//1045 728//1045 730//1045
f 531//1046 730//1046 529//1046
f 533//1047 727//1047 728//1047
f 533//1048 728//1048 531//1048
f 777//1049 772//1049 532//1049
f 777//1050 532//1050 526//1050
f 526//1051 532//1051 533//1051
f 526//1052 533//1052 527//1052
f 532//1053 733//1053 727//1053
f 532//1054 727//1054 533//1054
f 772//1055 534//1055 733//1055
f 772//1056 733//1056 532//1056
f 651//1057 537//1057 536//1057
f 651//1058 536//1058 535//1058
f 535//1059 536//1059 549//1059
f 535//1060 549//1060 548//1060
f 535//1061 548//1061 637//1061
f 535//1062 637//1062 636//1062
f 536//1063 539//1063 543//1063
f 536//1064 543//1064 549//1064
f 537//1065 538//1065 539//1065
f 537//1066 539//1066 536//1066
f 538//1067 656//1067 542//1067
f 538//1068 542//1068 539//1068
f 539//1069 542//1069 541//1069
f 539//1070 541//1070 543//1070
f 542//1071 559//1071 540//1071
f 542//1072 540//1072 541//1072
f 656//1073 665//1073 559//1073
f 656//1074 559//1074 542//1074
f 543//1075 541//1075 547//1075
f 543//1076 547//1076 544//1076
f 544//1077 547//1077 545//1077
f 544//1078 545//1078 554//1078
f 547//1079 546//1079 659//1079
f 547//1080 659//1080 545//1080
f 541//1081 540//1081 546//1081
f 541//1082 546//1082 547//1082
f 548//1083 549//1083 553//1083
f 548//1084 553//1084 550//1084
f 548//1085 550//1085 640//1085
f 548//1086 640//1086 637//1086
f 550//1087 553//1087 551//1087
f 550//1088 551//1088 552//1088
f 553//1089 544//1089 554//1089
f 553//1090 554//1090 551//1090
f 549//1091 543//1091 544//1091
f 549//1092 544//1092 553//1092
f 659//1093 546//1093 556//1093
f 659//1094 556//1094 555//1094
f 555//1095 556//1095 570//1095
f 555//1096 570//1096 557//1096
f 556//1097 561//1097 558//1097
f 556//1098 558//1098 570//1098
f 546//1099 540//1099 561//1099
f 546//1100 561//1100 556//1100
f 540//1101 559//1101 560//1101
f 540//1102 560//1102 561//1102
f 561//1103 560//1103 563//1103
f 561//1104 563//1104 558//1104
f 560//1105 562//1105 567//1105
f 560//1106 567//1106 563//1106
f 559//1107 665//1107 562//1107
f 559//1108 562//1108 560//1108
f 558//1109 563//1109 565//1109
f 558//1110 565//1110 564//1110
f 564//1111 565//1111 566//1111
f 564//1112 566//1112 569//1112
f 565//1113 669//1113 668//1113
f 565//1114 668//1114 566//1114
f 563//1115 567//1115 669//1115
f 563//1116 669//1116 565//1116
f 557//1117 570//1117 568//1117
f 557//1118 568//1118 673//1118
f 673//1119 568//1119 572//1119
f 673//1120 572//1120 571//1120
f 568//1121 564//1121 569//1121
f 568//1122 569//1122 572//1122
f 570//1123 558//1123 564//1123
f 570//1124 564//1124 568//1124
f 571//1125 572//1125 573//1125
f 571//1126 573//1126 697//1126
f 697//1127 573//1127 581//1127
f 697//1128 581//1128 696//1128
f 573//1129 574//1129 577//1129
f 573//1130 577//1130 581//1130
f 572//1131 569//1131 574//1131
f 572//1132 574//1132 573//1132
f 569//1133 566//1133 576//1133
f 569//1133 576//1133 574//1133
f 574//1134 576//1134 575//1134
f 574//1135 575//1135 577//1135
f 576//1136 683//1136 682//1136
f 576//1136 682//1136 575//1136
f 566//1137 668//1137 683//1137
f 566//1138 683//1138 576//1138
f 577//1139 575//1139 579//1139
f 577//1140 579//1140 582//1140
f 582//1141 579//1141 590//1141
f 582//1142 590//1142 588//1142
f 579//1143 686//1143 578//1143
f 579//1144 578//1144 590//1144
f 575//1145 682//1145 686//1145
f 575//1146 686//1146 579//1146
f 696//1147 581//1147 583//1147
f 696//1148 583//1148 693//1148
f 693//1149 583//1149 584//1149
f 693//1150 584//1150 580//1150
f 583//1151 582//1151 588//1151
f 583//1152 588//1152 584//1152
f 581//1153 577//1153 582//1153
f 581//1154 582//1154 583//1154
f 580//1155 584//1155 589//1155
f 580//1156 589//1156 712//1156
f 712//1157 589//1157 585//1157
f 712//1158 585//1158 708//1158
f 589//1159 586//1159 587//1159
f 589//1160 587//1160 585//1160
f 584//1161 588//1161 586//1161
f 584//1162 586//1162 589//1162
f 588//1163 590//1163 591//1163
f 588//1164 591//1164 586//1164
f 586//1165 591//1165 594//1165
f 586//1166 594//1166 587//1166
f 591//1167 592//1167 593//1167
f 591//1168 593//1168 594//1168
f 590//1169 578//1169 592//1169
f 590//1170 592//1170 591//1170
f 587//1171 594//1171 595//1171
f 587//1172 595//1172 599//1172
f 599//1173 595//1173 611//1173
f 599//1174 611//1174 605//1174
f 595//1175 596//1175 716//1175
f 595//1176 716//1176 611//1176
f 594//1177 593//1177 596//1177
f 594//1178 596//1178 595//1178
f 708//1179 585//1179 598//1179
f 708//1179 598//1179 597//1179
f 597//1180 598//1180 601//1180
f 597//1181 601//1181 600//1181
f 598//1182 599//1182 605//1182
f 598//1183 605//1183 601//1183
f 585//1184 587//1184 599//1184
f 585//1185 599//1185 598//1185
f 600//1186 601//1186 602//1186
f 600//1187 602//1187 603//1187
f 603//1188 602//1188 619//1188
f 603//1189 619//1189 604//1189
f 602//1190 607//1190 609//1190
f 602//1191 609//1191 619//1191
f 601//1192 605//1192 607//1192
f 601//1193 607//1193 602//1193
f 605//1194 611//1194 606//1194
f 605//1195 606//1195 607//1195
f 607//1196 606//1196 608//1196
f 607//1197 608//1197 609//1197
f 606//1198 715//1198 610//1198
f 606//1199 610//1199 608//1199
f 611//1200 716//1200 715//1200
f 611//1201 715//1201 606//1201
f 609//1202 608//1202 613//1202
f 609//1203 613//1203 612//1203
f 612//1204 613//1204 616//1204
f 612//1205 616//1205 614//1205
f 613//1206 615//1206 747//1206
f 613//1207 747//1207 616//1207
f 608//1208 610//1208 615//1208
f 608//1209 615//1209 613//1209
f 604//1210 619//1210 617//1210
f 604//1211 617//1211 723//1211
f 723//1212 617//1212 622//1212
f 723//1213 622//1213 618//1213
f 617//1214 612//1214 614//1214
f 617//1215 614//1215 622//1215
f 619//1216 609//1216 612//1216
f 619//1217 612//1217 617//1217
f 618//1218 622//1218 620//1218
f 618//1219 620//1219 621//1219
f 621//1220 620//1220 631//1220
f 621//1221 631//1221 762//1221
f 620//1222 623//1222 635//1222
f 620//1223 635//1223 631//1223
f 622//1224 614//1224 623//1224
f 622//1225 623//1225 620//1225
f 614//1226 616//1226 624//1226
f 614//1227 624//1227 623//1227
f 623//1228 624//1228 626//1228
f 623//1229 626//1229 635//1229
f 624//1230 625//1230 749//1230
f 624//1231 749//1231 626//1231
f 616//1232 747//1232 625//1232
f 616//1233 625//1233 624//1233
f 635//1234 626//1234 627//1234
f 635//1235 627//1235 628//1235
f 628//1236 627//1236 629//1236
f 628//1237 629//1237 744//1237
f 627//1238 630//1238 741//1238
f 627//1239 741//1239 629//1239
f 626//1240 749//1240 630//1240
f 626//1241 630//1241 627//1241
f 762//1242 631//1242 633//1242
f 762//1243 633//1243 632//1243
f 632//1244 633//1244 743//1244
f 632//1245 743//1245 634//1245
f 633//1246 628//1246 744//1246
f 633//1247 744//1247 743//1247
f 631//1248 635//1248 628//1248
f 631//1249 628//1249 633//1249
f 651//1250 535//1250 636//1250
f 651//1251 636//1251 778//1251
f 778//1252 636//1252 639//1252
f 778//1253 639//1253 779//1253
f 636//1254 637//1254 638//1254
f 636//1255 638//1255 639//1255
f 637//1256 640//1256 643//1256
f 637//1257 643//1257 638//1257
f 640//1258 641//1258 767//1258
f 640//1259 767//1259 643//1259
f 550//1260 552//1260 641//1260
f 550//1261 641//1261 640//1261
f 638//1262 643//1262 642//1262
f 638//1263 642//1263 647//1263
f 647//1264 642//1264 731//1264
f 647//1265 731//1265 646//1265
f 642//1266 769//1266 732//1266
f 642//1267 732//1267 731//1267
f 643//1268 767//1268 769//1268
f 643//1269 769//1269 642//1269
f 779//1270 639//1270 645//1270
f 779//1271 645//1271 644//1271
f 644//1272 645//1272 736//1272
f 644//1273 736//1273 735//1273
f 645//1274 647//1274 646//1274
f 645//1275 646//1275 736//1275
f 639//1276 638//1276 647//1276
f 639//1277 647//1277 645//1277
f 428//1278 652//1278 650//1278
f 428//1279 650//1279 648//1279
f 648//1280 650//1280 780//1280
f 648//1281 780//1281 649//1281
f 650//1282 537//1282 651//1282
f 650//1283 651//1283 780//1283
f 652//1284 538//1284 537//1284
f 652//1285 537//1285 650//1285
f 663//1286 655//1286 654//1286
f 663//1287 654//1287 653//1287
f 653//1288 654//1288 652//1288
f 653//1289 652//1289 428//1289
f 654//1290 656//1290 538//1290
f 654//1291 538//1291 652//1291
f 655//1292 665//1292 656//1292
f 655//1293 656//1293 654//1293
f 444//1294 657//1294 658//1294
f 444//1295 658//1295 439//1295
f 439//1296 658//1296 677//1296
f 439//1297 677//1297 438//1297
f 658//1298 545//1298 659//1298
f 658//1299 659//1299 677//1299
f 657//1300 554//1300 545//1300
f 657//1301 545//1301 658//1301
f 660//1302 765//1302 661//1302
f 660//1303 661//1303 446//1303
f 446//1304 661//1304 657//1304
f 446//1305 657//1305 444//1305
f 661//1306 551//1306 554//1306
f 661//1307 554//1307 657//1307
f 765//1308 552//1308 551//1308
f 765//1309 551//1309 661//1309
f 662//1310 667//1310 664//1310
f 662//1311 664//1311 450//1311
f 450//1312 664//1312 655//1312
f 450//1313 655//1313 663//1313
f 664//1314 562//1314 665//1314
f 664//1315 665//1315 655//1315
f 667//1316 567//1316 562//1316
f 667//1317 562//1317 664//1317
f 681//1318 680//1318 666//1318
f 681//1319 666//1319 454//1319
f 454//1320 666//1320 667//1320
f 454//1321 667//1321 662//1321
f 666//1322 669//1322 567//1322
f 666//1323 567//1323 667//1323
f 680//1324 668//1324 669//1324
f 680//1325 669//1325 666//1325
f 448//1326 675//1326 671//1326
f 448//1327 671//1327 670//1327
f 670//1328 671//1328 674//1328
f 670//1329 674//1329 672//1329
f 671//1330 673//1330 571//1330
f 671//1331 571//1331 674//1331
f 675//1332 557//1332 673//1332
f 675//1333 673//1333 671//1333
f 438//1334 677//1334 678//1334
f 438//1335 678//1335 676//1335
f 676//1336 678//1336 675//1336
f 676//1337 675//1337 448//1337
f 678//1338 555//1338 557//1338
f 678//1339 557//1339 675//1339
f 677//1340 659//1340 555//1340
f 677//1341 555//1341 678//1341
f 467//1342 685//1342 679//1342
f 467//1343 679//1343 466//1343
f 466//1344 679//1344 680//1344
f 466//1345 680//1345 681//1345
f 679//1346 683//1346 668//1346
f 679//1347 668//1347 680//1347
f 685//1348 682//1348 683//1348
f 685//1349 683//1349 679//1349
f 470//1350 699//1350 687//1350
f 470//1351 687//1351 684//1351
f 684//1352 687//1352 685//1352
f 684//1353 685//1353 467//1353
f 687//1354 686//1354 682//1354
f 687//1355 682//1355 685//1355
f 699//1356 578//1356 686//1356
f 699//1357 686//1357 687//1357
f 688//1358 689//1358 691//1358
f 688//1359 691//1359 690//1359
f 690//1360 691//1360 692//1360
f 690//1361 692//1361 709//1361
f 691//1362 693//1362 580//1362
f 691//1363 580//1363 692//1363
f 689//1364 696//1364 693//1364
f 689//1364 693//1364 691//1364
f 672//1365 674//1365 695//1365
f 672//1366 695//1366 694//1366
f 694//1367 695//1367 689//1367
f 694//1368 689//1368 688//1368
f 695//1369 697//1369 696//1369
f 695//1370 696//1370 689//1370
f 674//1371 571//1371 697//1371
f 674//1372 697//1372 695//1372
f 486//1373 702//1373 698//1373
f 486//1374 698//1374 483//1374
f 483//1375 698//1375 699//1375
f 483//1376 699//1376 470//1376
f 698//1377 592//1377 578//1377
f 698//1378 578//1378 699//1378
f 702//1379 593//1379 592//1379
f 702//1380 592//1380 698//1380
f 498//1381 714//1381 701//1381
f 498//1382 701//1382 700//1382
f 700//1383 701//1383 702//1383
f 700//1384 702//1384 486//1384
f 701//1385 596//1385 593//1385
f 701//1386 593//1386 702//1386
f 714//1387 716//1387 596//1387
f 714//1388 596//1388 701//1388
f 703//1389 707//1389 704//1389
f 703//1390 704//1390 487//1390
f 487//1391 704//1391 706//1391
f 487//1392 706//1392 705//1392
f 704//1393 597//1393 600//1393
f 704//1394 600//1394 706//1394
f 707//1395 708//1395 597//1395
f 707//1396 597//1396 704//1396
f 709//1397 692//1397 711//1397
f 709//1398 711//1398 710//1398
f 710//1399 711//1399 707//1399
f 710//1400 707//1400 703//1400
f 711//1401 712//1401 708//1401
f 711//1402 708//1402 707//1402
f 692//1403 580//1403 712//1403
f 692//1404 712//1404 711//1404
f 720//1405 717//1405 713//1405
f 720//1406 713//1406 500//1406
f 500//1407 713//1407 714//1407
f 500//1408 714//1408 498//1408
f 713//1409 715//1409 716//1409
f 713//1410 716//1410 714//1410
f 717//1411 610//1411 715//1411
f 717//1412 715//1412 713//1412
f 718//1413 748//1413 719//1413
f 718//1414 719//1414 503//1414
f 503//1415 719//1415 717//1415
f 503//1416 717//1416 720//1416
f 719//1417 615//1417 610//1417
f 719//1418 610//1418 717//1418
f 748//1419 747//1419 615//1419
f 748//1420 615//1420 719//1420
f 721//1421 726//1421 722//1421
f 721//1422 722//1422 509//1422
f 509//1423 722//1423 724//1423
f 509//1424 724//1424 510//1424
f 722//1425 723//1425 618//1425
f 722//1426 618//1426 724//1426
f 726//1427 604//1427 723//1427
f 726//1428 723//1428 722//1428
f 705//1429 706//1429 725//1429
f 705//1430 725//1430 490//1430
f 490//1431 725//1431 726//1431
f 490//1432 726//1432 721//1432
f 725//1433 603//1433 604//1433
f 725//1434 604//1434 726//1434
f 706//1435 600//1435 603//1435
f 706//1436 603//1436 725//1436
f 727//1437 734//1437 729//1437
f 727//1438 729//1438 728//1438
f 728//1439 729//1439 770//1439
f 728//1440 770//1440 730//1440
f 729//1441 731//1441 732//1441
f 729//1442 732//1442 770//1442
f 734//1443 646//1443 731//1443
f 734//1444 731//1444 729//1444
f 534//1445 774//1445 737//1445
f 534//1446 737//1446 733//1446
f 733//1447 737//1447 734//1447
f 733//1448 734//1448 727//1448
f 737//1449 736//1449 646//1449
f 737//1450 646//1450 734//1450
f 774//1451 735//1451 736//1451
f 774//1452 736//1452 737//1452
f 521//1453 742//1453 740//1453
f 521//1454 740//1454 738//1454
f 738//1455 740//1455 739//1455
f 738//1456 739//1456 750//1456
f 740//1457 629//1457 741//1457
f 740//1458 741//1458 739//1458
f 742//1459 744//1459 629//1459
f 742//1460 629//1460 740//1460
f 757//1461 756//1461 745//1461
f 757//1462 745//1462 522//1462
f 522//1463 745//1463 742//1463
f 522//1464 742//1464 521//1464
f 745//1465 743//1465 744//1465
f 745//1466 744//1466 742//1466
f 756//1467 634//1467 743//1467
f 756//1468 743//1468 745//1468
f 753//1469 754//1469 746//1469
f 753//1470 746//1470 516//1470
f 516//1471 746//1471 748//1471
f 516//1472 748//1472 718//1472
f 746//1473 625//1473 747//1473
f 746//1474 747//1474 748//1474
f 754//1475 749//1475 625//1475
f 754//1476 625//1476 746//1476
f 750//1477 739//1477 751//1477
f 750//1478 751//1478 752//1478
f 752//1479 751//1479 754//1479
f 752//1480 754//1480 753//1480
f 751//1481 630//1481 749//1481
f 751//1482 749//1482 754//1482
f 739//1483 741//1483 630//1483
f 739//1484 630//1484 751//1484
f 761//1485 760//1485 755//1485
f 761//1486 755//1486 519//1486
f 519//1487 755//1487 756//1487
f 519//1488 756//1488 757//1488
f 755//1489 632//1489 634//1489
f 755//1490 634//1490 756//1490
f 760//1491 762//1491 632//1491
f 760//1492 632//1492 755//1492
f 510//1493 724//1493 759//1493
f 510//1494 759//1494 758//1494
f 758//1495 759//1495 760//1495
f 758//1496 760//1496 761//1496
f 759//1497 621//1497 762//1497
f 759//1498 762//1498 760//1498
f 724//1499 618//1499 621//1499
f 724//1500 621//1500 759//1500
f 530//1501 766//1501 763//1501
f 530//1502 763//1502 764//1502
f 764//1503 763//1503 765//1503
f 764//1504 765//1504 660//1504
f 763//1505 641//1505 552//1505
f 763//1506 552//1506 765//1506
f 766//1507 767//1507 641//1507
f 766//1508 641//1508 763//1508
f 730//1509 770//1509 768//1509
f 730//1510 768//1510 529//1510
f 529//1511 768//1511 766//1511
f 529//1512 766//1512 530//1512
f 768//1513 769//1513 767//1513
f 768//1514 767//1514 766//1514
f 770//1515 732//1515 769//1515
f 770//1516 769//1516 768//1516
f 777//1517 771//1517 773//1517
f 777//1518 773//1518 772//1518
f 772//1519 773//1519 774//1519
f 772//1520 774//1520 534//1520
f 773//1521 644//1521 735//1521
f 773//1522 735//1522 774//1522
f 771//1523 779//1523 644//1523
f 771//1524 644//1524 773//1524
f 649//1525 780//1525 775//1525
f 649//1526 775//1526 776//1526
f 776//1527 775//1527 771//1527
f 776//1528 771//1528 777//1528
f 775//1529 778//1529 779//1529
f 775//1530 779//1530 771//1530
f 780//1531 651//1531 778//1531
f 780//1532 778//1532 775//1532
f 836//1533 781//1533 783//1533
f 836//1534 783//1534 837//1534
f 781//1535 782//1535 825//1535
f 781//1536 825//1536 783//1536
f 782//1537 784//1537 785//1537
f 782//1538 785//1538 825//1538
f 784//1539 786//1539 787//1539
f 784//1540 787//1540 785//1540
f 786//1541 788//1541 822//1541
f 786//1542 822//1542 787//1542
f 788//1543 790//1543 789//1543
f 788//1544 789//1544 822//1544
f 790//1545 792//1545 791//1545
f 790//1546 791//1546 789//1546
f 792//1547 793//1547 821//1547
f 792//1548 821//1548 791//1548
f 793//1549 838//1549 794//1549
f 793//1550 794//1550 821//1550
f 838//1551 795//1551 797//1551
f 838//1552 797//1552 794//1552
f 795//1553 839//1553 796//1553
f 795//1554 796//1554 797//1554
f 839//1555 798//1555 823//1555
f 839//1556 823//1556 796//1556
f 798//1557 799//1557 824//1557
f 798//1558 824//1558 823//1558
f 799//1559 800//1559 826//1559
f 799//1560 826//1560 824//1560
f 800//1561 801//1561 827//1561
f 800//1562 827//1562 826//1562
f 801//1563 802//1563 804//1563
f 801//1564 804//1564 827//1564
f 802//1565 840//1565 803//1565
f 802//1566 803//1566 804//1566
f 840//1567 805//1567 829//1567
f 840//1568 829//1568 803//1568
f 805//1569 841//1569 830//1569
f 805//1570 830//1570 829//1570
f 841//1571 806//1571 808//1571
f 841//1572 808//1572 830//1572
f 806//1573 842//1573 807//1573
f 806//1574 807//1574 808//1574
f 842//1575 809//1575 833//1575
f 842//1576 833//1576 807//1576
f 809//1577 811//1577 810//1577
f 809//1578 810//1578 833//1578
f 811//1579 812//1579 814//1579
f 811//1580 814//1580 810//1580
f 812//1581 815//1581 813//1581
f 812//1582 813//1582 814//1582
f 815//1583 844//1583 832//1583
f 815//1584 832//1584 813//1584
f 844//1585 843//1585 817//1585
f 844//1586 817//1586 832//1586
f 843//1587 816//1587 831//1587
f 843//1588 831//1588 817//1588
f 816//1589 818//1589 820//1589
f 816//1590 820//1590 831//1590
f 818//1591 834//1591 819//1591
f 818//1592 819//1592 820//1592
f 791//1593 821//1593 794//1593
f 794//1594 789//1594 791//1594
f 794//1595 797//1595 789//1595
f 797//1596 822//1596 789//1596
f 797//1597 796//1597 822//1597
f 796//1598 787//1598 822//1598
f 796//1599 823//1599 787//1599
f 823//1600 785//1600 787//1600
f 823//1601 824//1601 785//1601
f 824//1602 825//1602 785//1602
f 824//1603 826//1603 825//1603
f 826//1604 783//1604 825//1604
f 826//1605 827//1605 783//1605
f 827//1606 837//1606 783//1606
f 827//1607 804//1607 837//1607
f 804//1608 828//1608 837//1608
f 804//1609 803//1609 828//1609
f 803//1610 819//1610 828//1610
f 803//1611 829//1611 819//1611
f 829//1612 820//1612 819//1612
f 829//1613 830//1613 820//1613
f 830//1614 831//1614 820//1614
f 830//1615 808//1615 831//1615
f 808//1616 817//1616 831//1616
f 808//1617 807//1617 817//1617
f 807//1618 832//1618 817//1618
f 807//1619 833//1619 832//1619
f 833//1620 813//1620 832//1620
f 833//1621 810//1621 813//1621
f 810//1622 814//1622 813//1622
f 834//1623 835//1623 828//1623
f 834//1624 828//1624 819//1624
f 835//1625 836//1625 837//1625
f 835//1626 837//1626 828//1626
f 838//1627 793//1627 792//1627
f 792//1628 795//1628 838//1628
f 792//1629 790//1629 795//1629
f 790//1630 839//1630 795//1630
f 790//1631 788//1631 839//1631
f 788//1632 798//1632 839//1632
f 788//1633 786//1633 798//1633
f 786//1634 799//1634 798//1634
f 786//1635 784//1635 799//1635
f 784//1636 800//1636 799//1636
f 784//1637 782//1637 800//1637
f 782//1638 801//1638 800//1638
f 782//1639 781//1639 801//1639
f 781//1640 802//1640 801//1640
f 781//1641 836//1641 802//1641
f 836//1642 840//1642 802//1642
f 836//1643 835//1643 840//1643
f 835//1644 805//1644 840//1644
f 835//1645 834//1645 805//1645
f 834//1646 841//1646 805//1646
f 834//1647 818//1647 841//1647
f 818//1648 806//1648 841//1648
f 818//1649 816//1649 806//1649
f 816//1650 842//1650 806//1650
f 816//1651 843//1651 842//1651
f 843//1652 809//1652 842//1652
f 843//1653 844//1653 809//1653
f 844//1654 811//1654 809//1654
f 844//1655 815//1655 811//1655
f 815//1656 812//1656 811//1656
o cup_(2).001
v -1.328529 -0.566260 4.536094
v -1.405765 -0.574991 4.609654
v -1.323770 -0.569436 4.652146
v -1.402082 -0.578055 4.726248
v -1.252679 -0.561798 4.462613
v -1.122109 -0.560770 4.451285
v -1.482600 -0.591351 4.681507
v -1.480066 -0.594545 4.798614
v -1.396181 -0.585471 4.843349
v -1.474609 -0.601959 4.915577
v -1.246869 -0.565192 4.577502
v -1.317286 -0.576987 4.769176
v -1.550744 -0.629921 4.984798
v -1.622635 -0.672143 5.049710
v -1.555905 -0.622321 4.868059
v -1.557272 -0.618647 4.750400
v -1.627624 -0.664125 4.933240
v -1.627883 -0.659547 4.815041
v -1.692888 -0.719693 4.992272
v -1.692175 -0.713807 4.873604
v -1.747736 -0.780068 4.924154
v -1.731629 -0.781296 4.825702
v -1.749217 -0.787616 5.043177
v -1.794205 -0.865390 5.084084
v -1.670996 -0.744986 5.185635
v -1.725016 -0.811904 5.234170
v -1.687982 -0.728366 5.108468
v -1.744337 -0.797172 5.159123
v -1.789292 -0.876026 5.199802
v -1.768150 -0.888739 5.273240
v -1.798240 -0.972470 5.301216
v -1.820670 -0.961823 5.228899
v -1.837203 -1.050955 5.245540
v -1.825683 -0.949948 5.113397
v -1.792188 -0.855897 4.964843
v -1.823381 -0.938300 4.994069
v -1.803718 -0.931117 4.892994
v -1.840055 -1.023808 5.010967
v -1.842388 -1.037740 5.130243
v -1.841408 -1.108707 5.015027
v -1.819739 -1.012087 4.909420
v -1.827260 -1.189219 5.006169
v -1.821198 -1.092384 4.913534
v -1.843517 -1.124973 5.134120
v -1.814021 -1.059515 5.317203
v -1.838092 -1.139567 5.249212
v -1.800155 -1.228148 5.311574
v -1.770796 -1.302095 5.290233
v -1.792805 -1.299653 5.217752
v -1.823170 -1.223739 5.239855
v -1.748445 -1.364027 5.183930
v -1.828891 -1.207785 5.124950
v -1.780357 -1.236534 4.884924
v -1.739822 -1.293944 4.853487
v -1.798863 -1.282413 5.103005
v -1.797957 -1.261669 4.984660
v -1.754858 -1.345615 5.069300
v -1.698741 -1.394668 5.025095
v -1.754904 -1.322904 4.951495
v -1.626965 -1.367929 4.762156
v -1.688080 -1.338191 4.812161
v -1.699929 -1.370288 4.907921
v -1.673862 -1.413464 5.215250
v -1.610020 -1.446822 5.164120
v -1.691970 -1.414110 5.139670
v -1.625606 -1.448290 5.086449
v -1.551740 -1.466201 5.025812
v -1.473032 -1.470712 4.959508
v -1.481166 -1.449143 4.844984
v -1.559338 -1.445187 4.911253
v -1.632763 -1.427979 4.971889
v -1.635209 -1.402288 4.855379
v -1.563080 -1.418573 4.795394
v -1.558410 -1.382904 4.704688
v -1.407053 -1.415971 4.660263
v -1.486158 -1.421921 4.729706
v -1.400904 -1.443559 4.774941
v -1.321119 -1.432381 4.703116
v -1.461761 -1.469221 5.041028
v -1.302297 -1.453957 4.899543
v -1.392142 -1.465541 4.889273
v -1.311795 -1.454582 4.816677
v -1.175708 -1.422687 4.734759
v -1.182953 -1.426200 4.669624
v -1.198207 -1.386419 4.492377
v -1.328375 -1.404702 4.589631
v -1.190901 -1.408855 4.580701
v -1.133799 -1.397548 4.524819
v -1.142116 -1.376342 4.442629
v -1.331036 -1.368562 4.504436
v -1.092681 -1.365928 4.403037
v -1.082949 -1.384537 4.473807
v -1.126809 -1.414119 4.609409
v -1.078396 -1.399566 4.550675
v -1.044931 -1.373815 4.506182
v -1.128281 -0.558241 4.361973
v -1.067500 -0.558689 4.393731
v -1.074697 -0.556294 4.310654
v -1.239834 -0.572932 4.693845
v -1.234558 -0.593954 4.783054
v -1.116046 -0.567715 4.542665
v -1.112535 -0.587774 4.614103
v -1.062270 -0.565545 4.480748
v -1.016220 -0.565490 4.421141
v -0.986448 -0.579031 4.380563
v -0.994272 -0.589722 4.437607
v -1.019276 -0.559000 4.341977
v -1.027939 -0.556964 4.270527
v -0.997168 -0.570988 4.248864
v -1.260496 -0.669183 4.483476
v -1.254716 -0.679929 4.599187
v -1.138377 -0.663795 4.386345
v -1.330501 -0.674350 4.550682
v -1.397131 -0.682295 4.613723
v -1.325450 -0.684942 4.667274
v -1.457870 -0.695236 4.670362
v -1.512682 -0.715464 4.721072
v -1.386598 -0.697987 4.847194
v -1.448612 -0.710974 4.904134
v -1.382393 -0.685909 4.933340
v -1.504512 -0.731650 4.955085
v -1.453603 -0.705621 4.786827
v -1.247049 -0.685471 4.714549
v -1.318527 -0.690290 4.783583
v -1.392581 -0.692741 4.730376
v -1.506786 -0.721517 5.046566
v -1.554861 -0.762037 5.000989
v -1.560738 -0.754120 5.095440
v -1.599886 -0.802575 5.042218
v -1.508524 -0.725907 4.837256
v -1.557960 -0.755570 4.882652
v -1.602189 -0.795063 4.923436
v -1.562125 -0.744927 4.766793
v -1.520573 -0.694674 4.639491
v -1.606422 -0.784058 4.807901
v -1.645332 -0.832566 4.844247
v -1.641017 -0.844107 4.959492
v -1.677076 -0.888857 4.874294
v -1.672665 -0.901096 4.989286
v -1.694547 -0.875352 4.801947
v -1.639347 -0.852949 5.078615
v -1.651306 -0.851550 5.177996
v -1.685453 -0.914065 5.209639
v -1.671441 -0.911502 5.108629
v -1.694140 -0.975934 5.130585
v -1.709488 -0.982723 5.232648
v -1.695121 -0.963786 5.011139
v -1.699655 -0.950711 4.896369
v -1.707151 -1.029099 5.024025
v -1.731250 -1.005811 4.838922
v -1.711839 -1.015103 4.909446
v -1.712847 -1.078733 4.912889
v -1.707975 -1.093677 5.027300
v -1.697672 -1.154223 5.021025
v -1.721954 -1.133226 4.836183
v -1.702744 -1.138358 4.906744
v -1.732442 -1.071539 4.842587
v -1.722166 -1.054261 5.246016
v -1.722706 -1.125143 5.249135
v -1.706854 -1.109553 5.146589
v -1.696173 -1.171935 5.140069
v -1.706203 -1.043094 5.143448
v -1.655015 -1.300712 5.199688
v -1.676823 -1.207703 5.005648
v -1.644075 -1.273014 5.100553
v -1.674751 -1.227128 5.124339
v -1.682092 -1.190992 4.891444
v -1.652339 -1.234611 4.868117
v -1.700309 -1.187836 4.820112
v -1.646897 -1.252069 4.982310
v -1.609272 -1.285848 4.952050
v -1.614855 -1.267753 4.837795
v -1.629237 -1.267756 4.763308
v -1.569751 -1.289922 4.800421
v -1.668929 -1.233214 4.795467
v -1.613394 -1.338779 5.166663
v -1.605552 -1.308061 5.069767
v -1.563666 -1.364677 5.126294
v -1.506043 -1.378477 5.078485
v -1.505135 -1.344261 4.986651
v -1.559294 -1.331759 5.031931
v -1.564017 -1.308560 4.914779
v -1.510914 -1.320365 4.870064
v -1.456140 -1.303372 4.702886
v -1.516867 -1.301261 4.755597
v -1.381362 -1.318198 4.756812
v -1.388201 -1.298357 4.642437
v -1.394701 -1.299083 4.560753
v -1.369109 -1.377832 4.960337
v -1.373530 -1.342871 4.872338
v -1.294160 -1.368573 4.891698
v -1.443000 -1.347247 4.933474
v -1.449838 -1.322881 4.817413
v -1.299963 -1.333735 4.805061
v -1.174923 -1.308920 4.660315
v -1.119819 -1.298281 4.600591
v -1.126326 -1.278665 4.515223
v -1.182336 -1.288567 4.570580
v -1.308577 -1.308938 4.690508
v -1.316157 -1.288935 4.577071
v -1.189812 -1.273123 4.482290
v -1.134767 -1.264256 4.433066
v -1.322431 -1.289322 4.495449
v -1.068839 -1.272241 4.341041
v -1.086088 -1.259408 4.393905
v -1.072589 -1.318637 4.602987
v -1.040673 -1.298220 4.500166
v -1.072114 -1.289864 4.542182
v -1.041834 -1.281940 4.429596
v -1.076245 -1.271774 4.464597
v -1.132418 -0.672998 4.476648
v -1.078212 -0.669695 4.420116
v -1.072343 -0.673845 4.505968
v -1.239416 -0.673575 4.797417
v -1.119145 -0.665043 4.630929
v -1.125708 -0.677285 4.566902
v -1.029405 -0.664265 4.367655
v -1.025774 -0.668018 4.445678
v -0.992961 -0.649642 4.397711
v -1.067245 -0.661744 4.567459
v -1.085173 -0.660816 4.336005
v -1.017144 -0.629623 4.233543
v -1.037837 -0.656289 4.295183
v -1.332689 -0.612881 4.427636
v -1.331239 -0.577960 4.452641
v -1.257059 -0.573237 4.380961
v -1.332793 -0.651819 4.462838
v -1.262648 -0.646622 4.395520
v -1.480057 -0.602540 4.593778
v -1.471895 -0.636102 4.559713
v -1.406240 -0.586694 4.524363
v -1.400473 -0.660006 4.527257
v -1.403822 -0.621403 4.495625
v -1.463175 -0.673494 4.586101
v -1.389308 -0.606292 4.930720
v -1.465812 -0.622338 5.000768
v -1.539376 -0.649482 5.067338
v -1.447397 -0.699499 4.992732
v -1.454624 -0.662435 5.027547
v -1.234504 -0.635264 4.820742
v -1.311482 -0.597988 4.857944
v -1.312152 -0.678153 4.867922
v -1.383683 -0.647561 4.962779
v -1.309454 -0.639533 4.893610
v -1.678926 -0.718624 4.777331
v -1.618088 -0.667326 4.721479
v -1.595399 -0.694407 4.674464
v -1.535974 -0.659691 4.619380
v -1.551177 -0.628581 4.659798
v -1.572854 -0.725563 4.688027
v -1.773931 -0.853070 4.864792
v -1.733790 -0.861355 4.803076
v -1.695982 -0.796632 4.767674
v -1.619865 -0.766481 4.731759
v -1.649168 -0.740326 4.724240
v -1.661047 -0.816975 4.770257
v -1.686568 -0.834110 5.236991
v -1.609101 -0.797630 5.139396
v -1.521254 -0.687139 5.087785
v -1.608410 -0.690420 5.129461
v -1.638411 -0.773393 5.193406
v -1.582861 -0.724104 5.143319
v -1.774994 -1.005229 4.843947
v -1.760539 -0.931947 4.828817
v -1.718358 -0.939313 4.825168
v -1.807946 -1.168371 4.905274
v -1.776366 -1.077773 4.847888
v -1.767018 -1.139441 5.315751
v -1.814700 -1.146037 5.320668
v -1.753892 -1.214230 5.307607
v -1.752276 -0.980682 5.297840
v -1.766469 -1.060356 5.312497
v -1.725225 -0.904123 5.272354
v -1.704337 -1.258106 4.794518
v -1.764592 -1.146147 4.840624
v -1.740115 -1.207098 4.822485
v -1.658826 -1.297184 4.757850
v -1.604693 -1.323346 4.713158
v -1.581643 -1.290823 4.723799
v -1.641530 -1.381300 5.221550
v -1.728092 -1.364733 5.257707
v -1.727584 -1.281202 5.288447
v -1.688100 -1.251161 5.225181
v -1.689578 -1.337617 5.259368
v -1.711163 -1.191862 5.242043
v -1.475009 -1.338766 4.602044
v -1.463725 -1.304461 4.622306
v -1.526357 -1.302477 4.676832
v -1.543000 -1.336498 4.661005
v -1.407883 -1.379611 4.573389
v -1.402370 -1.332974 4.537468
v -1.484608 -1.385675 4.641175
v -1.372764 -1.427050 4.996370
v -1.381999 -1.464476 4.971895
v -1.440861 -1.382061 5.023112
v -1.519901 -1.427114 5.122462
v -1.538569 -1.464504 5.105574
v -1.448717 -1.431422 5.062423
v -1.584603 -1.411172 5.175721
v -0.986784 -0.573273 4.308549
v -0.979081 -0.613492 4.375019
v -0.999366 -0.645686 4.451006
v -0.978400 -0.608812 4.304524
v -0.989665 -0.604741 4.247986
v -0.993670 -0.645939 4.326511
v -1.003892 -0.639652 4.266086
v -1.046363 -1.359819 4.436105
v -1.044266 -1.305956 4.364587
v -1.057823 -1.344666 4.377016
v -1.067437 -1.298908 4.334339
v -1.053376 -1.271005 4.370607
v -1.031790 -1.318282 4.420178
v -1.045377 -1.347817 4.559151
v -1.048070 -1.317458 4.555025
v -1.031773 -1.333199 4.489392
v -1.202125 -1.354565 4.426292
v -1.200878 -1.310634 4.400012
v -1.196186 -1.276759 4.419074
v -1.328107 -1.322557 4.470648
v -1.147585 -1.302567 4.357822
v -1.072399 -1.329603 4.346132
v -1.101770 -1.298082 4.333441
v -1.101343 -1.338562 4.353586
v -1.147816 -1.345737 4.381961
v -1.142603 -1.268691 4.375124
v -1.096667 -1.265256 4.347094
v -1.074038 -1.361352 4.625896
v -1.076894 -1.395762 4.608710
v -1.051385 -1.377322 4.559609
v -1.295322 -1.417227 4.925681
v -1.170758 -1.386201 4.755297
v -1.117422 -1.374340 4.692166
v -1.121347 -1.410425 4.672234
v -1.170210 -1.340061 4.728479
v -1.116569 -1.328838 4.666294
v -1.060332 -0.585397 4.549950
v -1.062541 -0.624848 4.581985
v -1.113968 -0.627693 4.646569
v -1.020606 -0.621560 4.514269
v -1.017798 -0.584339 4.485371
v -0.992696 -0.617826 4.446139
v -1.024376 -0.656483 4.502386
v -1.037995 -0.568825 4.225318
v -1.043921 -0.601619 4.216696
v -1.011778 -0.576180 4.220047
v -1.011336 -0.602225 4.217342
v -1.087708 -0.602611 4.241894
v -1.089394 -0.640112 4.271821
v -1.044985 -0.637125 4.242475
v -1.260803 -0.607860 4.358442
v -1.133913 -0.570247 4.299890
v -1.081994 -0.568335 4.254153
v -1.138849 -0.604750 4.285309
v -1.141048 -0.642657 4.316879
v -0.732641 -1.698171 5.130564
v -0.955010 -1.728027 5.273623
v -0.879257 -0.307926 5.081536
v -1.068583 -1.728660 5.284936
v -0.984153 -0.305984 5.094140
v -1.166099 -0.305053 4.995180
v -1.081790 -0.305029 5.064786
v -1.231970 -0.305873 4.888772
v -1.414520 -1.602815 4.784768
v -1.290901 -0.309524 4.403067
v -1.413429 -1.558208 4.605997
v -1.388212 -1.510111 4.416190
v -1.341795 -1.460097 4.222492
v -1.278149 -1.409863 4.031903
v -1.154083 -0.307460 3.810792
v -1.080102 -0.304815 3.622998
v -0.916383 -0.297871 3.301356
v -0.999443 -0.301486 3.451194
v -1.029534 -1.275969 3.543011
v -0.941707 -1.242992 3.426366
v -0.856949 -1.218585 3.340451
v -0.684698 -0.290192 3.032473
v -0.756709 -0.291751 3.087999
v -0.777318 -1.204008 3.288476
v -0.561465 -0.291606 3.035314
v -0.637817 -1.207249 3.293619
v -0.527696 -1.253341 3.443757
v -0.484780 -1.290313 3.568060
v -0.466904 -0.298898 3.189857
v -0.451288 -1.334483 3.719874
v -0.428882 -1.383869 3.893787
v -0.402825 -0.309204 3.475921
v -0.384699 -0.314094 3.656148
v -0.419669 -1.436302 4.083428
v -0.425943 -1.489550 4.281667
v -0.378244 -0.318078 3.852527
v -0.385623 -0.320755 4.057585
v -0.449809 -1.541432 4.480831
v -0.492739 -1.589911 4.672976
v -0.449466 -0.321522 4.461618
v -0.408873 -0.321906 4.263344
v -1.275727 -0.307164 4.750479
v -1.295419 -0.308520 4.586321
v -1.263709 -0.309819 4.207885
v -1.216787 -0.309159 4.008062
v -0.773523 -0.310674 5.027193
v -0.673089 -0.313883 4.933281
v -0.834550 -0.294459 3.178794
v -0.619501 -0.290099 3.014565
v -0.510596 -0.294634 3.094354
v -0.430701 -0.303942 3.318572
v -0.583220 -0.317093 4.803800
v -0.507872 -0.319796 4.644312
v -0.635984 -1.669665 5.004967
v -1.390004 -1.642490 4.945417
v -1.340148 -1.675939 5.081207
v -1.267088 -1.702037 5.186114
v -1.174755 -1.719847 5.255187
v -1.201824 -1.361201 3.851080
v -1.117493 -1.315956 3.686236
v -0.840855 -1.717803 5.221444
v -0.555137 -1.633170 4.850195
v -0.704060 -1.200109 3.272561
v -0.578917 -1.225238 3.351260
vn 0.1804 -0.9754 0.1270
vn 0.1880 -0.9735 0.1304
vn 0.2307 -0.9646 0.1277
vn 0.2372 -0.9626 0.1308
vn 0.0807 -0.9963 -0.0306
vn 0.0851 -0.9960 -0.0289
vn 0.0310 -0.9991 -0.0286
vn 0.0253 -0.9992 -0.0308
vn 0.0053 -0.9995 -0.0298
vn 0.0054 -0.9996 -0.0287
vn 0.3188 -0.9392 0.1271
vn 0.3225 -0.9377 0.1289
vn 0.4411 -0.8885 0.1261
vn 0.4430 -0.8875 0.1271
vn 0.3172 -0.9478 -0.0327
vn 0.3159 -0.9482 -0.0333
vn 0.1787 -0.9834 -0.0315
vn 0.1806 -0.9831 -0.0307
vn 0.1433 -0.9872 -0.0697
vn 0.1444 -0.9871 -0.0693
vn 0.2840 -0.9560 -0.0738
vn 0.2819 -0.9565 -0.0747
vn 0.1340 -0.9606 -0.2436
vn 0.1296 -0.9607 -0.2455
vn -0.0077 -0.9729 -0.2312
vn -0.0090 -0.9727 -0.2318
vn -0.0070 -0.9979 -0.0640
vn -0.0116 -0.9978 -0.0657
vn -0.0363 -0.9973 -0.0642
vn -0.0387 -0.9966 -0.0732
vn 0.0444 -0.9968 -0.0668
vn 0.0477 -0.9967 -0.0655
vn -0.1046 -0.9693 -0.2225
vn -0.1052 -0.9692 -0.2227
vn -0.1611 -0.9627 -0.2173
vn -0.1609 -0.9628 -0.2173
vn 0.3050 -0.9150 -0.2641
vn 0.3044 -0.9166 -0.2592
vn 0.4497 -0.8895 -0.0805
vn 0.4483 -0.8905 -0.0778
vn 0.6050 -0.7917 -0.0846
vn 0.6030 -0.7937 -0.0805
vn 0.4727 -0.8343 -0.2837
vn 0.4721 -0.8372 -0.2761
vn 0.4793 -0.8769 -0.0350
vn 0.4782 -0.8776 -0.0330
vn 0.5821 -0.8031 0.1277
vn 0.5822 -0.8030 0.1272
vn 0.7068 -0.6950 0.1320
vn 0.7069 -0.6949 0.1318
vn 0.6295 -0.7762 -0.0347
vn 0.6277 -0.7778 -0.0315
vn 0.7575 -0.6521 -0.0319
vn 0.7554 -0.6547 -0.0279
vn 0.8086 -0.5716 0.1394
vn 0.8084 -0.5718 0.1399
vn 0.8859 -0.4392 0.1492
vn 0.8854 -0.4399 0.1503
vn 0.8593 -0.5108 -0.0261
vn 0.8573 -0.5143 -0.0219
vn 0.6227 -0.7218 -0.3020
vn 0.6224 -0.7257 -0.2933
vn 0.7387 -0.6685 -0.0862
vn 0.7364 -0.6716 -0.0812
vn 0.8463 -0.5260 -0.0843
vn 0.8443 -0.5300 -0.0792
vn 0.7494 -0.5816 -0.3164
vn 0.7494 -0.5861 -0.3080
vn 0.8504 -0.4141 -0.3247
vn 0.8508 -0.4188 -0.3174
vn 0.9275 -0.3656 -0.0778
vn 0.9261 -0.3702 -0.0733
vn 0.9788 -0.1939 -0.0662
vn 0.9782 -0.1982 -0.0628
vn 0.9186 -0.2261 -0.3242
vn 0.9194 -0.2301 -0.3190
vn 0.9352 -0.3539 -0.0165
vn 0.9337 -0.3579 -0.0127
vn 0.9405 -0.2987 0.1618
vn 0.9400 -0.2998 0.1631
vn 0.9721 -0.1546 0.1766
vn 0.9716 -0.1561 0.1779
vn 0.9823 -0.1874 -0.0027
vn 0.9815 -0.1913 0.0003
vn 0.9998 -0.0122 0.0160
vn 0.9997 -0.0151 0.0178
vn 0.9809 -0.0063 0.1943
vn 0.9807 -0.0078 0.1953
vn 0.9656 0.1460 0.2150
vn 0.9657 0.1450 0.2156
vn 0.9847 0.1695 0.0400
vn 0.9849 0.1686 0.0405
vn 0.9496 -0.0200 -0.3127
vn 0.9504 -0.0224 -0.3101
vn 0.9987 -0.0120 -0.0486
vn 0.9988 -0.0150 -0.0466
vn 0.9839 0.1771 -0.0244
vn 0.9840 0.1765 -0.0240
vn 0.9368 0.1979 -0.2885
vn 0.9367 0.1982 -0.2887
vn 0.8727 0.4189 -0.2509
vn 0.8705 0.4220 -0.2534
vn 0.9291 0.3697 0.0065
vn 0.9283 0.3719 0.0054
vn 0.8329 0.5518 0.0420
vn 0.8299 0.5566 0.0398
vn 0.7569 0.6213 -0.2028
vn 0.7514 0.6266 -0.2071
vn 0.9324 0.3548 0.0693
vn 0.9318 0.3565 0.0685
vn 0.9228 0.3023 0.2390
vn 0.9228 0.3021 0.2391
vn 0.8505 0.4543 0.2651
vn 0.8501 0.4552 0.2647
vn 0.8411 0.5312 0.1021
vn 0.8387 0.5353 0.1003
vn 0.7107 0.6901 0.1364
vn 0.7057 0.6957 0.1339
vn 0.7467 0.5973 0.2926
vn 0.7455 0.5993 0.2918
vn 0.6157 0.7201 0.3199
vn 0.6125 0.7235 0.3183
vn 0.5494 0.8183 0.1689
vn 0.5420 0.8238 0.1659
vn 0.5938 0.7907 -0.1490
vn 0.5853 0.7960 -0.1539
vn 0.6957 0.7138 0.0800
vn 0.6899 0.7198 0.0770
vn 0.5269 0.8419 0.1163
vn 0.5190 0.8473 0.1131
vn 0.3986 0.9119 -0.0972
vn 0.3901 0.9152 -0.1013
vn 0.1983 0.9787 -0.0536
vn 0.1910 0.9800 -0.0568
vn 0.3455 0.9268 0.1471
vn 0.3369 0.9305 0.1439
vn 0.1968 0.9659 0.1679
vn 0.1889 0.9680 0.1650
vn 0.0412 0.9989 -0.0240
vn 0.0345 0.9990 -0.0270
vn 0.3743 0.9063 0.1961
vn 0.3661 0.9103 0.1930
vn 0.4696 0.8131 0.3439
vn 0.4651 0.8165 0.3421
vn 0.3457 0.8662 0.3607
vn 0.3417 0.8685 0.3591
vn 0.2297 0.9494 0.2142
vn 0.2220 0.9518 0.2115
vn 0.1295 0.9656 0.2254
vn 0.1231 0.9670 0.2230
vn 0.2585 0.8920 0.3709
vn 0.2564 0.8929 0.3701
vn 0.2086 0.9027 0.3764
vn 0.2075 0.9031 0.3760
vn 0.0729 0.9700 0.2319
vn 0.0674 0.9709 0.2299
vn -0.0637 0.9980 -0.0050
vn -0.0711 0.9974 -0.0084
vn 0.0946 0.9789 0.1810
vn 0.0875 0.9801 0.1784
vn 0.0368 0.9813 0.1888
vn 0.0303 0.9820 0.1865
vn -0.1248 0.9922 0.0068
vn -0.1321 0.9912 0.0034
vn -0.2670 0.9634 -0.0223
vn -0.1984 0.9800 0.0153
vn 0.0021 0.9815 0.1913
vn 0.0028 0.9815 0.1916
vn -0.0064 0.9814 0.1920
vn -0.0046 0.9813 0.1926
vn -0.2574 0.9657 -0.0344
vn -0.2369 0.9712 -0.0260
vn 0.0387 0.9714 0.2344
vn 0.0523 0.9689 0.2418
vn 0.0480 0.9683 0.2450
vn 0.0412 0.9692 0.2428
vn 0.1870 0.8892 0.4175
vn 0.1333 0.9139 0.3835
vn 0.2174 0.8795 0.4233
vn 0.1956 0.8879 0.4164
vn 0.0067 0.9673 0.2534
vn -0.0036 0.9682 0.2502
vn 0.1782 0.8738 0.4524
vn 0.1294 0.8902 0.4369
vn -0.1558 0.8569 0.4915
vn -0.1369 0.8564 0.4979
vn -0.3101 0.9047 0.2921
vn -0.3370 0.8981 0.2825
vn -0.3776 0.9246 -0.0508
vn -0.3188 0.9474 -0.0280
vn -0.0579 0.9791 0.1949
vn -0.0537 0.9791 0.1962
vn -0.4329 0.8823 0.1851
vn -0.3998 0.8948 0.1986
vn -0.6135 0.7894 -0.0223
vn -0.6374 0.7698 -0.0340
vn 0.1394 -0.9745 0.1758
vn 0.1336 -0.9824 0.1305
vn 0.0081 -0.9995 -0.0295
vn 0.0077 -0.9996 -0.0288
vn 0.1944 -0.9642 0.1804
vn 0.1969 -0.9658 0.1689
vn -0.2644 -0.9318 -0.2486
vn -0.2414 -0.9476 -0.2090
vn -0.2612 -0.9298 -0.2594
vn -0.2633 -0.9321 -0.2488
vn -0.0421 -0.9962 -0.0760
vn -0.0436 -0.9964 -0.0728
vn -0.0900 -0.9929 -0.0779
vn -0.0929 -0.9930 -0.0727
vn -0.3505 -0.8963 -0.2716
vn -0.3550 -0.9012 -0.2486
vn -0.6410 -0.7337 -0.2254
vn -0.6377 -0.7347 -0.2313
vn -0.4596 -0.8855 -0.0687
vn -0.4732 -0.8793 -0.0538
vn 0.1355 -0.9653 0.2231
vn 0.1473 -0.9711 0.1879
vn -0.0351 -0.9991 -0.0242
vn -0.0342 -0.9991 -0.0258
vn -0.3948 -0.9181 0.0336
vn -0.3845 -0.9229 0.0203
vn -0.2081 -0.9387 0.2747
vn -0.2182 -0.9310 0.2928
vn 0.1607 0.9571 0.2413
vn 0.1612 0.9569 0.2415
vn 0.0128 0.9959 0.0899
vn 0.0176 0.9956 0.0916
vn 0.0345 0.9953 0.0907
vn 0.0349 0.9945 0.0990
vn -0.0331 0.9954 0.0904
vn -0.0294 0.9954 0.0917
vn 0.1155 0.9629 0.2438
vn 0.1160 0.9628 0.2439
vn 0.0247 0.9684 0.2483
vn 0.0255 0.9683 0.2486
vn -0.1241 0.9879 0.0926
vn -0.1223 0.9881 0.0933
vn -0.2655 0.9594 0.0957
vn -0.2667 0.9590 0.0953
vn -0.1162 0.9597 0.2558
vn -0.1182 0.9597 0.2551
vn -0.1602 0.9857 0.0518
vn -0.1584 0.9860 0.0524
vn -0.3063 0.9446 -0.1181
vn -0.3050 0.9451 -0.1176
vn -0.4314 0.8954 -0.1099
vn -0.4317 0.8953 -0.1100
vn -0.2998 0.9523 0.0566
vn -0.3009 0.9520 0.0562
vn -0.0251 0.9986 0.0474
vn -0.0197 0.9986 0.0493
vn -0.0083 0.9988 0.0485
vn -0.0084 0.9988 0.0481
vn -0.1874 0.9742 -0.1260
vn -0.1810 0.9757 -0.1234
vn -0.2256 0.9662 -0.1245
vn -0.2210 0.9676 -0.1225
vn -0.0703 0.9964 0.0483
vn -0.0662 0.9966 0.0498
vn -0.5816 0.8068 -0.1038
vn -0.7158 0.6908 -0.1024
vn -0.7154 0.6911 -0.1030
vn -0.6342 0.7709 0.0587
vn -0.6364 0.7689 0.0610
vn -0.4733 0.8789 0.0590
vn -0.4748 0.8780 0.0604
vn -0.4425 0.8916 0.0960
vn -0.4445 0.8904 0.0978
vn -0.6085 0.7879 0.0943
vn -0.6115 0.7852 0.0972
vn -0.4764 0.8365 0.2706
vn -0.4790 0.8330 0.2769
vn -0.2983 0.9176 0.2627
vn -0.2999 0.9161 0.2661
vn -0.7427 0.6635 0.0904
vn -0.7458 0.6595 0.0940
vn -0.8481 0.5232 0.0841
vn -0.8507 0.5183 0.0878
vn -0.7565 0.5887 0.2847
vn -0.7580 0.5833 0.2919
vn -0.6292 0.7256 0.2786
vn -0.6314 0.7208 0.2860
vn -0.8186 0.5644 -0.1063
vn -0.8185 0.5645 -0.1064
vn -0.8946 0.4321 -0.1137
vn -0.8950 0.4316 -0.1132
vn -0.8620 0.5046 0.0495
vn -0.8641 0.5005 0.0525
vn -0.7625 0.6445 0.0556
vn -0.7650 0.6414 0.0583
vn -0.9484 0.2918 -0.1242
vn -0.9488 0.2908 -0.1233
vn -0.9792 0.1496 -0.1373
vn -0.9795 0.1481 -0.1363
vn -0.9821 0.1862 0.0270
vn -0.9828 0.1821 0.0291
vn -0.9362 0.3493 0.0401
vn -0.9377 0.3449 0.0428
vn -0.9279 0.3653 0.0745
vn -0.9297 0.3601 0.0778
vn -0.9784 0.1975 0.0612
vn -0.9792 0.1929 0.0636
vn -0.9292 0.2385 0.2823
vn -0.9291 0.2340 0.2865
vn -0.8592 0.4239 0.2866
vn -0.8598 0.4184 0.2928
vn -0.9989 0.0182 0.0431
vn -0.9989 0.0150 0.0445
vn -0.9854 -0.1690 0.0199
vn -0.9853 -0.1698 0.0202
vn -0.9510 -0.1872 0.2459
vn -0.9513 -0.1865 0.2454
vn -0.9625 0.0325 0.2692
vn -0.9621 0.0299 0.2712
vn -0.9881 0.0024 -0.1535
vn -0.9883 0.0008 -0.1527
vn -0.9736 -0.1486 -0.1731
vn -0.9735 -0.1501 -0.1724
vn -0.9860 -0.1664 -0.0129
vn -0.9858 -0.1675 -0.0125
vn -0.9999 0.0132 0.0095
vn -0.9999 0.0103 0.0108
vn -0.9316 -0.3056 -0.1967
vn -0.9314 -0.3064 -0.1963
vn -0.8599 -0.4591 -0.2232
vn -0.8598 -0.4593 -0.2232
vn -0.8441 -0.5314 -0.0722
vn -0.8462 -0.5277 -0.0733
vn -0.9348 -0.3527 -0.0407
vn -0.9354 -0.3513 -0.0412
vn -0.9318 -0.3630 -0.0090
vn -0.9326 -0.3608 -0.0098
vn -0.8356 -0.5477 -0.0416
vn -0.8386 -0.5430 -0.0431
vn -0.7657 -0.6208 0.1681
vn -0.7717 -0.6143 0.1644
vn -0.8858 -0.4132 0.2111
vn -0.8882 -0.4092 0.2087
vn -0.6944 -0.7155 -0.0763
vn -0.7001 -0.7097 -0.0782
vn -0.5104 -0.8528 -0.1101
vn -0.5180 -0.8480 -0.1122
vn -0.3843 -0.9202 0.0743
vn -0.3916 -0.9173 0.0716
vn -0.5944 -0.7951 0.1204
vn -0.6033 -0.7890 0.1165
vn -0.7538 -0.6066 -0.2527
vn -0.7546 -0.6055 -0.2530
vn -0.6108 -0.7392 -0.2838
vn -0.6145 -0.7356 -0.2851
vn -0.5341 -0.8337 -0.1404
vn -0.5410 -0.8289 -0.1423
vn -0.7103 -0.6959 -0.1063
vn -0.7148 -0.6910 -0.1078
vn -0.4537 -0.8347 -0.3122
vn -0.4596 -0.8308 -0.3141
vn -0.3273 -0.8844 -0.3328
vn -0.3326 -0.8817 -0.3345
vn -0.2009 -0.9616 -0.1871
vn -0.2081 -0.9596 -0.1892
vn -0.3471 -0.9225 -0.1687
vn -0.3550 -0.9191 -0.1708
vn -0.3173 -0.9384 -0.1370
vn -0.3251 -0.9354 -0.1392
vn -0.1674 -0.9738 -0.1538
vn -0.1745 -0.9722 -0.1560
vn -0.0165 -0.9997 0.0174
vn -0.0213 -0.9997 0.0155
vn -0.1746 -0.9839 0.0387
vn -0.1796 -0.9831 0.0368
vn -0.0729 -0.9838 -0.1636
vn -0.0795 -0.9830 -0.1658
vn -0.0249 -0.9852 -0.1694
vn -0.0310 -0.9847 -0.1716
vn 0.1323 -0.9912 -0.0017
vn 0.1253 -0.9921 -0.0049
vn 0.0827 -0.9966 0.0057
vn 0.0761 -0.9971 0.0028
vn -0.2472 -0.9052 -0.3457
vn -0.2500 -0.9041 -0.3466
vn -0.2086 -0.9124 -0.3520
vn -0.2102 -0.9119 -0.3526
vn -0.0619 -0.9769 -0.2044
vn -0.0674 -0.9762 -0.2062
vn -0.1087 -0.9741 -0.1981
vn -0.1147 -0.9730 -0.2000
vn -0.2253 -0.9091 -0.3505
vn -0.2983 -0.8758 -0.3795
vn -0.2493 -0.8872 -0.3881
vn -0.2737 -0.8772 -0.3944
vn -0.0427 -0.9751 -0.2176
vn -0.0504 -0.9742 -0.2200
vn -0.0404 -0.9772 -0.2085
vn -0.0570 -0.9746 -0.2164
vn -0.0067 -0.9849 -0.1732
vn -0.0044 -0.9851 -0.1719
vn 0.0043 -0.9850 -0.1727
vn 0.0031 -0.9849 -0.1730
vn 0.1795 -0.9830 0.0384
vn 0.2004 -0.9786 0.0478
vn 0.0974 -0.9952 -0.0028
vn 0.1544 -0.9871 0.0412
vn -0.0377 -0.9849 -0.1689
vn -0.0339 -0.9853 -0.1676
vn -0.3974 -0.9117 -0.1041
vn -0.3725 -0.9228 -0.0982
vn -0.2057 -0.9643 0.1670
vn -0.2273 -0.9607 0.1591
vn 0.1113 -0.9919 0.0609
vn 0.1663 -0.9824 0.0851
vn -0.3205 -0.8649 -0.3864
vn -0.3794 -0.8352 -0.3982
vn -0.6332 -0.6977 -0.3351
vn -0.6174 -0.7126 -0.3331
vn -0.4435 -0.8778 -0.1811
vn -0.4809 -0.8560 -0.1896
vn -0.0855 -0.9724 -0.2169
vn -0.0993 -0.9702 -0.2209
vn 0.1503 0.9585 0.2422
vn 0.1517 0.9472 0.2824
vn 0.2098 0.9376 0.2772
vn 0.2053 0.9353 0.2882
vn 0.0422 0.9942 0.0985
vn 0.0405 0.9940 0.1016
vn -0.0094 0.9988 0.0481
vn -0.0098 0.9988 0.0489
vn -0.2523 0.9549 -0.1567
vn -0.2518 0.9533 -0.1667
vn -0.2310 0.9658 -0.1174
vn -0.2546 0.9543 -0.1564
vn -0.0573 0.9970 0.0521
vn -0.0565 0.9971 0.0506
vn -0.4160 0.9072 0.0630
vn -0.4082 0.9115 0.0515
vn -0.6225 0.7698 -0.1412
vn -0.6244 0.7699 -0.1322
vn -0.3464 0.9255 -0.1534
vn -0.3466 0.9208 -0.1788
vn 0.1627 0.9421 0.2932
vn 0.1486 0.9357 0.3201
vn -0.1475 0.9229 0.3556
vn -0.1401 0.9287 0.3433
vn -0.3191 0.9373 0.1403
vn -0.3266 0.9328 0.1523
vn 0.0020 0.9945 0.1048
vn -0.0007 0.9940 0.1095
vn 0.6409 -0.4626 0.6126
vn 0.6396 -0.4649 0.6122
vn 0.6291 -0.4697 0.6194
vn 0.6284 -0.4708 0.6193
vn 0.5527 0.5581 0.6190
vn 0.5528 0.5621 0.6151
vn 0.5327 0.5636 0.6313
vn 0.5328 0.5667 0.6285
vn 0.6968 -0.4174 0.5833
vn 0.6950 -0.4219 0.5822
vn 0.6621 -0.4484 0.6004
vn 0.6610 -0.4507 0.6000
vn 0.4901 0.5760 0.6542
vn 0.4900 0.5775 0.6529
vn 0.4264 0.5845 0.6903
vn 0.4262 0.5858 0.6893
vn -0.4809 -0.5778 -0.6594
vn -0.4833 -0.5755 -0.6597
vn -0.4156 -0.5825 -0.6986
vn -0.4181 -0.5806 -0.6987
vn -0.6901 0.4194 -0.5898
vn -0.6896 0.4185 -0.5911
vn -0.6524 0.4476 -0.6116
vn -0.6523 0.4474 -0.6118
vn -0.5620 -0.5579 -0.6107
vn -0.5663 -0.5526 -0.6115
vn -0.5273 -0.5682 -0.6318
vn -0.5313 -0.5637 -0.6324
vn -0.6320 0.4593 -0.6242
vn -0.6319 0.4585 -0.6249
vn -0.6327 0.4603 -0.6228
vn -0.6326 0.4591 -0.6238
vn 0.7736 -0.3020 0.5571
vn 0.7720 -0.3134 0.5530
vn 0.7386 -0.3651 0.5667
vn 0.7363 -0.3733 0.5643
vn 0.3483 0.5745 0.7407
vn 0.3473 0.5776 0.7387
vn 0.2746 0.5370 0.7976
vn 0.2721 0.5428 0.7946
vn 0.8148 -0.1734 0.5532
vn 0.8157 -0.1817 0.5491
vn 0.7985 -0.2372 0.5532
vn 0.7984 -0.2478 0.5488
vn 0.2140 0.4759 0.8531
vn 0.2110 0.4810 0.8510
vn 0.1668 0.3947 0.9035
vn 0.1647 0.3975 0.9027
vn -0.1978 -0.4632 -0.8639
vn -0.2035 -0.4619 -0.8633
vn -0.1512 -0.3779 -0.9134
vn -0.1542 -0.3777 -0.9130
vn -0.8217 0.1742 -0.5426
vn -0.8185 0.1757 -0.5469
vn -0.8041 0.2399 -0.5440
vn -0.8003 0.2404 -0.5494
vn -0.3354 -0.5691 -0.7508
vn -0.3397 -0.5665 -0.7508
vn -0.2592 -0.5290 -0.8080
vn -0.2661 -0.5262 -0.8076
vn -0.7763 0.3064 -0.5508
vn -0.7727 0.3055 -0.5564
vn -0.7365 0.3694 -0.5666
vn -0.7346 0.3679 -0.5701
vn 0.8270 -0.0475 0.5602
vn 0.8283 -0.0507 0.5580
vn 0.8240 -0.1096 0.5558
vn 0.8255 -0.1154 0.5524
vn 0.1332 0.2940 0.9465
vn 0.1324 0.2949 0.9463
vn 0.1146 0.1798 0.9770
vn 0.1158 0.1789 0.9770
vn 0.8151 0.0794 0.5739
vn 0.8148 0.0797 0.5742
vn 0.8241 0.0152 0.5662
vn 0.8249 0.0140 0.5652
vn 0.1122 0.0533 0.9923
vn 0.1147 0.0517 0.9921
vn 0.1275 -0.0809 0.9885
vn 0.1309 -0.0824 0.9880
vn -0.0991 -0.0402 -0.9943
vn -0.0972 -0.0391 -0.9945
vn -0.1142 0.0877 -0.9896
vn -0.1119 0.0898 -0.9897
vn -0.8216 -0.0822 -0.5641
vn -0.8217 -0.0828 -0.5638
vn -0.8312 -0.0181 -0.5556
vn -0.8308 -0.0171 -0.5563
vn -0.1185 -0.2757 -0.9539
vn -0.1193 -0.2758 -0.9538
vn -0.1011 -0.1625 -0.9815
vn -0.1000 -0.1622 -0.9817
vn -0.8345 0.0453 -0.5491
vn -0.8332 0.0471 -0.5509
vn -0.8316 0.1086 -0.5446
vn -0.8293 0.1107 -0.5478
vn 0.7733 0.2155 0.5963
vn 0.7710 0.2164 0.5989
vn 0.7985 0.1469 0.5839
vn 0.7971 0.1479 0.5854
vn 0.1631 -0.2185 0.9621
vn 0.1666 -0.2192 0.9614
vn 0.2181 -0.3450 0.9129
vn 0.2213 -0.3449 0.9122
vn 0.6912 0.3498 0.6324
vn 0.6893 0.3491 0.6348
vn 0.7377 0.2846 0.6122
vn 0.7350 0.2848 0.6154
vn 0.2920 -0.4501 0.8439
vn 0.2935 -0.4497 0.8436
vn 0.3818 -0.5205 0.7638
vn 0.3785 -0.5223 0.7642
vn -0.2730 0.4402 -0.8554
vn -0.2726 0.4414 -0.8549
vn -0.3585 0.5131 -0.7798
vn -0.3592 0.5103 -0.7814
vn -0.6936 -0.3522 -0.6284
vn -0.6922 -0.3558 -0.6279
vn -0.7422 -0.2854 -0.6064
vn -0.7409 -0.2910 -0.6052
vn -0.1482 0.2178 -0.9647
vn -0.1463 0.2202 -0.9644
vn -0.2015 0.3381 -0.9193
vn -0.2002 0.3406 -0.9187
vn -0.7786 -0.2169 -0.5889
vn -0.7783 -0.2214 -0.5876
vn -0.8043 -0.1493 -0.5751
vn -0.8045 -0.1518 -0.5742
vn 0.5972 0.4382 0.6718
vn 0.5963 0.4363 0.6738
vn 0.6393 0.4038 0.6544
vn 0.6381 0.4026 0.6563
vn 0.4699 -0.5508 0.6898
vn 0.4648 -0.5551 0.6898
vn 0.5371 -0.5529 0.6370
vn 0.5334 -0.5571 0.6365
vn 0.5530 0.4700 0.6879
vn 0.5526 0.4666 0.6906
vn 0.5699 0.4581 0.6822
vn 0.5692 0.4549 0.6849
vn 0.5808 -0.5462 0.6036
vn 0.5801 -0.5472 0.6034
vn 0.6030 -0.5407 0.5865
vn 0.6036 -0.5397 0.5868
vn -0.5678 0.5451 -0.6168
vn -0.5678 0.5441 -0.6177
vn -0.6057 0.5348 -0.5892
vn -0.6057 0.5345 -0.5895
vn -0.5690 -0.4579 -0.6831
vn -0.5646 -0.4635 -0.6829
vn -0.5715 -0.4536 -0.6838
vn -0.5681 -0.4583 -0.6836
vn -0.4467 0.5485 -0.7068
vn -0.4472 0.5440 -0.7100
vn -0.5173 0.5532 -0.6530
vn -0.5174 0.5498 -0.6558
vn -0.5957 -0.4387 -0.6728
vn -0.5940 -0.4412 -0.6727
vn -0.6391 -0.4064 -0.6530
vn -0.6380 -0.4085 -0.6528
vn -0.9736 -0.2269 -0.0245
vn -0.9782 -0.2072 -0.0120
vn -0.9650 -0.1749 -0.1954
vn -0.9828 -0.1018 -0.1539
vn -0.9504 0.2801 -0.1350
vn -0.9644 0.2008 -0.1724
vn -0.9181 0.3952 0.0297
vn -0.9302 0.3668 0.0154
vn -0.8171 -0.0733 0.5718
vn -0.8581 -0.2030 0.4716
vn -0.9600 -0.2180 0.1756
vn -0.9571 -0.2436 0.1572
vn -0.8691 0.4549 0.1943
vn -0.8566 0.4736 0.2048
vn -0.7807 0.4323 0.4512
vn -0.6664 0.5388 0.5155
vn -0.8648 0.4129 0.2856
vn -0.8778 0.3946 0.2714
vn -0.6660 0.4292 0.6102
vn -0.7814 0.3298 0.5297
vn -0.8410 -0.2971 0.4522
vn -0.8005 -0.1853 0.5700
vn -0.9464 -0.2954 0.1304
vn -0.9496 -0.2738 0.1524
vn -0.9695 0.1951 -0.1482
vn -0.9579 0.2698 -0.0980
vn -0.9397 0.3343 0.0723
vn -0.9283 0.3606 0.0910
vn -0.9712 -0.2353 -0.0383
vn -0.9660 -0.2529 -0.0543
vn -0.9792 -0.1101 -0.1706
vn -0.9588 -0.1751 -0.2237
vn 0.5261 0.4129 0.7435
vn 0.5303 0.4241 0.7341
vn 0.3967 0.4629 0.7927
vn 0.3982 0.5264 0.7512
vn 0.4889 -0.4782 0.7295
vn 0.4349 -0.5851 0.6845
vn 0.6105 -0.4296 0.6654
vn 0.5940 -0.4554 0.6632
vn -0.0157 0.3608 0.9325
vn 0.0919 0.4444 0.8911
vn 0.3962 0.4124 0.8203
vn 0.4168 0.4419 0.7943
vn 0.4994 -0.3978 0.7697
vn 0.4522 -0.4575 0.7656
vn 0.1503 -0.2335 0.9607
vn -0.0333 -0.3794 0.9246
vn -0.8147 0.3458 -0.4656
vn -0.8104 0.3143 -0.4945
vn -0.9078 0.2452 -0.3401
vn -0.8990 0.1768 -0.4006
vn -0.8682 -0.2114 -0.4490
vn -0.9000 -0.1361 -0.4141
vn -0.7556 -0.3130 -0.5754
vn -0.7785 -0.2759 -0.5637
vn -0.7505 0.4718 -0.4628
vn -0.7640 0.3921 -0.5125
vn -0.7343 0.4059 -0.5441
vn -0.7317 0.3889 -0.5599
vn -0.6707 -0.3668 -0.6447
vn -0.6813 -0.3521 -0.6418
vn -0.6946 -0.4007 -0.5975
vn -0.7297 -0.3371 -0.5949
vn -0.6979 -0.4275 -0.5746
vn -0.6871 -0.4434 -0.5755
vn -0.7431 -0.4059 -0.5319
vn -0.7028 -0.4800 -0.5251
vn -0.7722 0.3335 -0.5408
vn -0.7594 0.4066 -0.5079
vn -0.7401 0.3259 -0.5882
vn -0.7419 0.3439 -0.5756
vn -0.9092 -0.1668 -0.3816
vn -0.8798 -0.2483 -0.4053
vn -0.7939 -0.3344 -0.5079
vn -0.7716 -0.3744 -0.5143
vn -0.8152 0.2635 -0.5157
vn -0.8180 0.2980 -0.4921
vn -0.9013 0.1444 -0.4084
vn -0.9068 0.2202 -0.3594
vn 0.4704 -0.3657 0.8031
vn 0.5198 -0.3039 0.7984
vn -0.0238 -0.2502 0.9679
vn 0.1694 -0.0990 0.9806
vn 0.1018 0.5825 0.8064
vn -0.0076 0.5102 0.8600
vn 0.4344 0.5498 0.7134
vn 0.4151 0.5263 0.7421
vn 0.4488 -0.5208 0.7262
vn 0.5117 -0.3955 0.7627
vn 0.6075 -0.3814 0.6968
vn 0.6257 -0.3531 0.6955
vn 0.5485 0.5161 0.6579
vn 0.5451 0.5078 0.6671
vn 0.4119 0.6196 0.6682
vn 0.4123 0.5688 0.7117
vn -0.6331 -0.0760 -0.7703
vn -0.6824 -0.0743 -0.7272
vn -0.4061 -0.1012 -0.9082
vn -0.4569 -0.1002 -0.8839
vn -0.0976 -0.1266 -0.9871
vn -0.1206 -0.1267 -0.9846
vn 0.2557 -0.1454 -0.9557
vn 0.2836 -0.1440 -0.9481
vn 0.5732 -0.1515 -0.8053
vn 0.6300 -0.1441 -0.7631
vn 0.7945 -0.1455 -0.5895
vn 0.8433 -0.1322 -0.5210
vn 0.9194 -0.1327 -0.3703
vn 0.9472 -0.1167 -0.2986
vn 0.9770 -0.1172 -0.1780
vn 0.9878 -0.1017 -0.1177
vn 0.9947 -0.1007 -0.0191
vn 0.9958 -0.0878 0.0250
vn 0.9904 -0.0836 0.1104
vn 0.9877 -0.0745 0.1377
vn 0.9741 -0.0655 0.2165
vn 0.9717 -0.0612 0.2280
vn 0.9511 -0.0458 0.3055
vn 0.9521 -0.0471 0.3022
vn 0.9233 -0.0236 0.3834
vn 0.9301 -0.0313 0.3660
vn 0.8900 0.0021 0.4559
vn 0.9052 -0.0126 0.4247
vn 0.8476 0.0328 0.5297
vn 0.8745 0.0106 0.4850
vn 0.7871 0.0710 0.6127
vn 0.8304 0.0412 0.5556
vn 0.6895 0.1200 0.7143
vn 0.7552 0.0843 0.6500
vn 0.5137 0.1828 0.8383
vn 0.6018 0.1486 0.7847
vn 0.1927 0.2510 0.9486
vn 0.2570 0.2365 0.9370
vn -0.2629 0.2822 0.9226
vn -0.3160 0.2858 0.9047
vn -0.6378 0.2481 0.7292
vn -0.7290 0.2415 0.6405
vn -0.8329 0.1912 0.5193
vn -0.8914 0.1802 0.4159
vn -0.9219 0.1417 0.3605
vn -0.9527 0.1333 0.2732
vn -0.9645 0.1034 0.2429
vn -0.9793 0.0984 0.1768
vn -0.9863 0.0736 0.1480
vn -0.9923 0.0711 0.1017
vn -0.9968 0.0498 0.0622
vn -0.9982 0.0487 0.0338
vn -0.9993 0.0300 -0.0236
vn -0.9989 0.0297 -0.0356
vn -0.9932 0.0127 -0.1157
vn -0.9936 0.0128 -0.1122
vn -0.9758 -0.0032 -0.2188
vn -0.9797 -0.0029 -0.2006
vn -0.9416 -0.0188 -0.3361
vn -0.9524 -0.0182 -0.3043
vn 0.0192 -0.9998 0.0060
vn 0.0093 -0.9999 0.0064
vn 0.0231 -0.9997 0.0047
vn 0.0033 -1.0000 0.0056
vn 0.0261 -0.9997 0.0028
vn -0.0033 -1.0000 0.0043
vn 0.0281 -0.9996 0.0003
vn -0.0105 -0.9999 0.0025
vn 0.0289 -0.9996 -0.0027
vn -0.0185 -0.9998 0.0004
vn 0.0284 -0.9996 -0.0060
vn -0.0270 -0.9996 -0.0020
vn 0.0262 -0.9996 -0.0096
vn -0.0361 -0.9993 -0.0044
vn 0.0221 -0.9997 -0.0131
vn -0.0456 -0.9989 -0.0069
vn 0.0157 -0.9997 -0.0164
vn -0.0552 -0.9984 -0.0092
vn 0.0069 -0.9998 -0.0191
vn -0.0646 -0.9978 -0.0112
vn -0.0044 -0.9998 -0.0212
vn -0.0732 -0.9972 -0.0131
vn -0.0179 -0.9996 -0.0224
vn -0.0802 -0.9967 -0.0146
vn -0.0330 -0.9992 -0.0228
vn -0.0845 -0.9963 -0.0161
vn -0.0484 -0.9986 -0.0224
vn -0.0854 -0.9962 -0.0174
vn -0.0628 -0.9978 -0.0215
vn -0.0821 -0.9964 -0.0188
vn -0.8824 -0.0354 -0.4693
vn -0.9039 -0.0343 -0.4264
vn -0.7854 -0.0541 -0.6167
vn -0.8210 -0.0525 -0.5685
vn -0.0156 0.9702 0.2420
vn -0.0245 0.9698 0.2425
vn -0.0100 0.9701 0.2426
vn -0.0275 0.9695 0.2437
vn -0.0036 0.9698 0.2438
vn -0.0294 0.9689 0.2456
vn 0.0034 0.9694 0.2454
vn -0.0300 0.9683 0.2479
vn 0.0111 0.9689 0.2473
vn -0.0291 0.9676 0.2507
vn 0.0194 0.9682 0.2494
vn -0.0264 0.9669 0.2537
vn 0.0283 0.9674 0.2515
vn -0.0217 0.9662 0.2568
vn 0.0376 0.9666 0.2536
vn -0.0148 0.9656 0.2597
vn 0.0471 0.9657 0.2554
vn -0.0055 0.9650 0.2622
vn 0.0566 0.9647 0.2571
vn 0.0061 0.9645 0.2642
vn 0.0656 0.9638 0.2584
vn 0.0195 0.9640 0.2654
vn 0.0736 0.9630 0.2594
vn 0.0342 0.9634 0.2658
vn 0.0798 0.9622 0.2602
vn 0.0488 0.9629 0.2655
vn 0.0835 0.9617 0.2610
vn 0.0623 0.9623 0.2647
vn 0.0839 0.9615 0.2618
vn 0.0731 0.9618 0.2637
s 0
f 1070//1657 849//1657 845//1657
f 1070//1658 845//1658 1069//1658
f 1069//1659 845//1659 846//1659
f 1069//1660 846//1660 1075//1660
f 845//1661 847//1661 848//1661
f 845//1662 848//1662 846//1662
f 849//1663 847//1663 845//1663
f 849//1664 855//1664 847//1664
f 849//1665 850//1665 855//1665
f 849//1666 940//1666 850//1666
f 1075//1667 846//1667 851//1667
f 1075//1668 851//1668 1073//1668
f 1073//1669 851//1669 860//1669
f 1073//1670 860//1670 1093//1670
f 851//1671 852//1671 859//1671
f 851//1672 859//1672 860//1672
f 846//1673 848//1673 852//1673
f 846//1674 852//1674 851//1674
f 848//1675 853//1675 854//1675
f 848//1676 854//1676 852//1676
f 852//1677 854//1677 857//1677
f 852//1678 857//1678 859//1678
f 854//1679 1080//1679 1081//1679
f 854//1680 1081//1680 857//1680
f 853//1681 1079//1681 1080//1681
f 853//1682 1080//1682 854//1682
f 855//1683 856//1683 847//1683
f 855//1684 943//1684 856//1684
f 855//1685 945//1685 943//1685
f 855//1686 850//1686 945//1686
f 847//1687 856//1687 853//1687
f 847//1688 853//1688 848//1688
f 856//1689 1085//1689 1079//1689
f 856//1690 1079//1690 853//1690
f 943//1691 944//1691 1085//1691
f 943//1692 1085//1692 856//1692
f 1081//1693 1104//1693 858//1693
f 1081//1694 858//1694 857//1694
f 857//1695 858//1695 861//1695
f 857//1696 861//1696 859//1696
f 858//1697 871//1697 863//1697
f 858//1698 863//1698 861//1698
f 1104//1699 869//1699 871//1699
f 1104//1700 871//1700 858//1700
f 859//1701 861//1701 862//1701
f 859//1702 862//1702 860//1702
f 860//1703 862//1703 1090//1703
f 860//1704 1090//1704 1093//1704
f 862//1705 864//1705 1089//1705
f 862//1706 1089//1706 1090//1706
f 861//1707 863//1707 864//1707
f 861//1708 864//1708 862//1708
f 863//1709 867//1709 865//1709
f 863//1710 865//1710 864//1710
f 864//1711 865//1711 866//1711
f 864//1712 866//1712 1089//1712
f 865//1713 879//1713 1095//1713
f 865//1714 1095//1714 866//1714
f 867//1715 868//1715 879//1715
f 867//1716 879//1716 865//1716
f 869//1717 870//1717 872//1717
f 869//1718 872//1718 871//1718
f 871//1719 872//1719 867//1719
f 871//1720 867//1720 863//1720
f 872//1721 873//1721 868//1721
f 872//1722 868//1722 867//1722
f 870//1723 874//1723 873//1723
f 870//1724 873//1724 872//1724
f 874//1725 875//1725 876//1725
f 874//1726 876//1726 873//1726
f 873//1727 876//1727 878//1727
f 873//1728 878//1728 868//1728
f 876//1729 877//1729 883//1729
f 876//1730 883//1730 878//1730
f 875//1731 889//1731 877//1731
f 875//1732 877//1732 876//1732
f 868//1733 878//1733 880//1733
f 868//1734 880//1734 879//1734
f 879//1735 880//1735 881//1735
f 879//1736 881//1736 1095//1736
f 880//1737 882//1737 885//1737
f 880//1738 885//1738 881//1738
f 878//1739 883//1739 882//1739
f 878//1740 882//1740 880//1740
f 883//1741 888//1741 884//1741
f 883//1742 884//1742 882//1742
f 882//1743 884//1743 887//1743
f 882//1744 887//1744 885//1744
f 884//1745 886//1745 1110//1745
f 884//1746 1110//1746 887//1746
f 888//1747 896//1747 886//1747
f 888//1748 886//1748 884//1748
f 889//1749 1113//1749 890//1749
f 889//1750 890//1750 877//1750
f 877//1751 890//1751 888//1751
f 877//1752 888//1752 883//1752
f 890//1753 894//1753 896//1753
f 890//1754 896//1754 888//1754
f 1113//1755 891//1755 894//1755
f 1113//1756 894//1756 890//1756
f 891//1757 892//1757 893//1757
f 891//1758 893//1758 894//1758
f 894//1759 893//1759 899//1759
f 894//1760 899//1760 896//1760
f 893//1761 895//1761 901//1761
f 893//1762 901//1762 899//1762
f 892//1763 1125//1763 895//1763
f 892//1764 895//1764 893//1764
f 896//1765 899//1765 900//1765
f 896//1766 900//1766 886//1766
f 886//1767 900//1767 897//1767
f 886//1768 897//1768 1110//1768
f 900//1769 903//1769 898//1769
f 900//1770 898//1770 897//1770
f 899//1771 901//1771 903//1771
f 899//1772 903//1772 900//1772
f 901//1773 902//1773 906//1773
f 901//1774 906//1774 903//1774
f 903//1775 906//1775 905//1775
f 903//1776 905//1776 898//1776
f 906//1777 916//1777 904//1777
f 906//1778 904//1778 905//1778
f 902//1779 915//1779 916//1779
f 902//1780 916//1780 906//1780
f 1125//1781 907//1781 909//1781
f 1125//1782 909//1782 895//1782
f 895//1783 909//1783 902//1783
f 895//1784 902//1784 901//1784
f 909//1785 910//1785 915//1785
f 909//1786 915//1786 902//1786
f 907//1787 908//1787 910//1787
f 907//1788 910//1788 909//1788
f 908//1789 1141//1789 911//1789
f 908//1790 911//1790 910//1790
f 910//1791 911//1791 914//1791
f 910//1792 914//1792 915//1792
f 911//1793 912//1793 913//1793
f 911//1794 913//1794 914//1794
f 1141//1795 923//1795 912//1795
f 1141//1796 912//1796 911//1796
f 915//1797 914//1797 917//1797
f 915//1798 917//1798 916//1798
f 916//1799 917//1799 918//1799
f 916//1800 918//1800 904//1800
f 917//1801 920//1801 1136//1801
f 917//1802 1136//1802 918//1802
f 914//1803 913//1803 920//1803
f 914//1804 920//1804 917//1804
f 913//1805 921//1805 919//1805
f 913//1806 919//1806 920//1806
f 920//1807 919//1807 1134//1807
f 920//1808 1134//1808 1136//1808
f 919//1809 930//1809 934//1809
f 919//1810 934//1810 1134//1810
f 921//1811 922//1811 930//1811
f 921//1812 930//1812 919//1812
f 923//1813 1138//1813 925//1813
f 923//1814 925//1814 912//1814
f 912//1815 925//1815 921//1815
f 912//1816 921//1816 913//1816
f 925//1817 926//1817 922//1817
f 925//1818 922//1818 921//1818
f 1138//1819 924//1819 926//1819
f 1138//1820 926//1820 925//1820
f 924//1821 927//1821 928//1821
f 924//1822 928//1822 926//1822
f 926//1823 928//1823 931//1823
f 926//1824 931//1824 922//1824
f 928//1825 932//1825 931//1825
f 928//1826 937//1826 932//1826
f 927//1827 1177//1827 937//1827
f 927//1828 937//1828 928//1828
f 922//1829 929//1829 930//1829
f 922//1830 931//1830 929//1830
f 931//1831 932//1831 933//1831
f 931//1832 933//1832 929//1832
f 930//1833 929//1833 1160//1833
f 930//1834 1160//1834 934//1834
f 929//1835 933//1835 1168//1835
f 929//1836 1168//1836 1160//1836
f 932//1837 936//1837 935//1837
f 932//1838 935//1838 933//1838
f 933//1839 935//1839 1167//1839
f 933//1840 1167//1840 1168//1840
f 935//1841 1153//1841 1165//1841
f 935//1842 1165//1842 1167//1842
f 936//1843 1151//1843 1153//1843
f 936//1844 1153//1844 935//1844
f 1177//1845 1172//1845 938//1845
f 1177//1846 938//1846 937//1846
f 937//1847 938//1847 936//1847
f 937//1848 936//1848 932//1848
f 938//1849 939//1849 1151//1849
f 938//1850 1151//1850 936//1850
f 1172//1851 1173//1851 939//1851
f 1172//1852 939//1852 938//1852
f 1070//1853 1195//1853 940//1853
f 1070//1854 940//1854 849//1854
f 940//1855 942//1855 941//1855
f 940//1856 941//1856 850//1856
f 1195//1857 1196//1857 942//1857
f 1195//1858 942//1858 940//1858
f 943//1859 945//1859 946//1859
f 943//1860 946//1860 944//1860
f 945//1861 947//1861 1180//1861
f 945//1862 1180//1862 946//1862
f 850//1863 941//1863 947//1863
f 850//1864 947//1864 945//1864
f 941//1865 951//1865 948//1865
f 941//1866 948//1866 947//1866
f 947//1867 948//1867 1184//1867
f 947//1868 1184//1868 1180//1868
f 948//1869 949//1869 950//1869
f 948//1870 950//1870 1184//1870
f 951//1871 1144//1871 949//1871
f 951//1872 949//1872 948//1872
f 1196//1873 1187//1873 952//1873
f 1196//1874 952//1874 942//1874
f 942//1875 952//1875 951//1875
f 942//1876 951//1876 941//1876
f 952//1877 953//1877 1144//1877
f 952//1878 1144//1878 951//1878
f 1187//1879 1189//1879 953//1879
f 1187//1880 953//1880 952//1880
f 1072//1881 1071//1881 957//1881
f 1072//1882 957//1882 954//1882
f 954//1883 957//1883 959//1883
f 954//1884 959//1884 955//1884
f 954//1885 955//1885 1055//1885
f 954//1886 1055//1886 956//1886
f 957//1887 958//1887 969//1887
f 957//1888 969//1888 959//1888
f 1071//1889 1076//1889 958//1889
f 1071//1890 958//1890 957//1890
f 1076//1891 1078//1891 960//1891
f 1076//1892 960//1892 958//1892
f 958//1893 960//1893 966//1893
f 958//1894 966//1894 969//1894
f 960//1895 961//1895 974//1895
f 960//1896 974//1896 966//1896
f 1078//1897 978//1897 961//1897
f 1078//1898 961//1898 960//1898
f 969//1899 966//1899 963//1899
f 969//1900 963//1900 962//1900
f 962//1901 963//1901 1082//1901
f 962//1902 1082//1902 964//1902
f 963//1903 965//1903 970//1903
f 963//1904 970//1904 1082//1904
f 966//1905 974//1905 965//1905
f 966//1906 965//1906 963//1906
f 955//1907 959//1907 968//1907
f 955//1908 968//1908 967//1908
f 955//1909 967//1909 1060//1909
f 955//1910 1060//1910 1055//1910
f 967//1911 968//1911 1086//1911
f 967//1912 1086//1912 1058//1912
f 968//1913 962//1913 964//1913
f 968//1914 964//1914 1086//1914
f 959//1915 969//1915 962//1915
f 959//1916 962//1916 968//1916
f 970//1917 965//1917 971//1917
f 970//1917 971//1917 972//1917
f 972//1918 971//1918 973//1918
f 972//1919 973//1919 1102//1919
f 971//1920 975//1920 976//1920
f 971//1921 976//1921 973//1921
f 965//1922 974//1922 975//1922
f 965//1923 975//1923 971//1923
f 974//1924 961//1924 977//1924
f 974//1925 977//1925 975//1925
f 975//1926 977//1926 979//1926
f 975//1927 979//1927 976//1927
f 977//1928 1094//1928 1098//1928
f 977//1929 1098//1929 979//1929
f 961//1930 978//1930 1094//1930
f 961//1931 1094//1931 977//1931
f 976//1932 979//1932 980//1932
f 976//1933 980//1933 981//1933
f 981//1934 980//1934 982//1934
f 981//1935 982//1935 983//1935
f 980//1936 1100//1936 984//1936
f 980//1937 984//1937 982//1937
f 979//1938 1098//1938 1100//1938
f 979//1939 1100//1939 980//1939
f 1102//1940 973//1940 985//1940
f 1102//1941 985//1941 986//1941
f 986//1942 985//1942 988//1942
f 986//1943 988//1943 987//1943
f 985//1944 981//1944 983//1944
f 985//1945 983//1945 988//1945
f 973//1946 976//1946 981//1946
f 973//1947 981//1947 985//1947
f 987//1948 988//1948 989//1948
f 987//1949 989//1949 990//1949
f 990//1950 989//1950 1006//1950
f 990//1951 1006//1951 1002//1951
f 989//1952 991//1952 993//1952
f 989//1953 993//1953 1006//1953
f 988//1954 983//1954 991//1954
f 988//1955 991//1955 989//1955
f 983//1956 982//1956 992//1956
f 983//1957 992//1957 991//1957
f 991//1958 992//1958 995//1958
f 991//1959 995//1959 993//1959
f 992//1960 1109//1960 994//1960
f 992//1961 994//1961 995//1961
f 982//1962 984//1962 1109//1962
f 982//1963 1109//1963 992//1963
f 993//1964 995//1964 996//1964
f 993//1965 996//1965 997//1965
f 997//1966 996//1966 1000//1966
f 997//1967 1000//1967 998//1967
f 996//1968 1001//1968 999//1968
f 996//1969 999//1969 1000//1969
f 995//1970 994//1970 1001//1970
f 995//1971 1001//1971 996//1971
f 1002//1972 1006//1972 1004//1972
f 1002//1973 1004//1973 1003//1973
f 1003//1974 1004//1974 1005//1974
f 1003//1975 1005//1975 1129//1975
f 1004//1976 997//1976 998//1976
f 1004//1977 998//1977 1005//1977
f 1006//1978 993//1978 997//1978
f 1006//1979 997//1979 1004//1979
f 1129//1980 1005//1980 1010//1980
f 1129//1981 1010//1981 1127//1981
f 1127//1982 1010//1982 1009//1982
f 1127//1983 1009//1983 1007//1983
f 1010//1984 1008//1984 1014//1984
f 1010//1985 1014//1985 1009//1985
f 1005//1986 998//1986 1008//1986
f 1005//1987 1008//1987 1010//1987
f 998//1988 1000//1988 1011//1988
f 998//1989 1011//1989 1008//1989
f 1008//1990 1011//1990 1012//1990
f 1008//1991 1012//1991 1014//1991
f 1011//1992 1013//1992 1019//1992
f 1011//1993 1019//1993 1012//1993
f 1000//1994 999//1994 1013//1994
f 1000//1995 1013//1995 1011//1995
f 1014//1996 1012//1996 1016//1996
f 1014//1997 1016//1997 1015//1997
f 1015//1998 1016//1998 1018//1998
f 1015//1999 1018//1999 1026//1999
f 1016//2000 1017//2000 1123//2000
f 1016//2001 1123//2001 1018//2001
f 1012//2002 1019//2002 1017//2002
f 1012//2003 1017//2003 1016//2003
f 1007//2004 1009//2004 1021//2004
f 1007//2005 1021//2005 1020//2005
f 1020//2006 1021//2006 1025//2006
f 1020//2007 1025//2007 1022//2007
f 1021//2008 1015//2008 1026//2008
f 1021//2009 1026//2009 1025//2009
f 1009//2010 1014//2010 1015//2010
f 1009//2011 1015//2011 1021//2011
f 1022//2012 1025//2012 1024//2012
f 1022//2013 1024//2013 1023//2013
f 1023//2014 1024//2014 1036//2014
f 1023//2015 1036//2015 1139//2015
f 1024//2016 1027//2016 1037//2016
f 1024//2017 1037//2017 1036//2017
f 1025//2018 1026//2018 1027//2018
f 1025//2019 1027//2019 1024//2019
f 1026//2020 1018//2020 1029//2020
f 1026//2021 1029//2021 1027//2021
f 1027//2022 1029//2022 1028//2022
f 1027//2023 1028//2023 1037//2023
f 1029//2024 1132//2024 1131//2024
f 1029//2025 1131//2025 1028//2025
f 1018//2026 1123//2026 1132//2026
f 1018//2027 1132//2027 1029//2027
f 1037//2028 1028//2028 1031//2028
f 1037//2029 1031//2029 1030//2029
f 1030//2030 1031//2030 1044//2030
f 1030//2031 1044//2031 1043//2031
f 1031//2032 1032//2032 1047//2032
f 1031//2033 1047//2033 1044//2033
f 1028//2034 1131//2034 1032//2034
f 1028//2035 1032//2035 1031//2035
f 1139//2036 1036//2036 1034//2036
f 1139//2037 1034//2037 1033//2037
f 1033//2038 1034//2038 1038//2038
f 1033//2039 1038//2039 1035//2039
f 1034//2040 1030//2040 1043//2040
f 1034//2041 1043//2041 1038//2041
f 1036//2042 1037//2042 1030//2042
f 1036//2043 1030//2043 1034//2043
f 1035//2044 1038//2044 1039//2044
f 1035//2045 1039//2045 1178//2045
f 1178//2046 1039//2046 1040//2046
f 1178//2047 1040//2047 1179//2047
f 1039//2048 1042//2048 1041//2048
f 1039//2049 1041//2049 1040//2049
f 1038//2050 1043//2050 1042//2050
f 1038//2051 1042//2051 1039//2051
f 1043//2052 1044//2052 1045//2052
f 1043//2053 1045//2053 1042//2053
f 1042//2054 1045//2054 1046//2054
f 1042//2055 1046//2055 1041//2055
f 1045//2056 1162//2056 1169//2056
f 1045//2057 1169//2057 1046//2057
f 1044//2058 1047//2058 1162//2058
f 1044//2059 1162//2059 1045//2059
f 1041//2060 1046//2060 1049//2060
f 1041//2061 1049//2061 1054//2061
f 1054//2062 1049//2062 1155//2062
f 1054//2063 1155//2063 1053//2063
f 1049//2064 1170//2064 1048//2064
f 1049//2065 1048//2065 1155//2065
f 1046//2066 1169//2066 1170//2066
f 1046//2067 1170//2067 1049//2067
f 1179//2068 1040//2068 1052//2068
f 1179//2069 1052//2069 1050//2069
f 1050//2070 1052//2070 1051//2070
f 1050//2071 1051//2071 1158//2071
f 1052//2072 1054//2072 1053//2072
f 1052//2073 1053//2073 1051//2073
f 1040//2074 1041//2074 1054//2074
f 1040//2075 1054//2075 1052//2075
f 1072//2076 954//2076 956//2076
f 1072//2077 956//2077 1198//2077
f 1198//2078 956//2078 1065//2078
f 1198//2079 1065//2079 1192//2079
f 956//2080 1055//2080 1056//2080
f 956//2081 1056//2081 1065//2081
f 1055//2082 1060//2082 1057//2082
f 1055//2083 1057//2083 1056//2083
f 1060//2084 1059//2084 1064//2084
f 1060//2085 1064//2085 1057//2085
f 967//2086 1058//2086 1059//2086
f 967//2087 1059//2087 1060//2087
f 1056//2088 1057//2088 1062//2088
f 1056//2089 1062//2089 1061//2089
f 1061//2090 1062//2090 1063//2090
f 1061//2091 1063//2091 1149//2091
f 1062//2092 1186//2092 1146//2092
f 1062//2093 1146//2093 1063//2093
f 1057//2094 1064//2094 1186//2094
f 1057//2095 1186//2095 1062//2095
f 1192//2096 1065//2096 1067//2096
f 1192//2097 1067//2097 1193//2097
f 1193//2098 1067//2098 1150//2098
f 1193//2099 1150//2099 1066//2099
f 1067//2100 1061//2100 1149//2100
f 1067//2101 1149//2101 1150//2101
f 1065//2102 1056//2102 1061//2102
f 1065//2103 1061//2103 1067//2103
f 1075//2104 1077//2104 1068//2104
f 1075//2105 1068//2105 1069//2105
f 1069//2106 1068//2106 1194//2106
f 1069//2107 1194//2107 1070//2107
f 1068//2108 1071//2108 1072//2108
f 1068//2109 1072//2109 1194//2109
f 1077//2110 1076//2110 1071//2110
f 1077//2111 1071//2111 1068//2111
f 1093//2112 1092//2112 1074//2112
f 1093//2113 1074//2113 1073//2113
f 1073//2114 1074//2114 1077//2114
f 1073//2115 1077//2115 1075//2115
f 1074//2116 1078//2116 1076//2116
f 1074//2117 1076//2117 1077//2117
f 1092//2118 978//2118 1078//2118
f 1092//2119 1078//2119 1074//2119
f 1079//2120 1087//2120 1083//2120
f 1079//2121 1083//2121 1080//2121
f 1080//2122 1083//2122 1103//2122
f 1080//2123 1103//2123 1081//2123
f 1083//2124 1082//2124 970//2124
f 1083//2125 970//2125 1103//2125
f 1087//2126 964//2126 1082//2126
f 1087//2127 1082//2127 1083//2127
f 944//2128 1084//2128 1088//2128
f 944//2129 1088//2129 1085//2129
f 1085//2130 1088//2130 1087//2130
f 1085//2131 1087//2131 1079//2131
f 1088//2132 1086//2132 964//2132
f 1088//2133 964//2133 1087//2133
f 1084//2134 1058//2134 1086//2134
f 1084//2135 1086//2135 1088//2135
f 1089//2136 1099//2136 1091//2136
f 1089//2137 1091//2137 1090//2137
f 1090//2138 1091//2138 1092//2138
f 1090//2139 1092//2139 1093//2139
f 1091//2140 1094//2140 978//2140
f 1091//2141 978//2141 1092//2141
f 1099//2142 1098//2142 1094//2142
f 1099//2143 1094//2143 1091//2143
f 1095//2144 1096//2144 1097//2144
f 1095//2145 1097//2145 866//2145
f 866//2146 1097//2146 1099//2146
f 866//2147 1099//2147 1089//2147
f 1097//2148 1100//2148 1098//2148
f 1097//2149 1098//2149 1099//2149
f 1096//2150 984//2150 1100//2150
f 1096//2151 1100//2151 1097//2151
f 869//2152 1105//2152 1101//2152
f 869//2153 1101//2153 870//2153
f 870//2154 1101//2154 1117//2154
f 870//2155 1117//2155 874//2155
f 1101//2156 986//2156 987//2156
f 1101//2157 987//2157 1117//2157
f 1105//2158 1102//2158 986//2158
f 1105//2159 986//2159 1101//2159
f 1081//2160 1103//2160 1106//2160
f 1081//2161 1106//2161 1104//2161
f 1104//2162 1106//2162 1105//2162
f 1104//2163 1105//2163 869//2163
f 1106//2164 972//2164 1102//2164
f 1106//2165 1102//2165 1105//2165
f 1103//2166 970//2166 972//2166
f 1103//2167 972//2167 1106//2167
f 885//2168 1107//2168 1108//2168
f 885//2169 1108//2169 881//2169
f 881//2170 1108//2170 1096//2170
f 881//2171 1096//2171 1095//2171
f 1108//2172 1109//2172 984//2172
f 1108//2173 984//2173 1096//2173
f 1107//2174 994//2174 1109//2174
f 1107//2175 1109//2175 1108//2175
f 1110//2176 1119//2176 1111//2176
f 1110//2177 1111//2177 887//2177
f 887//2178 1111//2178 1107//2178
f 887//2179 1107//2179 885//2179
f 1111//2180 1001//2180 994//2180
f 1111//2181 994//2181 1107//2181
f 1119//2182 999//2182 1001//2182
f 1119//2183 1001//2183 1111//2183
f 889//2184 1116//2184 1112//2184
f 889//2185 1112//2185 1113//2185
f 1113//2186 1112//2186 1114//2186
f 1113//2187 1114//2187 891//2187
f 1112//2188 1003//2188 1129//2188
f 1112//2189 1129//2189 1114//2189
f 1116//2190 1002//2190 1003//2190
f 1116//2191 1003//2191 1112//2191
f 874//2192 1117//2192 1115//2192
f 874//2193 1115//2193 875//2193
f 875//2194 1115//2194 1116//2194
f 875//2195 1116//2195 889//2195
f 1115//2196 990//2196 1002//2196
f 1115//2197 1002//2197 1116//2197
f 1117//2198 987//2198 990//2198
f 1117//2199 990//2199 1115//2199
f 898//2200 1118//2200 1120//2200
f 898//2201 1120//2201 897//2201
f 897//2202 1120//2202 1119//2202
f 897//2203 1119//2203 1110//2203
f 1120//2204 1013//2204 999//2204
f 1120//2205 999//2205 1119//2205
f 1118//2206 1019//2206 1013//2206
f 1118//2207 1013//2207 1120//2207
f 904//2208 1122//2208 1121//2208
f 904//2209 1121//2209 905//2209
f 905//2210 1121//2210 1118//2210
f 905//2211 1118//2211 898//2211
f 1121//2212 1017//2212 1019//2212
f 1121//2213 1019//2213 1118//2213
f 1122//2214 1123//2214 1017//2214
f 1122//2215 1017//2215 1121//2215
f 1125//2216 1128//2216 1124//2216
f 1125//2217 1124//2217 907//2217
f 907//2218 1124//2218 1143//2218
f 907//2219 1143//2219 908//2219
f 1124//2220 1020//2220 1022//2220
f 1124//2221 1022//2221 1143//2221
f 1128//2222 1007//2222 1020//2222
f 1128//2223 1020//2223 1124//2223
f 891//2224 1114//2224 1126//2224
f 891//2225 1126//2225 892//2225
f 892//2226 1126//2226 1128//2226
f 892//2227 1128//2227 1125//2227
f 1126//2228 1127//2228 1007//2228
f 1126//2229 1007//2229 1128//2229
f 1114//2230 1129//2230 1127//2230
f 1114//2231 1127//2231 1126//2231
f 1136//2232 1130//2232 1133//2232
f 1136//2233 1133//2233 918//2233
f 918//2234 1133//2234 1122//2234
f 918//2235 1122//2235 904//2235
f 1133//2236 1132//2236 1123//2236
f 1133//2237 1123//2237 1122//2237
f 1130//2238 1131//2238 1132//2238
f 1130//2239 1132//2239 1133//2239
f 934//2240 1163//2240 1135//2240
f 934//2241 1135//2241 1134//2241
f 1134//2242 1135//2242 1130//2242
f 1134//2243 1130//2243 1136//2243
f 1135//2244 1032//2244 1131//2244
f 1135//2245 1131//2245 1130//2245
f 1163//2246 1047//2246 1032//2246
f 1163//2247 1032//2247 1135//2247
f 923//2248 1142//2248 1137//2248
f 923//2249 1137//2249 1138//2249
f 1138//2250 1137//2250 1174//2250
f 1138//2251 1174//2251 924//2251
f 1137//2252 1033//2252 1035//2252
f 1137//2253 1035//2253 1174//2253
f 1142//2254 1139//2254 1033//2254
f 1142//2255 1033//2255 1137//2255
f 908//2256 1143//2256 1140//2256
f 908//2257 1140//2257 1141//2257
f 1141//2258 1140//2258 1142//2258
f 1141//2259 1142//2259 923//2259
f 1140//2260 1023//2260 1139//2260
f 1140//2261 1139//2261 1142//2261
f 1143//2262 1022//2262 1023//2262
f 1143//2263 1023//2263 1140//2263
f 1144//2264 1147//2264 1145//2264
f 1144//2265 1145//2265 949//2265
f 949//2266 1145//2266 1185//2266
f 949//2267 1185//2267 950//2267
f 1145//2268 1063//2268 1146//2268
f 1145//2269 1146//2269 1185//2269
f 1147//2270 1149//2270 1063//2270
f 1147//2271 1063//2271 1145//2271
f 1189//2272 1190//2272 1148//2272
f 1189//2273 1148//2273 953//2273
f 953//2274 1148//2274 1147//2274
f 953//2275 1147//2275 1144//2275
f 1148//2276 1150//2276 1149//2276
f 1148//2277 1149//2277 1147//2277
f 1190//2278 1066//2278 1150//2278
f 1190//2279 1150//2279 1148//2279
f 1151//2280 1156//2280 1152//2280
f 1151//2281 1152//2281 1153//2281
f 1153//2282 1152//2282 1154//2282
f 1153//2283 1154//2283 1165//2283
f 1152//2284 1155//2284 1048//2284
f 1152//2285 1048//2285 1154//2285
f 1156//2286 1053//2286 1155//2286
f 1156//2287 1155//2287 1152//2287
f 1173//2288 1157//2288 1159//2288
f 1173//2289 1159//2289 939//2289
f 939//2290 1159//2290 1156//2290
f 939//2291 1156//2291 1151//2291
f 1159//2292 1051//2292 1053//2292
f 1159//2293 1053//2293 1156//2293
f 1157//2294 1158//2294 1051//2294
f 1157//2295 1051//2295 1159//2295
f 1168//2296 1164//2296 1161//2296
f 1168//2297 1161//2297 1160//2297
f 1160//2298 1161//2298 1163//2298
f 1160//2299 1163//2299 934//2299
f 1161//2300 1162//2300 1047//2300
f 1161//2301 1047//2301 1163//2301
f 1164//2302 1169//2302 1162//2302
f 1164//2303 1162//2303 1161//2303
f 1165//2304 1154//2304 1166//2304
f 1165//2305 1166//2305 1167//2305
f 1167//2306 1166//2306 1164//2306
f 1167//2307 1164//2307 1168//2307
f 1166//2308 1170//2308 1169//2308
f 1166//2309 1169//2309 1164//2309
f 1154//2310 1048//2310 1170//2310
f 1154//2311 1170//2311 1166//2311
f 1177//2312 1176//2312 1171//2312
f 1177//2313 1171//2313 1172//2313
f 1172//2314 1171//2314 1157//2314
f 1172//2315 1157//2315 1173//2315
f 1171//2316 1050//2316 1158//2316
f 1171//2317 1158//2317 1157//2317
f 1176//2318 1179//2318 1050//2318
f 1176//2319 1050//2319 1171//2319
f 924//2320 1174//2320 1175//2320
f 924//2321 1175//2321 927//2321
f 927//2322 1175//2322 1176//2322
f 927//2323 1176//2323 1177//2323
f 1175//2324 1178//2324 1179//2324
f 1175//2325 1179//2325 1176//2325
f 1174//2326 1035//2326 1178//2326
f 1174//2327 1178//2327 1175//2327
f 1180//2328 1181//2328 1182//2328
f 1180//2329 1182//2329 946//2329
f 946//2330 1182//2330 1084//2330
f 946//2331 1084//2331 944//2331
f 1182//2332 1059//2332 1058//2332
f 1182//2333 1058//2333 1084//2333
f 1181//2334 1064//2334 1059//2334
f 1181//2335 1059//2335 1182//2335
f 950//2336 1185//2336 1183//2336
f 950//2337 1183//2337 1184//2337
f 1184//2338 1183//2338 1181//2338
f 1184//2339 1181//2339 1180//2339
f 1183//2340 1186//2340 1064//2340
f 1183//2341 1064//2341 1181//2341
f 1185//2342 1146//2342 1186//2342
f 1185//2343 1186//2343 1183//2343
f 1196//2344 1191//2344 1188//2344
f 1196//2345 1188//2345 1187//2345
f 1187//2346 1188//2346 1190//2346
f 1187//2347 1190//2347 1189//2347
f 1188//2348 1193//2348 1066//2348
f 1188//2349 1066//2349 1190//2349
f 1191//2350 1192//2350 1193//2350
f 1191//2351 1193//2351 1188//2351
f 1070//2352 1194//2352 1197//2352
f 1070//2353 1197//2353 1195//2353
f 1195//2354 1197//2354 1191//2354
f 1195//2355 1191//2355 1196//2355
f 1197//2356 1198//2356 1192//2356
f 1197//2357 1192//2357 1191//2357
f 1194//2358 1072//2358 1198//2358
f 1194//2359 1198//2359 1197//2359
f 1199//2360 1259//2360 1244//2360
f 1199//2361 1244//2361 1245//2361
f 1259//2362 1200//2362 1201//2362
f 1259//2363 1201//2363 1244//2363
f 1200//2364 1202//2364 1203//2364
f 1200//2365 1203//2365 1201//2365
f 1202//2366 1256//2366 1205//2366
f 1202//2367 1205//2367 1203//2367
f 1256//2368 1255//2368 1204//2368
f 1256//2369 1204//2369 1205//2369
f 1255//2370 1254//2370 1206//2370
f 1255//2371 1206//2371 1204//2371
f 1254//2372 1253//2372 1240//2372
f 1254//2373 1240//2373 1206//2373
f 1253//2374 1207//2374 1241//2374
f 1253//2375 1241//2375 1240//2375
f 1207//2376 1209//2376 1208//2376
f 1207//2377 1208//2377 1241//2377
f 1209//2378 1210//2378 1242//2378
f 1209//2379 1242//2379 1208//2379
f 1210//2380 1211//2380 1243//2380
f 1210//2381 1243//2381 1242//2381
f 1211//2382 1212//2382 1213//2382
f 1211//2383 1213//2383 1243//2383
f 1212//2384 1257//2384 1214//2384
f 1212//2385 1214//2385 1213//2385
f 1257//2386 1258//2386 1216//2386
f 1257//2387 1216//2387 1214//2387
f 1258//2388 1217//2388 1215//2388
f 1258//2389 1215//2389 1216//2389
f 1217//2390 1218//2390 1246//2390
f 1217//2391 1246//2391 1215//2391
f 1218//2392 1219//2392 1221//2392
f 1218//2393 1221//2393 1246//2393
f 1219//2394 1222//2394 1220//2394
f 1219//2395 1220//2395 1221//2395
f 1222//2396 1261//2396 1247//2396
f 1222//2397 1247//2397 1220//2397
f 1261//2398 1224//2398 1223//2398
f 1261//2399 1223//2399 1247//2399
f 1224//2400 1262//2400 1248//2400
f 1224//2401 1248//2401 1223//2401
f 1262//2402 1225//2402 1227//2402
f 1262//2403 1227//2403 1248//2403
f 1225//2404 1226//2404 1249//2404
f 1225//2405 1249//2405 1227//2405
f 1226//2406 1228//2406 1230//2406
f 1226//2407 1230//2407 1249//2407
f 1228//2408 1229//2408 1231//2408
f 1228//2409 1231//2409 1230//2409
f 1229//2410 1232//2410 1234//2410
f 1229//2411 1234//2411 1231//2411
f 1232//2412 1233//2412 1235//2412
f 1232//2413 1235//2413 1234//2413
f 1233//2414 1236//2414 1239//2414
f 1233//2415 1239//2415 1235//2415
f 1236//2416 1237//2416 1238//2416
f 1236//2417 1238//2417 1239//2417
f 1237//2418 1260//2418 1251//2418
f 1237//2419 1251//2419 1238//2419
f 1240//2420 1241//2420 1208//2420
f 1208//2421 1206//2421 1240//2421
f 1208//2422 1242//2422 1206//2422
f 1242//2423 1204//2423 1206//2423
f 1242//2424 1243//2424 1204//2424
f 1243//2425 1205//2425 1204//2425
f 1243//2426 1213//2426 1205//2426
f 1213//2427 1203//2427 1205//2427
f 1213//2428 1214//2428 1203//2428
f 1214//2429 1201//2429 1203//2429
f 1214//2430 1216//2430 1201//2430
f 1216//2431 1244//2431 1201//2431
f 1216//2432 1215//2432 1244//2432
f 1215//2433 1245//2433 1244//2433
f 1215//2434 1246//2434 1245//2434
f 1246//2435 1250//2435 1245//2435
f 1246//2436 1221//2436 1250//2436
f 1221//2437 1251//2437 1250//2437
f 1221//2438 1220//2438 1251//2438
f 1220//2439 1238//2439 1251//2439
f 1220//2440 1247//2440 1238//2440
f 1247//2441 1239//2441 1238//2441
f 1247//2442 1223//2442 1239//2442
f 1223//2443 1235//2443 1239//2443
f 1223//2444 1248//2444 1235//2444
f 1248//2445 1234//2445 1235//2445
f 1248//2446 1227//2446 1234//2446
f 1227//2447 1231//2447 1234//2447
f 1227//2448 1249//2448 1231//2448
f 1249//2449 1230//2449 1231//2449
f 1260//2450 1252//2450 1250//2450
f 1260//2451 1250//2451 1251//2451
f 1252//2452 1199//2452 1245//2452
f 1252//2453 1245//2453 1250//2453
f 1209//2454 1207//2454 1253//2454
f 1253//2455 1210//2455 1209//2455
f 1253//2456 1254//2456 1210//2456
f 1254//2457 1211//2457 1210//2457
f 1254//2458 1255//2458 1211//2458
f 1255//2459 1212//2459 1211//2459
f 1255//2460 1256//2460 1212//2460
f 1256//2461 1257//2461 1212//2461
f 1256//2462 1202//2462 1257//2462
f 1202//2463 1258//2463 1257//2463
f 1202//2464 1200//2464 1258//2464
f 1200//2465 1217//2465 1258//2465
f 1200//2466 1259//2466 1217//2466
f 1259//2467 1218//2467 1217//2467
f 1259//2468 1199//2468 1218//2468
f 1199//2469 1219//2469 1218//2469
f 1199//2470 1252//2470 1219//2470
f 1252//2471 1222//2471 1219//2471
f 1252//2472 1260//2472 1222//2472
f 1260//2473 1261//2473 1222//2473
f 1260//2474 1237//2474 1261//2474
f 1237//2475 1224//2475 1261//2475
f 1237//2476 1236//2476 1224//2476
f 1236//2477 1262//2477 1224//2477
f 1236//2478 1233//2478 1262//2478
f 1233//2479 1225//2479 1262//2479
f 1233//2480 1232//2480 1225//2480
f 1232//2481 1226//2481 1225//2481
f 1232//2482 1229//2482 1226//2482
f 1229//2483 1228//2483 1226//2483
o cup_(3).001
v -14.366972 -2.635816 17.429335
v -14.372413 -2.621949 17.149307
v -14.603816 -2.565451 17.059366
v -14.596287 -2.561393 17.335491
v -14.379039 -2.623735 16.879835
v -14.387490 -2.652099 16.628147
v -14.613074 -2.597276 16.798704
v -14.935906 -2.592060 17.058784
v -15.535853 -2.734422 17.309818
v -15.520008 -2.663709 17.542727
v -15.264159 -2.602429 17.324585
v -14.906857 -2.564479 17.885355
v -14.879818 -2.595643 18.368851
v -14.917144 -2.553146 17.600447
v -14.925780 -2.558466 17.322121
v -15.243565 -2.561656 17.867113
v -15.508801 -2.630664 17.799616
v -15.253257 -2.567796 17.588329
v -15.230564 -2.572300 18.151039
v -15.498482 -2.625372 18.073595
v -15.279874 -2.675816 17.083679
v -15.303264 -2.795322 16.872169
v -14.973481 -2.781959 16.606808
v -15.559080 -2.849968 17.106094
v -15.334825 -2.958425 16.694847
v -14.950841 -2.664119 16.818100
v -14.648770 -2.781447 16.352255
v -14.627098 -2.666879 16.560822
v -14.420916 -2.823880 16.201485
v -14.678657 -2.938565 16.177740
v -14.485302 -3.157172 15.905272
v -14.761430 -3.359468 15.945944
v -14.716533 -3.133468 16.041265
v -15.590184 -3.008217 16.935333
v -15.004352 -2.943048 16.429815
v -15.374275 -3.160174 16.555769
v -15.043199 -3.142466 16.291254
v -15.628865 -3.204639 16.800863
v -15.420574 -3.393629 16.458124
v -15.089019 -3.373351 16.194265
v -15.472329 -3.651577 16.404442
v -15.724458 -3.684723 16.653370
v -15.778044 -3.953192 16.643532
v -15.527600 -3.926086 16.394943
v -14.576591 -3.611705 15.764965
v -14.528183 -3.372568 15.814247
v -14.812012 -3.609621 15.894226
v -14.866383 -3.876269 15.886287
v -15.140443 -3.628601 16.141308
v -14.922344 -4.151514 15.921805
v -14.977471 -4.427113 15.999719
v -15.252118 -4.180811 16.167723
v -15.195544 -3.900427 16.132561
v -15.584168 -4.208989 16.429382
v -15.639596 -4.491772 16.506733
v -15.359796 -4.733425 16.365255
v -15.691335 -4.765571 16.625576
v -15.736851 -5.021420 16.782393
v -15.307725 -4.461388 16.245760
v -15.075025 -4.944788 16.274780
v -15.405780 -4.988021 16.522686
v -15.029216 -4.694454 16.118561
v -14.863675 -5.099645 16.312405
v -15.112559 -5.169259 16.464405
v -15.140038 -5.360723 16.682999
v -14.889944 -5.280841 16.521261
v -15.443309 -5.216155 16.714066
v -15.470600 -5.410497 16.934843
v -15.773829 -5.250257 16.973198
v -15.800524 -5.444815 17.193550
v -15.815849 -5.600270 17.438671
v -15.486531 -5.566135 17.180113
v -15.156351 -5.514416 16.925833
v -15.162007 -5.635193 17.187380
v -14.911469 -5.541799 17.007141
v -15.487106 -5.784132 17.720428
v -14.908548 -5.634084 17.274975
v -15.474485 -5.863900 18.001842
v -15.158384 -5.730894 17.461575
v -15.820370 -5.721713 17.702934
v -15.491654 -5.688018 17.444122
v -15.799744 -5.895995 18.260246
v -16.050127 -5.781142 18.176739
v -15.814939 -5.817203 17.979698
v -15.692648 -6.006665 18.682024
v -15.438736 -5.984568 18.478456
v -15.417157 -6.038041 18.695042
v -15.183757 -5.940945 18.271549
v -15.148458 -5.810812 17.742117
v -14.900809 -5.712088 17.551722
v -15.182178 -6.035782 18.706482
v -15.177462 -5.995609 18.495478
v -15.827017 -6.005791 19.020779
v -15.656514 -6.057109 18.884293
v -15.393554 -6.075826 18.891865
v -15.555461 -6.049322 19.164879
v -15.606378 -6.089784 19.052723
v -14.588772 -2.573669 17.619553
v -14.631844 -2.606045 18.157358
v -15.101224 -2.617323 18.783173
v -14.862529 -2.610270 18.588598
v -15.133000 -2.603088 18.578136
v -15.058377 -2.639717 18.954340
v -15.226319 -2.702266 19.066956
v -14.640808 -2.643324 18.599672
v -14.629583 -2.620887 18.384716
v -14.846107 -2.633356 18.788900
v -14.666414 -2.717220 18.760468
v -14.677742 -2.994484 17.672787
v -15.010557 -2.991363 17.678833
v -15.000538 -3.009535 17.940203
v -14.433808 -2.907296 17.202238
v -14.440022 -2.902605 16.958372
v -14.685080 -2.975745 17.411163
v -14.691908 -2.970330 17.171999
v -15.018323 -2.986574 17.439302
v -14.458683 -2.968018 16.555990
v -14.699633 -2.986694 16.963346
v -15.026641 -3.003638 17.230564
v -15.351535 -3.001833 17.489199
v -15.581023 -2.944098 17.657238
v -15.571247 -2.922531 17.877361
v -15.363896 -3.049515 17.308468
v -15.321163 -3.004454 18.202978
v -15.333833 -2.987181 17.941717
v -15.342555 -2.983418 17.700312
v -15.594414 -2.996643 17.466391
v -15.381830 -3.131824 17.155741
v -15.639540 -3.211729 17.168304
v -15.038329 -3.049458 17.052280
v -14.710791 -3.031710 16.784885
v -14.727538 -3.110565 16.634279
v -15.055549 -3.129256 16.901897
v -14.750547 -3.223397 16.509430
v -15.078973 -3.243233 16.777151
v -14.779765 -3.368507 16.409365
v -14.814395 -3.541314 16.337444
v -15.143460 -3.564145 16.604683
v -15.671775 -3.371772 17.059822
v -15.436341 -3.399042 16.926907
v -15.405999 -3.248915 17.028879
v -15.108556 -3.389737 16.676950
v -15.553873 -3.993608 16.803810
v -15.795837 -3.999734 16.929092
v -15.511789 -3.778350 16.811781
v -15.182544 -3.760820 16.564234
v -15.472000 -3.577448 16.853247
v -15.223987 -3.971750 16.556881
v -14.648881 -3.915505 16.037888
v -14.853291 -3.736250 16.297474
v -15.305786 -4.401606 16.640913
v -14.936508 -4.160401 16.317381
v -14.692658 -4.137527 16.066257
v -14.894664 -3.945437 16.290684
v -15.596206 -4.214475 16.829689
v -15.265768 -4.188313 16.582977
v -15.636679 -4.431926 16.887852
v -15.955327 -4.877915 17.230440
v -15.673263 -4.637116 16.975962
v -15.704402 -4.823033 17.089722
v -14.976712 -4.372374 16.375948
v -15.342032 -4.602899 16.728325
v -15.372952 -4.785305 16.840908
v -15.013262 -4.572743 16.464041
v -14.734984 -4.357201 16.127977
v -15.069449 -4.912362 16.712351
v -15.087358 -5.044214 16.870106
v -15.044575 -4.754647 16.577353
v -15.981526 -5.050243 17.375135
v -15.728918 -4.983834 17.225574
v -15.397376 -4.943109 16.975117
v -15.414809 -5.074734 17.132166
v -16.010441 -5.309403 17.738739
v -15.756125 -5.225464 17.569202
v -15.746279 -5.117802 17.384619
v -15.424892 -5.180816 17.314547
v -15.101295 -5.237432 17.263453
v -15.097939 -5.150718 17.052940
v -14.865433 -5.176448 16.841791
v -15.423324 -5.339928 17.764263
v -14.869511 -5.268053 17.059299
v -15.097727 -5.311000 17.502314
v -16.012861 -5.401683 17.960215
v -15.758564 -5.312519 17.781914
v -15.753333 -5.385738 18.022957
v -15.411992 -5.405240 18.023932
v -15.427734 -5.266985 17.525034
v -15.739408 -5.450691 18.282537
v -15.832793 -5.637851 18.841583
v -15.634462 -5.548341 18.694326
v -15.787023 -5.681087 19.028152
v -15.599294 -5.593348 18.894373
v -15.088990 -5.377075 17.762157
v -15.378373 -5.511044 18.490442
v -14.948733 -5.537032 18.125309
v -15.126235 -5.491772 18.282198
v -15.337406 -5.611559 18.901077
v -15.128614 -5.594924 18.714619
v -15.329011 -5.713413 19.041092
v -15.120871 -5.540516 18.504032
v -14.954764 -5.586874 18.349819
v -15.552269 -5.641528 19.062140
v -15.518176 -5.736084 19.171621
v -15.649338 -5.773024 19.223978
v -15.357795 -5.558510 18.704788
v -14.522875 -2.969572 18.033960
v -14.720498 -3.038507 18.198540
v -14.973039 -3.051669 18.411249
v -14.718061 -3.058329 18.422787
v -15.223030 -3.044582 18.618237
v -15.354073 -2.995059 18.952494
v -15.396489 -2.977767 18.764124
v -15.191032 -3.063328 18.820200
v -15.144056 -3.070714 18.988998
v -15.209435 -2.979496 19.147551
v -14.725341 -3.067016 18.635202
v -14.934900 -3.079663 18.825523
v -14.725031 -3.013992 18.785034
v -14.955530 -3.071331 18.627777
v -14.319649 -2.762831 17.106066
v -14.325807 -2.761052 16.849730
v -14.400528 -2.716528 16.400305
v -14.447512 -2.920407 16.742702
v -14.333614 -2.783712 16.616365
v -15.636576 -2.804008 17.668112
v -15.625871 -2.776494 17.907032
v -15.615657 -2.774543 18.168266
v -15.600168 -2.787785 18.439775
v -15.561670 -2.924238 18.125237
v -14.364208 -2.933761 16.230797
v -14.475790 -3.050909 16.397280
v -14.345580 -2.839221 16.409348
v -14.390104 -3.066243 16.082069
v -14.449240 -2.972176 16.035397
v -14.423105 -3.233482 15.964694
v -14.529628 -3.319673 16.160553
v -14.499464 -3.168843 16.265533
v -14.565460 -3.498547 16.085655
v -15.674090 -3.432511 16.705952
v -15.701680 -3.111624 17.118622
v -15.737379 -3.290732 16.996737
v -15.651431 -2.865966 17.455799
v -15.672954 -2.968896 17.272179
v -15.613711 -3.085930 17.303762
v -14.462346 -3.429909 15.881913
v -14.605807 -3.699744 16.044418
v -14.506608 -3.649342 15.836817
v -14.734930 -4.393965 15.867525
v -14.602641 -4.126155 15.861691
v -14.682226 -4.130473 15.792305
v -14.628656 -3.866972 15.757733
v -14.554062 -3.884116 15.830086
v -15.874448 -3.982135 16.851856
v -15.832641 -4.229546 16.676292
v -15.924125 -4.237738 16.881559
v -15.972121 -4.491304 16.949171
v -15.840502 -4.232487 16.955971
v -15.779055 -3.500219 16.909883
v -15.825378 -3.733421 16.861326
v -15.709503 -3.560877 16.981741
v -15.751480 -3.772939 16.937782
v -14.827937 -4.886916 16.131371
v -14.732606 -4.812097 16.168629
v -14.784300 -4.648913 15.981768
v -14.650066 -4.367051 15.930265
v -14.694074 -4.598280 16.033884
v -14.773770 -4.565986 16.220825
v -14.763901 -5.001257 16.330700
v -14.834163 -4.923396 16.483736
v -14.807285 -4.756774 16.340616
v -14.786846 -5.161409 16.518389
v -15.978393 -5.018033 17.015438
v -16.054239 -4.957167 17.188616
v -16.084625 -5.153780 17.352739
v -16.013218 -5.238017 17.198446
v -16.106239 -5.319136 17.543474
v -16.000053 -5.194160 17.544155
v -15.885855 -4.505085 16.750578
v -16.016165 -4.733821 17.052826
v -15.935227 -4.770837 16.864838
v -15.922138 -4.679749 17.109827
v -15.883296 -4.462144 17.016947
v -14.805752 -5.393703 16.965387
v -14.905726 -5.426583 16.754259
v -14.853702 -5.063374 16.650387
v -14.800701 -5.290493 16.730436
v -14.803084 -5.478238 17.220676
v -14.866595 -5.344980 17.302662
v -16.056147 -5.689262 17.904541
v -16.033241 -5.857193 18.453405
v -16.115236 -5.639312 18.259466
v -16.007019 -5.478038 18.207472
v -16.098156 -5.710293 18.528538
v -16.038183 -5.424330 17.410233
v -16.118372 -5.451137 17.759556
v -16.052324 -5.572980 17.647070
v -16.121372 -5.555345 17.999430
v -15.031693 -2.714670 19.071655
v -15.050187 -2.868549 19.124224
v -15.162721 -2.742883 19.128849
v -15.091016 -3.015900 19.095699
v -14.870586 -2.871029 19.000715
v -14.565030 -2.862506 18.626791
v -14.697428 -2.868977 18.823858
v -14.845075 -2.711032 18.937563
v -14.906650 -3.023760 18.962955
v -14.604915 -2.976937 18.634884
v -15.167085 -5.859963 18.914145
v -15.184548 -6.003266 18.860743
v -15.066024 -5.943678 18.716679
v -15.037076 -5.703470 18.721058
v -15.034095 -5.824965 18.720560
v -15.342244 -5.887307 19.087574
v -15.147601 -5.694542 18.866711
v -15.678715 -6.019063 19.218592
v -15.524794 -5.902158 19.208344
v -15.367736 -6.038653 19.034389
v -15.678345 -5.901158 19.249262
v -14.993995 -5.901092 18.344288
v -14.988591 -5.847094 18.118332
v -14.903231 -5.683280 18.067104
v -14.796456 -5.551457 17.490028
v -14.859654 -5.413364 17.565077
v -14.913037 -5.735223 18.292929
v -15.023396 -5.943563 18.561010
v -14.953162 -5.783542 18.515163
v -14.986254 -5.639369 18.566278
v -15.755765 -6.034923 19.158880
v -15.717978 -5.721862 19.165689
v -15.791039 -5.883056 19.200245
v -15.920376 -5.805600 18.889666
v -15.873456 -5.958986 18.832609
v -15.870603 -5.849617 19.071903
v -15.991039 -5.544475 18.469486
v -15.385302 -2.838110 18.988199
v -15.333496 -2.668371 18.736492
v -15.483556 -2.636453 18.353315
v -15.547009 -2.939963 18.389137
v -15.431306 -2.822515 18.803999
v -15.200415 -2.862097 19.166630
v -15.309571 -2.851882 19.117682
v -15.291243 -2.682736 18.926985
v -15.286183 -3.003309 19.090820
v -14.483107 -2.851631 18.418056
v -14.504932 -2.706457 18.455086
v -14.559111 -2.746086 18.615496
v -14.440597 -2.836591 18.192501
v -14.563429 -2.998736 18.480000
v -14.461545 -2.671103 18.005014
v -14.470590 -2.686616 18.234417
v -14.531813 -2.988579 18.261169
v -14.314961 -2.779159 17.378092
v -14.428454 -2.925607 17.466719
v -14.427594 -2.819366 17.963562
v -17.890350 -7.116736 21.239862
v -17.801996 -7.001740 20.735580
v -16.992367 -1.421974 21.114897
v -17.607899 -6.883462 20.198914
v -17.318987 -6.765218 19.649492
v -16.413229 -1.476892 19.491945
v -16.047871 -1.499864 18.934784
v -15.623855 -1.522912 18.401268
v -15.161234 -1.545190 17.908888
v -15.559590 -6.359749 17.691147
v -14.680720 -1.566252 17.473757
v -14.202500 -1.586019 17.110378
v -15.069427 -6.292374 17.342012
v -14.598592 -6.245242 17.075691
v -13.745239 -1.604682 16.831427
v -14.163733 -6.221161 16.902050
v -12.956120 -1.639989 16.566309
v -13.778706 -6.222281 16.828487
v -12.648222 -1.657066 16.593126
v -13.198799 -6.303862 16.996481
v -13.017331 -6.383113 17.236877
v -12.243418 -1.689070 16.972876
v -12.409052 -1.673618 16.729427
v -12.153943 -1.702452 17.316917
v -12.913296 -6.484874 17.574322
v -12.888375 -6.605066 17.998251
v -12.346481 -1.716791 18.822239
v -12.206196 -1.717720 18.258785
v -13.076681 -6.878675 19.043158
v -12.843721 -1.692671 20.023148
v -13.572232 -7.153363 20.212936
v -13.191308 -1.669095 20.610086
v -13.925150 -7.274783 20.784575
v -14.337733 -7.378059 21.314024
v -14.797944 -7.458927 21.777857
v -14.041908 -1.603503 21.630484
v -14.518173 -1.565400 22.019192
v -15.290006 -7.514499 22.155497
v -15.004992 -1.527107 22.303391
v -16.290237 -7.545428 22.591824
v -16.753435 -7.521952 22.633738
v -15.925512 -1.460351 22.518499
v -15.481492 -1.491280 22.471687
v -16.315189 -1.436252 22.444061
v -17.493677 -7.407763 22.366245
v -16.630619 -1.420233 22.254108
v -13.325275 -1.622569 16.647406
v -16.701752 -1.455222 20.054102
v -16.898397 -1.436364 20.601746
v -12.141612 -1.712481 17.750629
v -12.560218 -1.708622 19.418594
v -13.594585 -1.638821 21.153845
v -17.732960 -7.323247 22.073244
v -16.855425 -1.412789 21.959183
v -17.867273 -7.225059 21.692045
v -16.978014 -1.413665 21.573709
v -16.050190 -6.444154 18.111105
v -16.520798 -6.542169 18.588045
v -16.950489 -6.650335 19.106482
v -13.454398 -6.249825 16.859545
v -12.943031 -6.738391 18.494001
v -17.161491 -7.475101 22.556606
v -13.287538 -7.019233 19.624100
v -15.794711 -7.543344 22.430571
vn -0.2961 -0.9546 -0.0334
vn -0.2930 -0.9552 -0.0416
vn -0.2448 -0.9693 0.0209
vn -0.2417 -0.9703 0.0124
vn -0.0097 -0.9998 0.0194
vn -0.0095 -0.9998 0.0150
vn -0.0599 -0.9973 -0.0415
vn -0.0602 -0.9975 -0.0375
vn -0.0787 -0.9951 -0.0597
vn -0.0994 -0.9927 -0.0677
vn -0.1542 -0.9801 0.1251
vn -0.1511 -0.9817 0.1157
vn -0.0200 -0.9592 0.2819
vn -0.0174 -0.9619 0.2730
vn 0.2018 -0.9416 0.2694
vn 0.2018 -0.9432 0.2641
vn 0.0790 -0.9892 0.1232
vn 0.0791 -0.9899 0.1180
vn 0.1287 -0.9839 0.1239
vn 0.1288 -0.9843 0.1206
vn 0.2462 -0.9315 0.2677
vn 0.2462 -0.9326 0.2639
vn 0.4138 -0.8785 0.2386
vn 0.4135 -0.8781 0.2405
vn 0.3201 -0.9413 0.1071
vn 0.3195 -0.9411 0.1104
vn -0.0062 -0.9992 -0.0395
vn -0.0064 -0.9993 -0.0372
vn -0.0294 -0.9974 -0.0652
vn -0.0228 -0.9978 -0.0630
vn 0.0428 -0.9989 0.0205
vn 0.0429 -0.9989 0.0178
vn 0.2496 -0.9683 0.0093
vn 0.2487 -0.9685 0.0127
vn 0.2079 -0.9769 -0.0498
vn 0.2069 -0.9773 -0.0461
vn 0.5114 -0.7712 0.3791
vn 0.5115 -0.7711 0.3791
vn 0.3748 -0.8243 0.4243
vn 0.3700 -0.8277 0.4220
vn 0.4727 -0.6889 0.5495
vn 0.4692 -0.6923 0.5483
vn 0.5872 -0.6442 0.4901
vn 0.5858 -0.6458 0.4897
vn 0.3387 -0.8367 0.4304
vn 0.3324 -0.8408 0.4273
vn 0.1449 -0.8735 0.4648
vn 0.1337 -0.8777 0.4602
vn 0.2747 -0.7375 0.6169
vn 0.2693 -0.7407 0.6155
vn 0.4430 -0.7001 0.5600
vn 0.4389 -0.7038 0.5585
vn 0.5154 -0.5544 0.6535
vn 0.5131 -0.5570 0.6531
vn 0.3679 -0.5803 0.7266
vn 0.3654 -0.5821 0.7264
vn 0.4276 -0.4221 0.7994
vn 0.4268 -0.4228 0.7994
vn 0.5613 -0.4127 0.7174
vn 0.5604 -0.4139 0.7174
vn 0.6391 -0.5162 0.5702
vn 0.6379 -0.5178 0.5701
vn 0.5403 -0.5466 0.6397
vn 0.5383 -0.5491 0.6393
vn 0.5834 -0.4092 0.7016
vn 0.5825 -0.4103 0.7016
vn 0.6726 -0.3943 0.6262
vn 0.6720 -0.3952 0.6263
vn 0.6933 -0.2771 0.6653
vn 0.6930 -0.2775 0.6654
vn 0.6087 -0.2769 0.7435
vn 0.6200 -0.1515 0.7698
vn 0.6206 -0.1506 0.7696
vn 0.7037 -0.1658 0.6909
vn 0.7038 -0.1656 0.6908
vn 0.5879 -0.2762 0.7603
vn 0.5880 -0.2761 0.7603
vn 0.4618 -0.2682 0.8455
vn 0.4623 -0.2678 0.8453
vn 0.4758 -0.1229 0.8709
vn 0.4769 -0.1219 0.8705
vn 0.5995 -0.1468 0.7868
vn 0.6001 -0.1458 0.7865
vn 0.5988 -0.0204 0.8006
vn 0.5998 -0.0187 0.7999
vn 0.4734 0.0174 0.8807
vn 0.4750 0.0189 0.8798
vn 0.4561 0.1564 0.8761
vn 0.4579 0.1581 0.8748
vn 0.5868 0.1069 0.8026
vn 0.5880 0.1090 0.8015
vn 0.7061 -0.0558 0.7059
vn 0.7064 -0.0554 0.7056
vn 0.6202 -0.0286 0.7839
vn 0.6210 -0.0271 0.7833
vn 0.6099 0.0956 0.7867
vn 0.6109 0.0975 0.7857
vn 0.7010 0.0563 0.7110
vn 0.7014 0.0569 0.7105
vn 0.6875 0.1753 0.7047
vn 0.6879 0.1757 0.7043
vn 0.5879 0.2260 0.7767
vn 0.5889 0.2279 0.7754
vn 0.5525 0.3619 0.7508
vn 0.5533 0.3635 0.7495
vn 0.6644 0.3008 0.6842
vn 0.6645 0.3010 0.6840
vn 0.5623 0.2400 0.7914
vn 0.5634 0.2421 0.7899
vn 0.4224 0.2987 0.8558
vn 0.4245 0.3005 0.8541
vn 0.3706 0.4420 0.8169
vn 0.3726 0.4439 0.8149
vn 0.5232 0.3779 0.7639
vn 0.5241 0.3798 0.7623
vn 0.4651 0.5228 0.7144
vn 0.4658 0.5243 0.7129
vn 0.2960 0.5870 0.7535
vn 0.2980 0.5891 0.7511
vn 0.1951 0.7255 0.6600
vn 0.1973 0.7281 0.6565
vn 0.3841 0.6690 0.6364
vn 0.3844 0.6700 0.6351
vn 0.6283 0.4363 0.6441
vn 0.6280 0.4360 0.6446
vn 0.4993 0.5058 0.7034
vn 0.4998 0.5069 0.7023
vn 0.4243 0.6527 0.6277
vn 0.4244 0.6530 0.6273
vn 0.5761 0.5788 0.5771
vn 0.5749 0.5776 0.5796
vn 0.5058 0.7167 0.4801
vn 0.5037 0.7149 0.4849
vn 0.3270 0.7887 0.5206
vn 0.3269 0.7882 0.5214
vn 0.2319 0.8824 0.4095
vn 0.2317 0.8815 0.4114
vn 0.4343 0.8185 0.3761
vn 0.4316 0.8168 0.3828
vn 0.2804 0.8021 0.5272
vn 0.2805 0.8024 0.5267
vn 0.0730 0.8405 0.5369
vn 0.0750 0.8431 0.5325
vn -0.0374 0.9076 0.4183
vn -0.0356 0.9097 0.4137
vn 0.1804 0.8917 0.4152
vn 0.1804 0.8915 0.4156
vn 0.1039 0.9399 0.3252
vn 0.1038 0.9395 0.3265
vn -0.1177 0.9371 0.3286
vn -0.1163 0.9386 0.3247
vn -0.1656 0.9469 0.2756
vn -0.1644 0.9482 0.2719
vn 0.0584 0.9611 0.2698
vn 0.0583 0.9606 0.2716
vn 0.3769 0.8801 0.2887
vn 0.3740 0.8789 0.2959
vn 0.1582 0.9344 0.3193
vn 0.1579 0.9334 0.3221
vn 0.1143 0.9580 0.2629
vn 0.1140 0.9572 0.2662
vn 0.3415 0.9114 0.2297
vn 0.3385 0.9105 0.2374
vn 0.3373 0.9351 0.1089
vn 0.2975 0.9393 0.1709
vn 0.0992 0.9684 0.2289
vn 0.0935 0.9668 0.2378
vn 0.0995 0.9683 0.2292
vn 0.0998 0.9695 0.2239
vn 0.3819 0.9145 0.1332
vn 0.3747 0.9131 0.1608
vn 0.0338 0.9700 0.2407
vn 0.0314 0.9695 0.2431
vn 0.0256 0.9711 0.2372
vn 0.0256 0.9713 0.2364
vn -0.2842 0.9353 0.2109
vn -0.2332 0.9535 0.1911
vn -0.2852 0.9293 0.2349
vn -0.2795 0.9353 0.2168
vn -0.0187 0.9815 0.1907
vn -0.0185 0.9823 0.1866
vn -0.3779 0.9110 0.1650
vn -0.3668 0.9211 0.1307
vn -0.6025 0.7790 -0.1735
vn -0.6039 0.7798 -0.1648
vn -0.3462 0.9212 -0.1775
vn -0.3477 0.9164 -0.1985
vn 0.3539 0.9352 0.0147
vn 0.3447 0.9354 0.0789
vn 0.0650 0.9831 0.1713
vn 0.0647 0.9814 0.1807
vn -0.2210 0.9451 -0.2406
vn -0.2202 0.9529 -0.2086
vn 0.0776 0.9342 -0.3482
vn 0.0776 0.9260 -0.3693
vn -0.4520 -0.8827 -0.1284
vn -0.3345 -0.9387 -0.0833
vn -0.1011 -0.9928 -0.0638
vn -0.0920 -0.9940 -0.0589
vn -0.4429 -0.8932 -0.0779
vn -0.3995 -0.9151 -0.0558
vn 0.2203 -0.9680 -0.1201
vn 0.1397 -0.9808 -0.1364
vn 0.2512 -0.9621 -0.1057
vn 0.2192 -0.9681 -0.1216
vn -0.0232 -0.9976 -0.0646
vn -0.0247 -0.9976 -0.0654
vn -0.0558 -0.9924 -0.1098
vn -0.0635 -0.9915 -0.1138
vn 0.2328 -0.9551 -0.1832
vn 0.1700 -0.9621 -0.2131
vn -0.0490 -0.8467 -0.5298
vn -0.0341 -0.8513 -0.5236
vn -0.2998 -0.8464 -0.4402
vn -0.3291 -0.8279 -0.4541
vn -0.5504 -0.8196 -0.1593
vn -0.4710 -0.8745 -0.1159
vn -0.1494 -0.9826 -0.1104
vn -0.1347 -0.9856 -0.1026
vn -0.4540 -0.7800 -0.4307
vn -0.4236 -0.8041 -0.4172
vn -0.6855 -0.6183 -0.3843
vn -0.6948 -0.6051 -0.3887
vn -0.2062 0.9759 0.0717
vn -0.2070 0.9754 0.0757
vn 0.0106 0.9974 0.0711
vn 0.0106 0.9976 0.0690
vn 0.0261 0.9958 0.0875
vn 0.0197 0.9962 0.0850
vn -0.0305 0.9993 0.0235
vn -0.0307 0.9993 0.0210
vn -0.2399 0.9705 0.0248
vn -0.2403 0.9703 0.0288
vn -0.3086 0.9488 -0.0676
vn -0.3086 0.9491 -0.0630
vn -0.1115 0.9910 -0.0736
vn -0.1120 0.9908 -0.0765
vn -0.2341 0.9460 -0.2240
vn -0.2349 0.9450 -0.2275
vn -0.4087 0.8899 -0.2025
vn -0.4085 0.8908 -0.1992
vn -0.0574 0.9952 -0.0791
vn -0.0582 0.9947 -0.0843
vn 0.1783 0.9796 -0.0930
vn 0.1800 0.9782 -0.1038
vn 0.0448 0.9652 -0.2577
vn 0.0457 0.9623 -0.2681
vn -0.1838 0.9549 -0.2334
vn -0.1849 0.9533 -0.2389
vn 0.0671 0.9955 0.0666
vn 0.0671 0.9958 0.0626
vn 0.0791 0.9939 0.0773
vn 0.0969 0.9918 0.0831
vn 0.3019 0.9521 0.0483
vn 0.3045 0.9517 0.0398
vn 0.2613 0.9652 0.0056
vn 0.2636 0.9646 -0.0035
vn 0.0252 0.9995 0.0192
vn 0.0249 0.9996 0.0147
vn -0.1139 0.8801 -0.4609
vn -0.1242 0.8759 -0.4662
vn -0.2561 0.7342 -0.6288
vn -0.2597 0.7318 -0.6301
vn -0.4405 0.7024 -0.5591
vn -0.4437 0.6991 -0.5607
vn -0.3258 0.8501 -0.4138
vn -0.3312 0.8463 -0.4172
vn -0.3705 0.8392 -0.3982
vn -0.3746 0.8361 -0.4008
vn -0.4788 0.6934 -0.5384
vn -0.4819 0.6901 -0.5400
vn -0.5980 0.6476 -0.4722
vn -0.5997 0.6456 -0.4729
vn -0.5167 0.7805 -0.3519
vn -0.5161 0.7811 -0.3516
vn -0.5487 0.5467 -0.6326
vn -0.5504 0.5442 -0.6332
vn -0.5920 0.4079 -0.6951
vn -0.5928 0.4067 -0.6952
vn -0.6858 0.3937 -0.6122
vn -0.6866 0.3923 -0.6121
vn -0.6516 0.5168 -0.5552
vn -0.6531 0.5146 -0.5556
vn -0.3506 0.5737 -0.7403
vn -0.3517 0.5727 -0.7405
vn -0.4098 0.4169 -0.8114
vn -0.4099 0.4168 -0.8114
vn -0.5603 0.4103 -0.7195
vn -0.5610 0.4092 -0.7196
vn -0.5144 0.5525 -0.6559
vn -0.5162 0.5502 -0.6564
vn -0.4445 0.2647 -0.8558
vn -0.4439 0.2653 -0.8559
vn -0.4596 0.1224 -0.8796
vn -0.4587 0.1234 -0.8800
vn -0.5995 0.1452 -0.7871
vn -0.5990 0.1463 -0.7873
vn -0.5874 0.2734 -0.7617
vn -0.5873 0.2735 -0.7617
vn -0.6176 0.2744 -0.7371
vn -0.6176 0.2743 -0.7371
vn -0.6292 0.1492 -0.7628
vn -0.6287 0.1501 -0.7630
vn -0.7170 0.1636 -0.6776
vn -0.7169 0.1638 -0.6776
vn -0.7066 0.2753 -0.6518
vn -0.7069 0.2747 -0.6517
vn -0.6297 0.0261 -0.7764
vn -0.6290 0.0277 -0.7769
vn -0.6198 -0.0976 -0.7786
vn -0.6191 -0.0956 -0.7795
vn -0.7135 -0.0587 -0.6982
vn -0.7131 -0.0578 -0.6987
vn -0.7191 0.0533 -0.6929
vn -0.7188 0.0538 -0.6931
vn -0.4594 -0.0160 -0.8881
vn -0.4583 -0.0147 -0.8887
vn -0.4448 -0.1532 -0.8824
vn -0.4437 -0.1518 -0.8832
vn -0.5894 -0.1069 -0.8007
vn -0.5886 -0.1048 -0.8016
vn -0.6000 0.0194 -0.7998
vn -0.5992 0.0211 -0.8003
vn -0.4143 -0.2957 -0.8607
vn -0.4132 -0.2941 -0.8618
vn -0.3656 -0.4405 -0.8200
vn -0.3646 -0.4388 -0.8213
vn -0.5286 -0.3791 -0.7595
vn -0.5282 -0.3771 -0.7608
vn -0.5663 -0.2404 -0.7884
vn -0.5657 -0.2382 -0.7895
vn -0.5982 -0.2286 -0.7681
vn -0.5976 -0.2264 -0.7692
vn -0.5627 -0.3651 -0.7417
vn -0.5623 -0.3632 -0.7429
vn -0.6746 -0.3039 -0.6727
vn -0.6744 -0.3033 -0.6732
vn -0.6992 -0.1781 -0.6924
vn -0.6988 -0.1772 -0.6930
vn -0.5078 -0.5126 -0.6924
vn -0.5077 -0.5112 -0.6935
vn -0.4247 -0.6703 -0.6085
vn -0.4247 -0.6701 -0.6088
vn -0.5760 -0.5914 -0.5643
vn -0.5767 -0.5935 -0.5615
vn -0.6357 -0.4414 -0.6333
vn -0.6358 -0.4416 -0.6330
vn -0.2925 -0.5907 -0.7520
vn -0.2916 -0.5887 -0.7539
vn -0.1869 -0.7412 -0.6447
vn -0.1858 -0.7380 -0.6487
vn -0.3825 -0.6868 -0.6181
vn -0.3826 -0.6856 -0.6193
vn -0.4704 -0.5283 -0.7068
vn -0.4703 -0.5266 -0.7082
vn -0.0586 -0.8610 -0.5053
vn -0.0576 -0.8576 -0.5110
vn 0.0533 -0.9244 -0.3777
vn 0.0543 -0.9219 -0.3835
vn -0.1658 -0.9119 -0.3755
vn -0.1658 -0.9120 -0.3752
vn -0.2699 -0.8258 -0.4952
vn -0.2699 -0.8254 -0.4958
vn -0.3173 -0.8113 -0.4910
vn -0.3172 -0.8120 -0.4899
vn -0.2169 -0.9014 -0.3748
vn -0.2167 -0.9024 -0.3724
vn -0.4185 -0.8342 -0.3592
vn -0.4200 -0.8367 -0.3514
vn -0.4964 -0.7338 -0.4639
vn -0.4974 -0.7368 -0.4580
vn -0.1461 -0.9461 -0.2892
vn -0.1460 -0.9470 -0.2861
vn -0.1087 -0.9643 -0.2416
vn -0.1087 -0.9652 -0.2380
vn -0.3328 -0.9146 -0.2296
vn -0.3353 -0.9157 -0.2216
vn -0.3616 -0.8902 -0.2771
vn -0.3637 -0.8918 -0.2692
vn 0.1285 -0.9481 -0.2908
vn 0.1296 -0.9466 -0.2954
vn 0.1670 -0.9543 -0.2478
vn 0.1681 -0.9530 -0.2519
vn -0.0547 -0.9689 -0.2413
vn -0.0547 -0.9693 -0.2396
vn -0.0931 -0.9528 -0.2888
vn -0.0931 -0.9532 -0.2875
vn 0.1572 -0.9512 -0.2656
vn 0.1875 -0.9309 -0.3134
vn 0.2360 -0.9384 -0.2526
vn 0.2396 -0.9312 -0.2746
vn -0.0278 -0.9765 -0.2136
vn -0.0278 -0.9763 -0.2148
vn -0.0372 -0.9751 -0.2185
vn -0.0350 -0.9744 -0.2222
vn -0.0943 -0.9707 -0.2209
vn -0.1017 -0.9717 -0.2131
vn -0.1001 -0.9723 -0.2112
vn -0.1005 -0.9734 -0.2059
vn -0.4104 -0.8879 -0.2081
vn -0.4198 -0.8885 -0.1851
vn -0.3614 -0.8967 -0.2554
vn -0.4220 -0.8785 -0.2240
vn -0.1413 -0.9572 -0.2525
vn -0.1419 -0.9592 -0.2445
vn -0.4180 -0.7351 -0.5337
vn -0.4197 -0.7458 -0.5173
vn -0.6645 -0.5877 -0.4616
vn -0.6623 -0.5862 -0.4666
vn -0.4846 -0.8313 -0.2721
vn -0.5031 -0.8321 -0.2335
vn 0.2025 -0.9247 -0.3223
vn 0.2064 -0.9050 -0.3719
vn -0.0350 -0.7617 -0.6470
vn -0.0361 -0.7718 -0.6349
vn -0.3026 -0.7793 -0.5487
vn -0.3003 -0.7662 -0.5682
vn -0.0606 -0.9652 -0.2545
vn -0.0604 -0.9638 -0.2599
vn -0.2163 0.9742 0.0640
vn -0.3133 0.9494 0.0214
vn -0.2621 0.9610 0.0878
vn -0.2977 0.9523 0.0679
vn 0.0227 0.9958 0.0886
vn 0.0213 0.9959 0.0878
vn 0.0923 0.9927 0.0775
vn 0.1006 0.9915 0.0819
vn 0.3624 0.9320 0.0040
vn 0.4009 0.9159 0.0215
vn 0.2669 0.9637 -0.0100
vn 0.3626 0.9319 0.0044
vn 0.0567 0.9980 0.0279
vn 0.0698 0.9970 0.0347
vn -0.2344 0.9071 -0.3495
vn -0.2008 0.9211 -0.3334
vn 0.0773 0.8776 -0.4730
vn 0.0593 0.8756 -0.4793
vn 0.3153 0.9439 -0.0985
vn 0.3876 0.9194 -0.0676
vn -0.3297 0.9437 0.0273
vn -0.4010 0.9159 -0.0154
vn -0.5823 0.7668 -0.2701
vn -0.5681 0.7801 -0.2620
vn -0.3250 0.8974 -0.2982
vn -0.3526 0.8824 -0.3115
vn -0.0168 0.9989 0.0438
vn -0.0239 0.9989 0.0400
vn -0.9307 -0.3652 0.0198
vn -0.9336 -0.3574 0.0253
vn -0.9370 -0.3494 -0.0048
vn -0.9399 -0.3415 0.0014
vn -0.7634 0.6432 0.0600
vn -0.7741 0.6309 0.0512
vn -0.7658 0.6423 0.0319
vn -0.7769 0.6292 0.0230
vn -0.9055 -0.3939 0.1580
vn -0.9082 -0.3862 0.1612
vn -0.9212 -0.3832 0.0680
vn -0.9244 -0.3744 0.0732
vn -0.7791 0.6264 -0.0246
vn -0.7901 0.6121 -0.0330
vn -0.8022 0.5883 -0.1020
vn -0.8104 0.5759 -0.1076
vn 0.7917 -0.6099 0.0348
vn 0.7877 -0.6145 0.0447
vn 0.8109 -0.5746 0.1109
vn 0.8081 -0.5767 0.1201
vn 0.9120 0.3746 -0.1671
vn 0.9075 0.3818 -0.1749
vn 0.9286 0.3630 -0.0768
vn 0.9240 0.3730 -0.0844
vn 0.7688 -0.6351 -0.0748
vn 0.7638 -0.6420 -0.0662
vn 0.7781 -0.6276 -0.0257
vn 0.7736 -0.6335 -0.0169
vn 0.9370 0.3476 -0.0338
vn 0.9333 0.3570 -0.0392
vn 0.9402 0.3391 -0.0320
vn 0.9367 0.3483 -0.0364
vn -0.8450 -0.3178 0.4302
vn -0.8438 -0.3207 0.4302
vn -0.8796 -0.3763 0.2910
vn -0.8808 -0.3730 0.2917
vn -0.8297 0.5265 -0.1856
vn -0.8341 0.5188 -0.1877
vn -0.8534 0.4552 -0.2541
vn -0.8547 0.4526 -0.2543
vn -0.7598 -0.1177 0.6395
vn -0.7586 -0.1196 0.6404
vn -0.8039 -0.2272 0.5497
vn -0.8021 -0.2310 0.5507
vn -0.8711 0.3858 -0.3040
vn -0.8713 0.3852 -0.3039
vn -0.8845 0.3195 -0.3400
vn -0.8843 0.3200 -0.3401
vn 0.8688 -0.3850 0.3113
vn 0.8687 -0.3847 0.3121
vn 0.8814 -0.3196 0.3478
vn 0.8815 -0.3197 0.3476
vn 0.7581 0.1139 -0.6421
vn 0.7602 0.1139 -0.6396
vn 0.7994 0.2184 -0.5597
vn 0.8028 0.2177 -0.5551
vn 0.8333 -0.5182 0.1928
vn 0.8317 -0.5183 0.1991
vn 0.8529 -0.4523 0.2609
vn 0.8523 -0.4519 0.2635
vn 0.8417 0.3061 -0.4447
vn 0.8440 0.3049 -0.4413
vn 0.8823 0.3605 -0.3026
vn 0.8800 0.3628 -0.3065
vn -0.6776 0.1161 0.7262
vn -0.6797 0.1181 0.7239
vn -0.7161 0.0010 0.6980
vn -0.7162 0.0012 0.6979
vn -0.8952 0.2545 -0.3659
vn -0.8945 0.2558 -0.3666
vn -0.9035 0.1920 -0.3833
vn -0.9027 0.1935 -0.3844
vn -0.6267 0.3250 0.7083
vn -0.6310 0.3270 0.7034
vn -0.6472 0.2250 0.7283
vn -0.6506 0.2273 0.7246
vn -0.9103 0.1292 -0.3934
vn -0.9093 0.1309 -0.3951
vn -0.9157 0.0650 -0.3965
vn -0.9146 0.0665 -0.3988
vn 0.9066 -0.1295 0.4016
vn 0.9074 -0.1319 0.3991
vn 0.9124 -0.0650 0.4041
vn 0.9133 -0.0681 0.4015
vn 0.6435 -0.3062 -0.7016
vn 0.6390 -0.3088 -0.7045
vn 0.6609 -0.2100 -0.7205
vn 0.6571 -0.2118 -0.7235
vn 0.8916 -0.2550 0.3742
vn 0.8919 -0.2559 0.3729
vn 0.8998 -0.1924 0.3916
vn 0.9003 -0.1940 0.3897
vn 0.6868 -0.1068 -0.7190
vn 0.6844 -0.1076 -0.7211
vn 0.7192 0.0017 -0.6948
vn 0.7195 0.0017 -0.6945
vn -0.6242 0.4939 0.6053
vn -0.6258 0.4941 0.6035
vn -0.6185 0.4163 0.6664
vn -0.6221 0.4173 0.6625
vn -0.9201 -0.0033 -0.3917
vn -0.9189 -0.0019 -0.3946
vn -0.9232 -0.0745 -0.3769
vn -0.9219 -0.0735 -0.3803
vn -0.6797 0.5970 0.4263
vn -0.6712 0.5996 0.4358
vn -0.6446 0.5561 0.5246
vn -0.6425 0.5563 0.5269
vn -0.9252 -0.1501 -0.3485
vn -0.9236 -0.1496 -0.3529
vn -0.9263 -0.2278 -0.3000
vn -0.9236 -0.2284 -0.3078
vn 0.9239 0.1508 0.3517
vn 0.9257 0.1443 0.3496
vn 0.9251 0.2288 0.3032
vn 0.9281 0.2185 0.3016
vn 0.6852 -0.5899 -0.4272
vn 0.6899 -0.5838 -0.4280
vn 0.6561 -0.5413 -0.5259
vn 0.6569 -0.5404 -0.5258
vn 0.9173 0.0036 0.3982
vn 0.9184 -0.0006 0.3955
vn 0.9212 0.0751 0.3818
vn 0.9226 0.0701 0.3794
vn 0.6396 -0.4750 -0.6044
vn 0.6377 -0.4766 -0.6051
vn 0.6356 -0.3963 -0.6625
vn 0.6321 -0.3988 -0.6644
vn -0.7530 0.6083 0.2510
vn -0.7405 0.6178 0.2647
vn -0.7200 0.6127 0.3259
vn -0.7080 0.6193 0.3394
vn -0.9257 -0.2981 -0.2328
vn -0.9220 -0.3010 -0.2435
vn -0.9237 -0.3466 -0.1633
vn -0.9197 -0.3518 -0.1743
vn -0.7925 0.5833 0.1781
vn -0.7813 0.5947 0.1895
vn -0.7757 0.5966 0.2057
vn -0.7644 0.6070 0.2175
vn -0.9215 -0.3734 -0.1070
vn -0.9180 -0.3792 -0.1160
vn -0.9215 -0.3810 -0.0749
vn -0.9184 -0.3869 -0.0826
vn 0.9206 0.3774 0.1001
vn 0.9254 0.3649 0.1027
vn 0.9177 0.3946 0.0458
vn 0.9226 0.3827 0.0489
vn 0.7835 -0.5893 -0.1972
vn 0.7878 -0.5814 -0.2034
vn 0.7746 -0.5989 -0.2032
vn 0.7795 -0.5905 -0.2091
vn 0.9244 0.3001 0.2352
vn 0.9288 0.2863 0.2352
vn 0.9226 0.3494 0.1633
vn 0.9277 0.3349 0.1650
vn 0.7534 -0.6098 -0.2459
vn 0.7593 -0.6003 -0.2513
vn 0.7219 -0.6116 -0.3237
vn 0.7280 -0.6024 -0.3272
vn -0.5539 -0.2278 -0.8008
vn -0.5686 -0.2039 -0.7969
vn -0.2718 -0.2817 -0.9202
vn -0.3618 -0.1758 -0.9155
vn -0.3175 0.2643 -0.9107
vn -0.2606 0.1743 -0.9496
vn -0.5445 0.3202 -0.7752
vn -0.5375 0.3014 -0.7876
vn -0.8298 -0.0119 -0.5579
vn -0.8087 -0.0783 -0.5830
vn -0.7061 -0.1452 -0.6930
vn -0.6973 -0.1642 -0.6977
vn -0.6742 0.3080 -0.6713
vn -0.6780 0.3233 -0.6601
vn -0.7866 0.2337 -0.5716
vn -0.7981 0.2929 -0.5266
vn -0.6878 0.3410 -0.6408
vn -0.6827 0.3268 -0.6536
vn -0.8129 0.2878 -0.5064
vn -0.7961 0.2324 -0.5588
vn -0.7965 -0.0781 -0.5996
vn -0.8226 -0.0179 -0.5683
vn -0.6784 -0.1411 -0.7210
vn -0.6883 -0.1239 -0.7147
vn -0.2482 0.2446 -0.9373
vn -0.3086 0.3280 -0.8929
vn -0.5380 0.3399 -0.7714
vn -0.5466 0.3581 -0.7570
vn -0.5476 -0.1598 -0.8213
vn -0.5324 -0.1805 -0.8270
vn -0.3426 -0.1066 -0.9334
vn -0.2535 -0.1992 -0.9466
vn -0.8885 0.4541 0.0659
vn -0.8704 0.4832 0.0946
vn -0.8930 0.4455 -0.0635
vn -0.8386 0.5447 -0.0001
vn -0.9553 -0.2177 -0.1999
vn -0.9256 -0.2940 -0.2384
vn -0.9671 -0.2415 -0.0796
vn -0.9607 -0.2586 -0.1012
vn -0.9158 0.2564 -0.3091
vn -0.9110 0.3285 -0.2492
vn -0.9211 0.3803 -0.0836
vn -0.9026 0.4287 -0.0385
vn -0.9708 -0.1591 -0.1798
vn -0.9587 -0.1876 -0.2139
vn -0.9471 -0.0219 -0.3201
vn -0.9222 -0.0773 -0.3790
vn 0.8300 0.3687 -0.4185
vn 0.8706 0.3069 -0.3844
vn 0.4206 0.3281 -0.8458
vn 0.5729 0.2047 -0.7936
vn 0.4256 -0.3699 -0.8259
vn 0.3504 -0.2570 -0.9006
vn 0.7152 -0.4853 -0.5029
vn 0.7077 -0.4394 -0.5532
vn 0.8211 0.5019 -0.2718
vn 0.8866 0.3729 -0.2735
vn 0.9232 0.3452 -0.1688
vn 0.9376 0.3120 -0.1538
vn 0.8015 -0.5086 -0.3145
vn 0.8054 -0.4871 -0.3376
vn 0.6768 -0.5927 -0.4366
vn 0.7108 -0.5100 -0.4845
vn 0.7840 -0.5708 -0.2441
vn 0.7784 -0.5890 -0.2171
vn 0.6962 -0.6085 -0.3808
vn 0.6567 -0.6856 -0.3143
vn 0.8987 0.2868 -0.3318
vn 0.8415 0.4107 -0.3510
vn 0.9530 0.2336 -0.1931
vn 0.9404 0.2655 -0.2124
vn 0.3483 -0.3815 -0.8563
vn 0.4240 -0.4934 -0.7595
vn 0.6968 -0.5456 -0.4656
vn 0.7015 -0.5850 -0.4070
vn 0.8824 0.2109 -0.4205
vn 0.8427 0.2732 -0.4638
vn 0.5743 0.0881 -0.8139
vn 0.4162 0.2207 -0.8821
vn -0.9712 -0.1405 -0.1924
vn -0.9810 -0.1061 -0.1622
vn -0.9291 -0.0461 -0.3670
vn -0.9486 0.0176 -0.3160
vn -0.8863 0.3625 -0.2884
vn -0.8963 0.2886 -0.3367
vn -0.8728 0.4769 -0.1040
vn -0.8926 0.4286 -0.1397
vn -0.9418 -0.2703 -0.1998
vn -0.9699 -0.1745 -0.1700
vn -0.9764 -0.2038 -0.0708
vn -0.9820 -0.1821 -0.0510
vn -0.8418 0.5396 0.0120
vn -0.8594 0.5111 -0.0104
vn -0.8130 0.5751 -0.0908
vn -0.8639 0.4858 -0.1328
vn 0.9837 -0.1570 -0.0878
vn 0.9880 -0.1518 -0.0282
vn 0.9784 -0.1556 0.1359
vn 0.9719 -0.1493 0.1822
vn 0.9400 -0.1487 0.3072
vn 0.9299 -0.1428 0.3388
vn 0.8885 -0.1392 0.4373
vn 0.8794 -0.1346 0.4566
vn 0.8330 -0.1280 0.5382
vn 0.8273 -0.1254 0.5476
vn 0.7765 -0.1157 0.6194
vn 0.7752 -0.1152 0.6211
vn 0.7185 -0.1020 0.6880
vn 0.7225 -0.1037 0.6835
vn 0.6564 -0.0864 0.7495
vn 0.6663 -0.0904 0.7402
vn 0.5850 -0.0680 0.8082
vn 0.6014 -0.0742 0.7955
vn 0.4953 -0.0454 0.8676
vn 0.5185 -0.0535 0.8534
vn 0.3716 -0.0163 0.9283
vn 0.4003 -0.0254 0.9160
vn 0.1877 0.0225 0.9820
vn 0.2152 0.0148 0.9765
vn -0.0889 0.0732 0.9933
vn -0.0826 0.0717 0.9940
vn -0.4473 0.1274 0.8852
vn -0.4835 0.1350 0.8648
vn -0.7615 0.1609 0.6279
vn -0.8096 0.1705 0.5617
vn -0.9273 0.1653 0.3358
vn -0.9519 0.1712 0.2542
vn -0.9826 0.1551 0.1017
vn -0.9869 0.1584 0.0317
vn -0.9874 0.1416 -0.0708
vn -0.9819 0.1436 -0.1233
vn -0.9706 0.1286 -0.2034
vn -0.9621 0.1300 -0.2398
vn -0.9423 0.1169 -0.3137
vn -0.9343 0.1178 -0.3365
vn -0.9045 0.1063 -0.4131
vn -0.8991 0.1067 -0.4245
vn -0.8560 0.0962 -0.5080
vn -0.8547 0.0963 -0.5100
vn -0.7939 0.0860 -0.6019
vn -0.7979 0.0859 -0.5966
vn -0.7144 0.0747 -0.6958
vn -0.7244 0.0747 -0.6854
vn -0.6120 0.0613 -0.7884
vn -0.6281 0.0616 -0.7757
vn -0.4800 0.0445 -0.8761
vn -0.5010 0.0452 -0.8643
vn -0.3095 0.0225 -0.9506
vn -0.3314 0.0236 -0.9432
vn -0.0904 -0.0066 -0.9959
vn -0.1052 -0.0057 -0.9944
vn 0.1807 -0.0436 -0.9826
vn 0.1848 -0.0439 -0.9818
vn 0.4822 -0.0858 -0.8718
vn 0.5106 -0.0875 -0.8553
vn -0.0283 -0.9995 0.0172
vn -0.0225 -0.9995 0.0240
vn -0.0335 -0.9994 0.0120
vn -0.0221 -0.9994 0.0256
vn -0.0399 -0.9992 0.0062
vn -0.0232 -0.9994 0.0260
vn -0.0471 -0.9989 -0.0000
vn -0.0257 -0.9993 0.0253
vn -0.0549 -0.9985 -0.0060
vn -0.0294 -0.9993 0.0239
vn -0.0626 -0.9980 -0.0114
vn -0.0340 -0.9992 0.0218
vn -0.0699 -0.9974 -0.0158
vn -0.0393 -0.9990 0.0193
vn -0.0764 -0.9969 -0.0189
vn -0.0451 -0.9988 0.0166
vn -0.0818 -0.9964 -0.0207
vn -0.0512 -0.9986 0.0138
vn -0.0861 -0.9961 -0.0212
vn -0.0573 -0.9983 0.0109
vn -0.0891 -0.9958 -0.0206
vn -0.0632 -0.9980 0.0080
vn -0.0909 -0.9957 -0.0189
vn -0.0690 -0.9976 0.0050
vn -0.0914 -0.9957 -0.0166
vn -0.0743 -0.9972 0.0020
vn -0.0908 -0.9958 -0.0138
vn -0.0790 -0.9969 -0.0011
vn -0.0892 -0.9960 -0.0107
vn -0.0832 -0.9965 -0.0042
vn 0.7507 -0.1240 -0.6489
vn 0.7876 -0.1248 -0.6035
vn 0.9202 -0.1482 -0.3624
vn 0.9429 -0.1458 -0.2995
vn 0.0330 0.9717 0.2338
vn 0.0401 0.9693 0.2424
vn 0.0314 0.9725 0.2308
vn 0.0452 0.9678 0.2475
vn 0.0312 0.9730 0.2288
vn 0.0511 0.9662 0.2527
vn 0.0323 0.9732 0.2278
vn 0.0573 0.9646 0.2575
vn 0.0345 0.9731 0.2276
vn 0.0634 0.9631 0.2616
vn 0.0378 0.9729 0.2281
vn 0.0693 0.9618 0.2648
vn 0.0418 0.9725 0.2291
vn 0.0745 0.9609 0.2668
vn 0.0463 0.9720 0.2305
vn 0.0790 0.9603 0.2676
vn 0.0513 0.9713 0.2321
vn 0.0825 0.9601 0.2673
vn 0.0563 0.9706 0.2340
vn 0.0851 0.9602 0.2660
vn 0.0614 0.9698 0.2360
vn 0.0867 0.9606 0.2639
vn 0.0662 0.9690 0.2381
vn 0.0874 0.9613 0.2612
vn 0.0708 0.9681 0.2405
vn 0.0872 0.9621 0.2582
vn 0.0750 0.9671 0.2430
vn 0.0862 0.9631 0.2550
vn 0.0787 0.9661 0.2457
vn 0.0843 0.9641 0.2518
s 0
f 1263//2484 1360//2484 1266//2484
f 1263//2485 1266//2485 1264//2485
f 1264//2486 1266//2486 1265//2486
f 1264//2487 1265//2487 1267//2487
f 1266//2488 1276//2488 1277//2488
f 1266//2489 1277//2489 1265//2489
f 1360//2490 1276//2490 1266//2490
f 1360//2491 1274//2491 1276//2491
f 1360//2492 1275//2492 1274//2492
f 1360//2493 1361//2493 1275//2493
f 1267//2494 1265//2494 1269//2494
f 1267//2495 1269//2495 1268//2495
f 1268//2496 1269//2496 1290//2496
f 1268//2497 1290//2497 1484//2497
f 1269//2498 1270//2498 1288//2498
f 1269//2499 1288//2499 1290//2499
f 1265//2500 1277//2500 1270//2500
f 1265//2501 1270//2501 1269//2501
f 1277//2502 1280//2502 1273//2502
f 1277//2503 1273//2503 1270//2503
f 1270//2504 1273//2504 1283//2504
f 1270//2505 1283//2505 1288//2505
f 1273//2506 1272//2506 1271//2506
f 1273//2507 1271//2507 1283//2507
f 1280//2508 1279//2508 1272//2508
f 1280//2509 1272//2509 1273//2509
f 1274//2510 1278//2510 1276//2510
f 1274//2511 1281//2511 1278//2511
f 1274//2512 1364//2512 1281//2512
f 1274//2513 1275//2513 1364//2513
f 1276//2514 1278//2514 1280//2514
f 1276//2515 1280//2515 1277//2515
f 1278//2516 1282//2516 1279//2516
f 1278//2517 1279//2517 1280//2517
f 1281//2518 1599//2518 1282//2518
f 1281//2519 1282//2519 1278//2519
f 1271//2520 1286//2520 1284//2520
f 1271//2521 1284//2521 1283//2521
f 1283//2522 1284//2522 1285//2522
f 1283//2523 1285//2523 1288//2523
f 1284//2524 1287//2524 1297//2524
f 1284//2525 1297//2525 1285//2525
f 1286//2526 1296//2526 1287//2526
f 1286//2527 1287//2527 1284//2527
f 1288//2528 1285//2528 1289//2528
f 1288//2529 1289//2529 1290//2529
f 1290//2530 1289//2530 1291//2530
f 1290//2531 1291//2531 1484//2531
f 1289//2532 1292//2532 1496//2532
f 1289//2533 1496//2533 1291//2533
f 1285//2534 1297//2534 1292//2534
f 1285//2535 1292//2535 1289//2535
f 1297//2536 1299//2536 1295//2536
f 1297//2537 1295//2537 1292//2537
f 1292//2538 1295//2538 1293//2538
f 1292//2539 1293//2539 1496//2539
f 1295//2540 1294//2540 1308//2540
f 1295//2541 1308//2541 1293//2541
f 1299//2542 1302//2542 1294//2542
f 1299//2543 1294//2543 1295//2543
f 1296//2544 1300//2544 1298//2544
f 1296//2545 1298//2545 1287//2545
f 1287//2546 1298//2546 1299//2546
f 1287//2547 1299//2547 1297//2547
f 1298//2548 1301//2548 1302//2548
f 1298//2549 1302//2549 1299//2549
f 1300//2550 1501//2550 1301//2550
f 1300//2551 1301//2551 1298//2551
f 1501//2552 1304//2552 1303//2552
f 1501//2553 1303//2553 1301//2553
f 1301//2554 1303//2554 1311//2554
f 1301//2554 1311//2554 1302//2554
f 1303//2555 1306//2555 1315//2555
f 1303//2556 1315//2556 1311//2556
f 1304//2557 1305//2557 1306//2557
f 1304//2558 1306//2558 1303//2558
f 1302//2559 1311//2559 1309//2559
f 1302//2560 1309//2560 1294//2560
f 1294//2561 1309//2561 1307//2561
f 1294//2562 1307//2562 1308//2562
f 1309//2563 1310//2563 1513//2563
f 1309//2564 1513//2564 1307//2564
f 1311//2565 1315//2565 1310//2565
f 1311//2566 1310//2566 1309//2566
f 1315//2567 1314//2567 1312//2567
f 1315//2568 1312//2568 1310//2568
f 1310//2569 1312//2569 1512//2569
f 1310//2570 1512//2570 1513//2570
f 1312//2571 1313//2571 1510//2571
f 1312//2572 1510//2572 1512//2572
f 1314//2573 1321//2573 1313//2573
f 1314//2574 1313//2574 1312//2574
f 1305//2575 1516//2575 1316//2575
f 1305//2576 1316//2576 1306//2576
f 1306//2577 1316//2577 1314//2577
f 1306//2578 1314//2578 1315//2578
f 1316//2579 1317//2579 1321//2579
f 1316//2580 1321//2580 1314//2580
f 1516//2581 1540//2581 1317//2581
f 1516//2582 1317//2582 1316//2582
f 1540//2583 1542//2583 1319//2583
f 1540//2584 1319//2584 1317//2584
f 1317//2585 1319//2585 1318//2585
f 1317//2586 1318//2586 1321//2586
f 1319//2587 1320//2587 1323//2587
f 1319//2588 1323//2588 1318//2588
f 1542//2589 1534//2589 1320//2589
f 1542//2590 1320//2590 1319//2590
f 1321//2591 1318//2591 1324//2591
f 1321//2592 1324//2592 1313//2592
f 1313//2593 1324//2593 1526//2593
f 1313//2594 1526//2594 1510//2594
f 1324//2595 1322//2595 1524//2595
f 1324//2596 1524//2596 1526//2596
f 1318//2597 1323//2597 1322//2597
f 1318//2598 1322//2598 1324//2598
f 1323//2599 1329//2599 1326//2599
f 1323//2600 1326//2600 1322//2600
f 1322//2601 1326//2601 1325//2601
f 1322//2602 1325//2602 1524//2602
f 1326//2603 1327//2603 1328//2603
f 1326//2604 1328//2604 1325//2604
f 1329//2605 1330//2605 1327//2605
f 1329//2606 1327//2606 1326//2606
f 1534//2607 1537//2607 1331//2607
f 1534//2608 1331//2608 1320//2608
f 1320//2609 1331//2609 1329//2609
f 1320//2610 1329//2610 1323//2610
f 1331//2611 1332//2611 1330//2611
f 1331//2612 1330//2612 1329//2612
f 1537//2613 1556//2613 1332//2613
f 1537//2614 1332//2614 1331//2614
f 1556//2615 1558//2615 1333//2615
f 1556//2616 1333//2616 1332//2616
f 1332//2617 1333//2617 1334//2617
f 1332//2618 1334//2618 1330//2618
f 1333//2619 1342//2619 1343//2619
f 1333//2620 1343//2620 1334//2620
f 1558//2621 1551//2621 1342//2621
f 1558//2622 1342//2622 1333//2622
f 1330//2623 1334//2623 1335//2623
f 1330//2624 1335//2624 1327//2624
f 1327//2625 1335//2625 1546//2625
f 1327//2626 1546//2626 1328//2626
f 1335//2627 1336//2627 1337//2627
f 1335//2628 1337//2628 1546//2628
f 1334//2629 1343//2629 1336//2629
f 1334//2630 1336//2630 1335//2630
f 1343//2631 1338//2631 1341//2631
f 1343//2632 1341//2632 1336//2632
f 1336//2633 1341//2633 1339//2633
f 1336//2634 1339//2634 1337//2634
f 1341//2635 1351//2635 1352//2635
f 1341//2636 1352//2636 1339//2636
f 1338//2637 1340//2637 1351//2637
f 1338//2638 1351//2638 1341//2638
f 1551//2639 1345//2639 1346//2639
f 1551//2640 1346//2640 1342//2640
f 1342//2641 1346//2641 1338//2641
f 1342//2642 1338//2642 1343//2642
f 1346//2643 1344//2643 1340//2643
f 1346//2644 1340//2644 1338//2644
f 1345//2645 1552//2645 1344//2645
f 1345//2646 1344//2646 1346//2646
f 1552//2647 1594//2647 1347//2647
f 1552//2648 1347//2648 1344//2648
f 1344//2649 1347//2649 1348//2649
f 1344//2650 1348//2650 1340//2650
f 1347//2651 1349//2651 1348//2651
f 1347//2652 1356//2652 1349//2652
f 1594//2653 1355//2653 1356//2653
f 1594//2654 1356//2654 1347//2654
f 1340//2655 1350//2655 1351//2655
f 1340//2656 1348//2656 1350//2656
f 1348//2657 1349//2657 1354//2657
f 1348//2658 1354//2658 1350//2658
f 1351//2659 1350//2659 1582//2659
f 1351//2660 1582//2660 1352//2660
f 1350//2661 1354//2661 1581//2661
f 1350//2662 1581//2662 1582//2662
f 1349//2663 1357//2663 1353//2663
f 1349//2664 1353//2664 1354//2664
f 1354//2665 1353//2665 1587//2665
f 1354//2666 1587//2666 1581//2666
f 1353//2667 1571//2667 1572//2667
f 1353//2668 1572//2668 1587//2668
f 1357//2669 1579//2669 1571//2669
f 1357//2670 1571//2670 1353//2670
f 1355//2671 1590//2671 1359//2671
f 1355//2672 1359//2672 1356//2672
f 1356//2673 1359//2673 1357//2673
f 1356//2674 1357//2674 1349//2674
f 1359//2675 1358//2675 1579//2675
f 1359//2676 1579//2676 1357//2676
f 1590//2677 1577//2677 1358//2677
f 1590//2678 1358//2678 1359//2678
f 1263//2679 1611//2679 1361//2679
f 1263//2680 1361//2680 1360//2680
f 1361//2681 1368//2681 1363//2681
f 1361//2682 1363//2682 1275//2682
f 1611//2683 1612//2683 1368//2683
f 1611//2684 1368//2684 1361//2684
f 1281//2685 1364//2685 1598//2685
f 1281//2686 1598//2686 1599//2686
f 1364//2687 1362//2687 1604//2687
f 1364//2688 1604//2688 1598//2688
f 1275//2689 1363//2689 1362//2689
f 1275//2690 1362//2690 1364//2690
f 1363//2691 1369//2691 1365//2691
f 1363//2692 1365//2692 1362//2692
f 1362//2693 1365//2693 1366//2693
f 1362//2694 1366//2694 1604//2694
f 1365//2695 1560//2695 1562//2695
f 1365//2696 1562//2696 1366//2696
f 1369//2697 1567//2697 1560//2697
f 1369//2698 1560//2698 1365//2698
f 1612//2699 1607//2699 1367//2699
f 1612//2700 1367//2700 1368//2700
f 1368//2701 1367//2701 1369//2701
f 1368//2702 1369//2702 1363//2702
f 1367//2703 1370//2703 1567//2703
f 1367//2704 1567//2704 1369//2704
f 1607//2705 1608//2705 1370//2705
f 1607//2706 1370//2706 1367//2706
f 1615//2707 1374//2707 1376//2707
f 1615//2708 1376//2708 1371//2708
f 1371//2709 1376//2709 1372//2709
f 1371//2710 1372//2710 1373//2710
f 1371//2711 1373//2711 1470//2711
f 1371//2712 1470//2712 1469//2712
f 1376//2713 1377//2713 1378//2713
f 1376//2714 1378//2714 1372//2714
f 1374//2715 1375//2715 1377//2715
f 1374//2716 1377//2716 1376//2716
f 1375//2717 1485//2717 1380//2717
f 1375//2718 1380//2718 1377//2718
f 1377//2719 1380//2719 1381//2719
f 1377//2720 1381//2720 1378//2720
f 1380//2721 1393//2721 1392//2721
f 1380//2722 1392//2722 1381//2722
f 1485//2723 1379//2723 1393//2723
f 1485//2724 1393//2724 1380//2724
f 1378//2725 1381//2725 1382//2725
f 1378//2726 1382//2726 1388//2726
f 1388//2727 1382//2727 1383//2727
f 1388//2728 1383//2728 1384//2728
f 1382//2729 1385//2729 1389//2729
f 1382//2730 1389//2730 1383//2730
f 1381//2731 1392//2731 1385//2731
f 1381//2732 1385//2732 1382//2732
f 1373//2733 1372//2733 1387//2733
f 1373//2734 1387//2734 1386//2734
f 1373//2735 1386//2735 1472//2735
f 1373//2736 1472//2736 1470//2736
f 1386//2737 1387//2737 1491//2737
f 1386//2738 1491//2738 1600//2738
f 1387//2739 1388//2739 1384//2739
f 1387//2740 1384//2740 1491//2740
f 1372//2741 1378//2741 1388//2741
f 1372//2742 1388//2742 1387//2742
f 1389//2743 1385//2743 1390//2743
f 1389//2744 1390//2744 1506//2744
f 1506//2745 1390//2745 1403//2745
f 1506//2746 1403//2746 1391//2746
f 1390//2747 1395//2747 1397//2747
f 1390//2748 1397//2748 1403//2748
f 1385//2749 1392//2749 1395//2749
f 1385//2750 1395//2750 1390//2750
f 1392//2751 1393//2751 1394//2751
f 1392//2752 1394//2752 1395//2752
f 1395//2753 1394//2753 1396//2753
f 1395//2754 1396//2754 1397//2754
f 1394//2755 1493//2755 1499//2755
f 1394//2756 1499//2756 1396//2756
f 1393//2757 1379//2757 1493//2757
f 1393//2758 1493//2758 1394//2758
f 1397//2759 1396//2759 1398//2759
f 1397//2760 1398//2760 1404//2760
f 1404//2761 1398//2761 1399//2761
f 1404//2762 1399//2762 1400//2762
f 1398//2763 1498//2763 1500//2763
f 1398//2764 1500//2764 1399//2764
f 1396//2765 1499//2765 1498//2765
f 1396//2766 1498//2766 1398//2766
f 1391//2767 1403//2767 1402//2767
f 1391//2768 1402//2768 1401//2768
f 1401//2769 1402//2769 1409//2769
f 1401//2770 1409//2770 1522//2770
f 1402//2771 1404//2771 1400//2771
f 1402//2772 1400//2772 1409//2772
f 1403//2773 1397//2773 1404//2773
f 1403//2774 1404//2774 1402//2774
f 1522//2775 1409//2775 1407//2775
f 1522//2776 1407//2776 1523//2776
f 1523//2777 1407//2777 1405//2777
f 1523//2778 1405//2778 1406//2778
f 1407//2779 1408//2779 1410//2779
f 1407//2780 1410//2780 1405//2780
f 1409//2781 1400//2781 1408//2781
f 1409//2782 1408//2782 1407//2782
f 1400//2783 1399//2783 1412//2783
f 1400//2784 1412//2784 1408//2784
f 1408//2785 1412//2785 1416//2785
f 1408//2786 1416//2786 1410//2786
f 1412//2787 1508//2787 1411//2787
f 1412//2788 1411//2788 1416//2788
f 1399//2789 1500//2789 1508//2789
f 1399//2790 1508//2790 1412//2790
f 1410//2791 1416//2791 1414//2791
f 1410//2792 1414//2792 1418//2792
f 1418//2793 1414//2793 1423//2793
f 1418//2794 1423//2794 1413//2794
f 1414//2795 1415//2795 1427//2795
f 1414//2796 1427//2796 1423//2796
f 1416//2797 1411//2797 1415//2797
f 1416//2798 1415//2798 1414//2798
f 1406//2799 1405//2799 1417//2799
f 1406//2800 1417//2800 1519//2800
f 1519//2801 1417//2801 1419//2801
f 1519//2802 1419//2802 1544//2802
f 1417//2803 1418//2803 1413//2803
f 1417//2804 1413//2804 1419//2804
f 1405//2805 1410//2805 1418//2805
f 1405//2806 1418//2806 1417//2806
f 1544//2807 1419//2807 1421//2807
f 1544//2808 1421//2808 1543//2808
f 1543//2809 1421//2809 1422//2809
f 1543//2810 1422//2810 1420//2810
f 1421//2811 1424//2811 1425//2811
f 1421//2812 1425//2812 1422//2812
f 1419//2813 1413//2813 1424//2813
f 1419//2814 1424//2814 1421//2814
f 1413//2815 1423//2815 1426//2815
f 1413//2816 1426//2816 1424//2816
f 1424//2817 1426//2817 1430//2817
f 1424//2818 1430//2818 1425//2818
f 1426//2819 1529//2819 1532//2819
f 1426//2820 1532//2820 1430//2820
f 1423//2821 1427//2821 1529//2821
f 1423//2822 1529//2822 1426//2822
f 1425//2823 1430//2823 1428//2823
f 1425//2824 1428//2824 1433//2824
f 1433//2825 1428//2825 1429//2825
f 1433//2826 1429//2826 1434//2826
f 1428//2827 1531//2827 1547//2827
f 1428//2828 1547//2828 1429//2828
f 1430//2829 1532//2829 1531//2829
f 1430//2830 1531//2830 1428//2830
f 1420//2831 1422//2831 1432//2831
f 1420//2832 1432//2832 1431//2832
f 1431//2833 1432//2833 1437//2833
f 1431//2834 1437//2834 1539//2834
f 1432//2835 1433//2835 1434//2835
f 1432//2836 1434//2836 1437//2836
f 1422//2837 1425//2837 1433//2837
f 1422//2838 1433//2838 1432//2838
f 1539//2839 1437//2839 1436//2839
f 1539//2840 1436//2840 1435//2840
f 1435//2841 1436//2841 1446//2841
f 1435//2842 1446//2842 1445//2842
f 1436//2843 1438//2843 1449//2843
f 1436//2844 1449//2844 1446//2844
f 1437//2845 1434//2845 1438//2845
f 1437//2846 1438//2846 1436//2846
f 1434//2847 1429//2847 1440//2847
f 1434//2848 1440//2848 1438//2848
f 1438//2849 1440//2849 1439//2849
f 1438//2850 1439//2850 1449//2850
f 1440//2851 1441//2851 1443//2851
f 1440//2852 1443//2852 1439//2852
f 1429//2853 1547//2853 1441//2853
f 1429//2854 1441//2854 1440//2854
f 1449//2855 1439//2855 1444//2855
f 1449//2856 1444//2856 1442//2856
f 1442//2857 1444//2857 1455//2857
f 1442//2858 1455//2858 1448//2858
f 1444//2859 1550//2859 1585//2859
f 1444//2860 1585//2860 1455//2860
f 1439//2861 1443//2861 1550//2861
f 1439//2862 1550//2862 1444//2862
f 1445//2863 1446//2863 1447//2863
f 1445//2864 1447//2864 1554//2864
f 1554//2865 1447//2865 1450//2865
f 1554//2866 1450//2866 1596//2866
f 1447//2867 1442//2867 1448//2867
f 1447//2868 1448//2868 1450//2868
f 1446//2869 1449//2869 1442//2869
f 1446//2870 1442//2870 1447//2870
f 1596//2871 1450//2871 1452//2871
f 1596//2872 1452//2872 1451//2872
f 1451//2873 1452//2873 1454//2873
f 1451//2874 1454//2874 1453//2874
f 1452//2875 1456//2875 1467//2875
f 1452//2876 1467//2876 1454//2876
f 1450//2877 1448//2877 1456//2877
f 1450//2878 1456//2878 1452//2878
f 1448//2879 1455//2879 1458//2879
f 1448//2880 1458//2880 1456//2880
f 1456//2881 1458//2881 1462//2881
f 1456//2882 1462//2882 1467//2882
f 1458//2883 1457//2883 1463//2883
f 1458//2884 1463//2884 1462//2884
f 1455//2885 1585//2885 1457//2885
f 1455//2886 1457//2886 1458//2886
f 1467//2887 1462//2887 1460//2887
f 1467//2888 1460//2888 1459//2888
f 1459//2889 1460//2889 1576//2889
f 1459//2890 1576//2890 1461//2890
f 1460//2891 1589//2891 1573//2891
f 1460//2892 1573//2892 1576//2892
f 1462//2893 1463//2893 1589//2893
f 1462//2894 1589//2894 1460//2894
f 1453//2895 1454//2895 1464//2895
f 1453//2896 1464//2896 1591//2896
f 1591//2897 1464//2897 1465//2897
f 1591//2898 1465//2898 1466//2898
f 1464//2899 1459//2899 1461//2899
f 1464//2900 1461//2900 1465//2900
f 1454//2901 1467//2901 1459//2901
f 1454//2902 1459//2902 1464//2902
f 1615//2903 1371//2903 1469//2903
f 1615//2904 1469//2904 1468//2904
f 1468//2905 1469//2905 1471//2905
f 1468//2906 1471//2906 1613//2906
f 1469//2907 1470//2907 1481//2907
f 1469//2908 1481//2908 1471//2908
f 1470//2909 1472//2909 1475//2909
f 1470//2910 1475//2910 1481//2910
f 1472//2911 1474//2911 1473//2911
f 1472//2912 1473//2912 1475//2912
f 1386//2913 1600//2913 1474//2913
f 1386//2914 1474//2914 1472//2914
f 1481//2915 1475//2915 1476//2915
f 1481//2916 1476//2916 1479//2916
f 1479//2917 1476//2917 1563//2917
f 1479//2918 1563//2918 1568//2918
f 1476//2919 1605//2919 1477//2919
f 1476//2920 1477//2920 1563//2920
f 1475//2921 1473//2921 1605//2921
f 1475//2922 1605//2922 1476//2922
f 1613//2923 1471//2923 1478//2923
f 1613//2924 1478//2924 1610//2924
f 1610//2925 1478//2925 1480//2925
f 1610//2926 1480//2926 1569//2926
f 1478//2927 1479//2927 1568//2927
f 1478//2928 1568//2928 1480//2928
f 1471//2929 1481//2929 1479//2929
f 1471//2930 1479//2930 1478//2930
f 1267//2931 1483//2931 1482//2931
f 1267//2932 1482//2932 1264//2932
f 1264//2933 1482//2933 1614//2933
f 1264//2934 1614//2934 1263//2934
f 1482//2935 1374//2935 1615//2935
f 1482//2936 1615//2936 1614//2936
f 1483//2937 1375//2937 1374//2937
f 1483//2938 1374//2938 1482//2938
f 1484//2939 1494//2939 1486//2939
f 1484//2940 1486//2940 1268//2940
f 1268//2941 1486//2941 1483//2941
f 1268//2942 1483//2942 1267//2942
f 1486//2943 1485//2943 1375//2943
f 1486//2944 1375//2944 1483//2944
f 1494//2945 1379//2945 1485//2945
f 1494//2946 1485//2946 1486//2946
f 1279//2947 1488//2947 1487//2947
f 1279//2948 1487//2948 1272//2948
f 1272//2949 1487//2949 1504//2949
f 1272//2950 1504//2950 1271//2950
f 1487//2951 1383//2951 1389//2951
f 1487//2952 1389//2952 1504//2952
f 1488//2953 1384//2953 1383//2953
f 1488//2954 1383//2954 1487//2954
f 1599//2955 1490//2955 1489//2955
f 1599//2956 1489//2956 1282//2956
f 1282//2957 1489//2957 1488//2957
f 1282//2958 1488//2958 1279//2958
f 1489//2959 1491//2959 1384//2959
f 1489//2960 1384//2960 1488//2960
f 1490//2961 1600//2961 1491//2961
f 1490//2962 1491//2962 1489//2962
f 1496//2963 1495//2963 1492//2963
f 1496//2964 1492//2964 1291//2964
f 1291//2965 1492//2965 1494//2965
f 1291//2966 1494//2966 1484//2966
f 1492//2967 1493//2967 1379//2967
f 1492//2968 1379//2968 1494//2968
f 1495//2969 1499//2969 1493//2969
f 1495//2970 1493//2970 1492//2970
f 1308//2971 1507//2971 1497//2971
f 1308//2972 1497//2972 1293//2972
f 1293//2973 1497//2973 1495//2973
f 1293//2974 1495//2974 1496//2974
f 1497//2975 1498//2975 1499//2975
f 1497//2976 1499//2976 1495//2976
f 1507//2977 1500//2977 1498//2977
f 1507//2978 1498//2978 1497//2978
f 1296//2979 1502//2979 1503//2979
f 1296//2980 1503//2980 1300//2980
f 1300//2981 1503//2981 1520//2981
f 1300//2982 1520//2982 1501//2982
f 1503//2983 1401//2983 1522//2983
f 1503//2984 1522//2984 1520//2984
f 1502//2985 1391//2985 1401//2985
f 1502//2986 1401//2986 1503//2986
f 1271//2987 1504//2987 1505//2987
f 1271//2988 1505//2988 1286//2988
f 1286//2989 1505//2989 1502//2989
f 1286//2990 1502//2990 1296//2990
f 1505//2991 1506//2991 1391//2991
f 1505//2992 1391//2992 1502//2992
f 1504//2993 1389//2993 1506//2993
f 1504//2994 1506//2994 1505//2994
f 1513//2995 1514//2995 1509//2995
f 1513//2996 1509//2996 1307//2996
f 1307//2997 1509//2997 1507//2997
f 1307//2998 1507//2998 1308//2998
f 1509//2999 1508//2999 1500//2999
f 1509//3000 1500//3000 1507//3000
f 1514//3001 1411//3001 1508//3001
f 1514//3002 1508//3002 1509//3002
f 1510//3003 1527//3003 1511//3003
f 1510//3004 1511//3004 1512//3004
f 1512//3005 1511//3005 1514//3005
f 1512//3006 1514//3006 1513//3006
f 1511//3007 1415//3007 1411//3007
f 1511//3008 1411//3008 1514//3008
f 1527//3009 1427//3009 1415//3009
f 1527//3010 1415//3010 1511//3010
f 1305//3011 1515//3011 1517//3011
f 1305//3012 1517//3012 1516//3012
f 1516//3013 1517//3013 1518//3013
f 1516//3014 1518//3014 1540//3014
f 1517//3015 1519//3015 1544//3015
f 1517//3016 1544//3016 1518//3016
f 1515//3017 1406//3017 1519//3017
f 1515//3018 1519//3018 1517//3018
f 1501//3019 1520//3019 1521//3019
f 1501//3020 1521//3020 1304//3020
f 1304//3021 1521//3021 1515//3021
f 1304//3022 1515//3022 1305//3022
f 1521//3023 1523//3023 1406//3023
f 1521//3024 1406//3024 1515//3024
f 1520//3025 1522//3025 1523//3025
f 1520//3026 1523//3026 1521//3026
f 1524//3027 1525//3027 1528//3027
f 1524//3028 1528//3028 1526//3028
f 1526//3029 1528//3029 1527//3029
f 1526//3030 1527//3030 1510//3030
f 1528//3031 1529//3031 1427//3031
f 1528//3032 1427//3032 1527//3032
f 1525//3033 1532//3033 1529//3033
f 1525//3034 1529//3034 1528//3034
f 1328//3035 1533//3035 1530//3035
f 1328//3036 1530//3036 1325//3036
f 1325//3037 1530//3037 1525//3037
f 1325//3038 1525//3038 1524//3038
f 1530//3039 1531//3039 1532//3039
f 1530//3040 1532//3040 1525//3040
f 1533//3041 1547//3041 1531//3041
f 1533//3042 1531//3042 1530//3042
f 1534//3043 1535//3043 1536//3043
f 1534//3044 1536//3044 1537//3044
f 1537//3045 1536//3045 1538//3045
f 1537//3046 1538//3046 1556//3046
f 1536//3047 1431//3047 1539//3047
f 1536//3048 1539//3048 1538//3048
f 1535//3049 1420//3049 1431//3049
f 1535//3050 1431//3050 1536//3050
f 1540//3051 1518//3051 1541//3051
f 1540//3052 1541//3052 1542//3052
f 1542//3053 1541//3053 1535//3053
f 1542//3054 1535//3054 1534//3054
f 1541//3055 1543//3055 1420//3055
f 1541//3056 1420//3056 1535//3056
f 1518//3057 1544//3057 1543//3057
f 1518//3058 1543//3058 1541//3058
f 1337//3059 1545//3059 1548//3059
f 1337//3060 1548//3060 1546//3060
f 1546//3061 1548//3061 1533//3061
f 1546//3062 1533//3062 1328//3062
f 1548//3063 1441//3063 1547//3063
f 1548//3064 1547//3064 1533//3064
f 1545//3065 1443//3065 1441//3065
f 1545//3066 1441//3066 1548//3066
f 1352//3067 1584//3067 1549//3067
f 1352//3068 1549//3068 1339//3068
f 1339//3069 1549//3069 1545//3069
f 1339//3070 1545//3070 1337//3070
f 1549//3071 1550//3071 1443//3071
f 1549//3072 1443//3072 1545//3072
f 1584//3073 1585//3073 1550//3073
f 1584//3074 1550//3074 1549//3074
f 1551//3075 1559//3075 1553//3075
f 1551//3076 1553//3076 1345//3076
f 1345//3077 1553//3077 1555//3077
f 1345//3078 1555//3078 1552//3078
f 1553//3079 1554//3079 1596//3079
f 1553//3080 1596//3080 1555//3080
f 1559//3081 1445//3081 1554//3081
f 1559//3082 1554//3082 1553//3082
f 1556//3083 1538//3083 1557//3083
f 1556//3084 1557//3084 1558//3084
f 1558//3085 1557//3085 1559//3085
f 1558//3086 1559//3086 1551//3086
f 1557//3087 1435//3087 1445//3087
f 1557//3088 1445//3088 1559//3088
f 1538//3089 1539//3089 1435//3089
f 1538//3090 1435//3090 1557//3090
f 1567//3091 1564//3091 1561//3091
f 1567//3092 1561//3092 1560//3092
f 1560//3093 1561//3093 1602//3093
f 1560//3094 1602//3094 1562//3094
f 1561//3095 1563//3095 1477//3095
f 1561//3096 1477//3096 1602//3096
f 1564//3097 1568//3097 1563//3097
f 1564//3098 1563//3098 1561//3098
f 1608//3099 1565//3099 1566//3099
f 1608//3100 1566//3100 1370//3100
f 1370//3101 1566//3101 1564//3101
f 1370//3102 1564//3102 1567//3102
f 1566//3103 1480//3103 1568//3103
f 1566//3104 1568//3104 1564//3104
f 1565//3105 1569//3105 1480//3105
f 1565//3106 1480//3106 1566//3106
f 1579//3107 1575//3107 1570//3107
f 1579//3108 1570//3108 1571//3108
f 1571//3109 1570//3109 1574//3109
f 1571//3110 1574//3110 1572//3110
f 1570//3111 1576//3111 1573//3111
f 1570//3112 1573//3112 1574//3112
f 1575//3113 1461//3113 1576//3113
f 1575//3114 1576//3114 1570//3114
f 1577//3115 1580//3115 1578//3115
f 1577//3116 1578//3116 1358//3116
f 1358//3117 1578//3117 1575//3117
f 1358//3118 1575//3118 1579//3118
f 1578//3119 1465//3119 1461//3119
f 1578//3120 1461//3120 1575//3120
f 1580//3121 1466//3121 1465//3121
f 1580//3122 1465//3122 1578//3122
f 1581//3123 1586//3123 1583//3123
f 1581//3124 1583//3124 1582//3124
f 1582//3125 1583//3125 1584//3125
f 1582//3126 1584//3126 1352//3126
f 1583//3127 1457//3127 1585//3127
f 1583//3128 1585//3128 1584//3128
f 1586//3129 1463//3129 1457//3129
f 1586//3130 1457//3130 1583//3130
f 1572//3131 1574//3131 1588//3131
f 1572//3132 1588//3132 1587//3132
f 1587//3133 1588//3133 1586//3133
f 1587//3134 1586//3134 1581//3134
f 1588//3135 1589//3135 1463//3135
f 1588//3136 1463//3136 1586//3136
f 1574//3137 1573//3137 1589//3137
f 1574//3138 1589//3138 1588//3138
f 1355//3139 1595//3139 1592//3139
f 1355//3140 1592//3140 1590//3140
f 1590//3141 1592//3141 1580//3141
f 1590//3142 1580//3142 1577//3142
f 1592//3143 1591//3143 1466//3143
f 1592//3144 1466//3144 1580//3144
f 1595//3145 1453//3145 1591//3145
f 1595//3146 1591//3146 1592//3146
f 1552//3147 1555//3147 1593//3147
f 1552//3148 1593//3148 1594//3148
f 1594//3149 1593//3149 1595//3149
f 1594//3150 1595//3150 1355//3150
f 1593//3151 1451//3151 1453//3151
f 1593//3152 1453//3152 1595//3152
f 1555//3153 1596//3153 1451//3153
f 1555//3154 1451//3154 1593//3154
f 1604//3155 1597//3155 1601//3155
f 1604//3156 1601//3156 1598//3156
f 1598//3157 1601//3157 1490//3157
f 1598//3158 1490//3158 1599//3158
f 1601//3159 1474//3159 1600//3159
f 1601//3160 1600//3160 1490//3160
f 1597//3161 1473//3161 1474//3161
f 1597//3162 1474//3162 1601//3162
f 1562//3163 1602//3163 1603//3163
f 1562//3164 1603//3164 1366//3164
f 1366//3165 1603//3165 1597//3165
f 1366//3166 1597//3166 1604//3166
f 1603//3167 1605//3167 1473//3167
f 1603//3168 1473//3168 1597//3168
f 1602//3169 1477//3169 1605//3169
f 1602//3170 1605//3170 1603//3170
f 1612//3171 1609//3171 1606//3171
f 1612//3172 1606//3172 1607//3172
f 1607//3173 1606//3173 1565//3173
f 1607//3174 1565//3174 1608//3174
f 1606//3175 1610//3175 1569//3175
f 1606//3176 1569//3176 1565//3176
f 1609//3177 1613//3177 1610//3177
f 1609//3178 1610//3178 1606//3178
f 1263//3179 1614//3179 1616//3179
f 1263//3180 1616//3180 1611//3180
f 1611//3181 1616//3181 1609//3181
f 1611//3182 1609//3182 1612//3182
f 1616//3183 1468//3183 1613//3183
f 1616//3184 1613//3184 1609//3184
f 1614//3185 1615//3185 1468//3185
f 1614//3186 1468//3186 1616//3186
f 1671//3187 1617//3187 1619//3187
f 1671//3188 1619//3188 1672//3188
f 1617//3189 1618//3189 1665//3189
f 1617//3190 1665//3190 1619//3190
f 1618//3191 1620//3191 1664//3191
f 1618//3192 1664//3192 1665//3192
f 1620//3193 1621//3193 1622//3193
f 1620//3194 1622//3194 1664//3194
f 1621//3195 1675//3195 1623//3195
f 1621//3196 1623//3196 1622//3196
f 1675//3197 1674//3197 1624//3197
f 1675//3198 1624//3198 1623//3198
f 1674//3199 1673//3199 1625//3199
f 1674//3200 1625//3200 1624//3200
f 1673//3201 1626//3201 1627//3201
f 1673//3202 1627//3202 1625//3202
f 1626//3203 1629//3203 1628//3203
f 1626//3204 1628//3204 1627//3204
f 1629//3205 1630//3205 1631//3205
f 1629//3206 1631//3206 1628//3206
f 1630//3207 1632//3207 1663//3207
f 1630//3208 1663//3208 1631//3208
f 1632//3209 1634//3209 1633//3209
f 1632//3210 1633//3210 1663//3210
f 1634//3211 1676//3211 1635//3211
f 1634//3212 1635//3212 1633//3212
f 1676//3213 1636//3213 1639//3213
f 1676//3214 1639//3214 1635//3214
f 1636//3215 1637//3215 1638//3215
f 1636//3216 1638//3216 1639//3216
f 1637//3217 1641//3217 1640//3217
f 1637//3218 1640//3218 1638//3218
f 1641//3219 1642//3219 1666//3219
f 1641//3220 1666//3220 1640//3220
f 1642//3221 1677//3221 1644//3221
f 1642//3222 1644//3222 1666//3222
f 1677//3223 1645//3223 1643//3223
f 1677//3224 1643//3224 1644//3224
f 1645//3225 1679//3225 1667//3225
f 1645//3226 1667//3226 1643//3226
f 1679//3227 1647//3227 1646//3227
f 1679//3228 1646//3228 1667//3228
f 1647//3229 1649//3229 1648//3229
f 1647//3230 1648//3230 1646//3230
f 1649//3231 1650//3231 1668//3231
f 1649//3232 1668//3232 1648//3232
f 1650//3233 1651//3233 1652//3233
f 1650//3234 1652//3234 1668//3234
f 1651//3235 1654//3235 1653//3235
f 1651//3236 1653//3236 1652//3236
f 1654//3237 1680//3237 1655//3237
f 1654//3238 1655//3238 1653//3238
f 1680//3239 1656//3239 1659//3239
f 1680//3240 1659//3240 1655//3240
f 1656//3241 1657//3241 1658//3241
f 1656//3242 1658//3242 1659//3242
f 1657//3243 1678//3243 1660//3243
f 1657//3244 1660//3244 1658//3244
f 1678//3245 1661//3245 1662//3245
f 1678//3246 1662//3246 1660//3246
f 1625//3247 1627//3247 1628//3247
f 1628//3248 1624//3248 1625//3248
f 1628//3249 1631//3249 1624//3249
f 1631//3250 1623//3250 1624//3250
f 1631//3251 1663//3251 1623//3251
f 1663//3252 1622//3252 1623//3252
f 1663//3253 1633//3253 1622//3253
f 1633//3254 1664//3254 1622//3254
f 1633//3255 1635//3255 1664//3255
f 1635//3256 1665//3256 1664//3256
f 1635//3257 1639//3257 1665//3257
f 1639//3258 1619//3258 1665//3258
f 1639//3259 1638//3259 1619//3259
f 1638//3260 1672//3260 1619//3260
f 1638//3261 1640//3261 1672//3261
f 1640//3262 1670//3262 1672//3262
f 1640//3263 1666//3263 1670//3263
f 1666//3264 1662//3264 1670//3264
f 1666//3265 1644//3265 1662//3265
f 1644//3266 1660//3266 1662//3266
f 1644//3267 1643//3267 1660//3267
f 1643//3268 1658//3268 1660//3268
f 1643//3269 1667//3269 1658//3269
f 1667//3270 1659//3270 1658//3270
f 1667//3271 1646//3271 1659//3271
f 1646//3272 1655//3272 1659//3272
f 1646//3273 1648//3273 1655//3273
f 1648//3274 1653//3274 1655//3274
f 1648//3275 1668//3275 1653//3275
f 1668//3276 1652//3276 1653//3276
f 1661//3277 1669//3277 1670//3277
f 1661//3278 1670//3278 1662//3278
f 1669//3279 1671//3279 1672//3279
f 1669//3280 1672//3280 1670//3280
f 1629//3281 1626//3281 1673//3281
f 1673//3282 1630//3282 1629//3282
f 1673//3283 1674//3283 1630//3283
f 1674//3284 1632//3284 1630//3284
f 1674//3285 1675//3285 1632//3285
f 1675//3286 1634//3286 1632//3286
f 1675//3287 1621//3287 1634//3287
f 1621//3288 1676//3288 1634//3288
f 1621//3289 1620//3289 1676//3289
f 1620//3290 1636//3290 1676//3290
f 1620//3291 1618//3291 1636//3291
f 1618//3292 1637//3292 1636//3292
f 1618//3293 1617//3293 1637//3293
f 1617//3294 1641//3294 1637//3294
f 1617//3295 1671//3295 1641//3295
f 1671//3296 1642//3296 1641//3296
f 1671//3297 1669//3297 1642//3297
f 1669//3298 1677//3298 1642//3298
f 1669//3299 1661//3299 1677//3299
f 1661//3300 1645//3300 1677//3300
f 1661//3301 1678//3301 1645//3301
f 1678//3302 1679//3302 1645//3302
f 1678//3303 1657//3303 1679//3303
f 1657//3304 1647//3304 1679//3304
f 1657//3305 1656//3305 1647//3305
f 1656//3306 1649//3306 1647//3306
f 1656//3307 1680//3307 1649//3307
f 1680//3308 1650//3308 1649//3308
f 1680//3309 1654//3309 1650//3309
f 1654//3310 1651//3310 1650//3310
