# Blender 4.4.3
# www.blender.org
o Curve.003
v 0.000000 0.000000 -0.020000
v 0.002712 0.000000 -0.019817
v 0.005314 0.000000 -0.019285
v 0.007782 0.000000 -0.018427
v 0.010091 0.000000 -0.017268
v 0.012218 0.000000 -0.015830
v 0.014139 0.000000 -0.014139
v 0.015831 0.000000 -0.012218
v 0.017268 0.000000 -0.010091
v 0.018427 0.000000 -0.007782
v 0.019285 0.000000 -0.005314
v 0.019817 0.000000 -0.002712
v 0.020000 0.000000 0.000000
v 0.019817 0.000000 0.002712
v 0.019285 0.000000 0.005314
v 0.018427 0.000000 0.007782
v 0.017268 0.000000 0.010091
v 0.015831 0.000000 0.012218
v 0.014139 0.000000 0.014139
v 0.012218 0.000000 0.015831
v 0.010091 0.000000 0.017268
v 0.007782 0.000000 0.018427
v 0.005314 0.000000 0.019285
v 0.002712 0.000000 0.019817
v 0.000000 0.000000 0.020000
v -0.002712 0.000000 0.019817
v -0.005314 0.000000 0.019285
v -0.007782 0.000000 0.018427
v -0.010091 0.000000 0.017268
v -0.012218 0.000000 0.015831
v -0.014139 0.000000 0.014139
v -0.015831 0.000000 0.012218
v -0.017268 0.000000 0.010091
v -0.018427 0.000000 0.007782
v -0.019285 0.000000 0.005314
v -0.019817 0.000000 0.002712
v -0.020000 0.000000 0.000000
v -0.019817 0.000000 -0.002712
v -0.019285 0.000000 -0.005314
v -0.018427 0.000000 -0.007782
v -0.017268 0.000000 -0.010091
v -0.015831 0.000000 -0.012218
v -0.014139 0.000000 -0.014139
v -0.012218 0.000000 -0.015830
v -0.010091 0.000000 -0.017268
v -0.007782 0.000000 -0.018427
v -0.005314 0.000000 -0.019285
v -0.002712 0.000000 -0.019817
v -0.009163 0.000000 -0.011348
v -0.009116 0.000000 -0.011152
v -0.009119 0.000000 -0.010963
v -0.009166 0.000000 -0.010785
v -0.009249 0.000000 -0.010621
v -0.009362 0.000000 -0.010477
v -0.009498 0.000000 -0.010356
v -0.009649 0.000000 -0.010261
v -0.009809 0.000000 -0.010198
v -0.009972 0.000000 -0.010169
v -0.010129 0.000000 -0.010180
v -0.010275 0.000000 -0.010234
v -0.010402 0.000000 -0.010335
v -0.010428 0.000000 -0.010363
v -0.010500 0.000000 -0.010442
v -0.010608 0.000000 -0.010561
v -0.010744 0.000000 -0.010710
v -0.010899 0.000000 -0.010879
v -0.011063 0.000000 -0.011058
v -0.011226 0.000000 -0.011237
v -0.011381 0.000000 -0.011406
v -0.011517 0.000000 -0.011554
v -0.011626 0.000000 -0.011673
v -0.011697 0.000000 -0.011752
v -0.011723 0.000000 -0.011780
v -0.011816 0.000000 -0.011919
v -0.011859 0.000000 -0.012071
v -0.011858 0.000000 -0.012230
v -0.011816 0.000000 -0.012390
v -0.011739 0.000000 -0.012546
v -0.011632 0.000000 -0.012691
v -0.011498 0.000000 -0.012820
v -0.011344 0.000000 -0.012927
v -0.011173 0.000000 -0.013005
v -0.010991 0.000000 -0.013050
v -0.010802 0.000000 -0.013055
v -0.010612 0.000000 -0.013015
v -0.010601 0.000000 -0.013037
v -0.010571 0.000000 -0.013099
v -0.010526 0.000000 -0.013193
v -0.010470 0.000000 -0.013310
v -0.010406 0.000000 -0.013444
v -0.010339 0.000000 -0.013585
v -0.010271 0.000000 -0.013726
v -0.010208 0.000000 -0.013859
v -0.010151 0.000000 -0.013977
v -0.010107 0.000000 -0.014070
v -0.010077 0.000000 -0.014132
v -0.010066 0.000000 -0.014155
v -0.010317 0.000000 -0.014248
v -0.010559 0.000000 -0.014311
v -0.010793 0.000000 -0.014346
v -0.011016 0.000000 -0.014355
v -0.011231 0.000000 -0.014340
v -0.011435 0.000000 -0.014304
v -0.011628 0.000000 -0.014249
v -0.011811 0.000000 -0.014178
v -0.011982 0.000000 -0.014092
v -0.012141 0.000000 -0.013994
v -0.012289 0.000000 -0.013887
v -0.012424 0.000000 -0.013772
v -0.012624 0.000000 -0.013570
v -0.012803 0.000000 -0.013351
v -0.012957 0.000000 -0.013118
v -0.013084 0.000000 -0.012873
v -0.013181 0.000000 -0.012619
v -0.013244 0.000000 -0.012358
v -0.013273 0.000000 -0.012094
v -0.013263 0.000000 -0.011829
v -0.013212 0.000000 -0.011565
v -0.013116 0.000000 -0.011306
v -0.012975 0.000000 -0.011053
v -0.012784 0.000000 -0.010811
v -0.012758 0.000000 -0.010782
v -0.012686 0.000000 -0.010704
v -0.012577 0.000000 -0.010585
v -0.012441 0.000000 -0.010436
v -0.012287 0.000000 -0.010267
v -0.012123 0.000000 -0.010088
v -0.011959 0.000000 -0.009909
v -0.011805 0.000000 -0.009740
v -0.011669 0.000000 -0.009591
v -0.011560 0.000000 -0.009472
v -0.011488 0.000000 -0.009394
v -0.011462 0.000000 -0.009365
v -0.011236 0.000000 -0.009152
v -0.010997 0.000000 -0.008988
v -0.010747 0.000000 -0.008869
v -0.010489 0.000000 -0.008794
v -0.010227 0.000000 -0.008760
v -0.009962 0.000000 -0.008764
v -0.009699 0.000000 -0.008804
v -0.009439 0.000000 -0.008876
v -0.009186 0.000000 -0.008979
v -0.008943 0.000000 -0.009110
v -0.008713 0.000000 -0.009265
v -0.008499 0.000000 -0.009443
v -0.008370 0.000000 -0.009571
v -0.008248 0.000000 -0.009713
v -0.008136 0.000000 -0.009869
v -0.008035 0.000000 -0.010037
v -0.007947 0.000000 -0.010218
v -0.007874 0.000000 -0.010410
v -0.007817 0.000000 -0.010613
v -0.007779 0.000000 -0.010826
v -0.007761 0.000000 -0.011049
v -0.007766 0.000000 -0.011280
v -0.007795 0.000000 -0.011519
v -0.007849 0.000000 -0.011766
v -0.007875 0.000000 -0.011758
v -0.007947 0.000000 -0.011735
v -0.008055 0.000000 -0.011701
v -0.008190 0.000000 -0.011658
v -0.008344 0.000000 -0.011609
v -0.008506 0.000000 -0.011557
v -0.008669 0.000000 -0.011505
v -0.008823 0.000000 -0.011456
v -0.008958 0.000000 -0.011413
v -0.009066 0.000000 -0.011379
v -0.009138 0.000000 -0.011356
v 0.000990 0.000000 0.011545
v 0.002362 0.000000 0.011345
v 0.003677 0.000000 0.010990
v 0.004926 0.000000 0.010489
v 0.006098 0.000000 0.009852
v 0.007184 0.000000 0.009089
v 0.008173 0.000000 0.008210
v 0.009057 0.000000 0.007224
v 0.009825 0.000000 0.006142
v 0.010467 0.000000 0.004973
v 0.010973 0.000000 0.003727
v 0.011334 0.000000 0.002414
v 0.011540 0.000000 0.001045
v 0.011498 0.000000 0.001045
v 0.011382 0.000000 0.001045
v 0.011206 0.000000 0.001045
v 0.010985 0.000000 0.001045
v 0.010735 0.000000 0.001045
v 0.010469 0.000000 0.001045
v 0.010204 0.000000 0.001045
v 0.009954 0.000000 0.001045
v 0.009733 0.000000 0.001045
v 0.009557 0.000000 0.001045
v 0.009441 0.000000 0.001045
v 0.009398 0.000000 0.001045
v 0.009215 0.000000 0.002125
v 0.008913 0.000000 0.003161
v 0.008500 0.000000 0.004144
v 0.007983 0.000000 0.005067
v 0.007369 0.000000 0.005922
v 0.006666 0.000000 0.006703
v 0.005882 0.000000 0.007402
v 0.005022 0.000000 0.008011
v 0.004096 0.000000 0.008523
v 0.003111 0.000000 0.008931
v 0.002073 0.000000 0.009227
v 0.000990 0.000000 0.009404
v 0.000990 0.000000 0.009446
v 0.000990 0.000000 0.009563
v 0.000990 0.000000 0.009739
v 0.000990 0.000000 0.009959
v 0.000990 0.000000 0.010209
v 0.000990 0.000000 0.010475
v 0.000990 0.000000 0.010740
v 0.000990 0.000000 0.010990
v 0.000990 0.000000 0.011211
v 0.000990 0.000000 0.011386
v 0.000990 0.000000 0.011503
v 0.011335 0.000000 -0.012839
v 0.013160 0.000000 -0.011125
v 0.014084 0.000000 -0.012107
v 0.011199 0.000000 -0.014817
v 0.007308 0.000000 -0.010675
v 0.010193 0.000000 -0.007965
v 0.011121 0.000000 -0.008954
v 0.009296 0.000000 -0.010669
v 0.009879 0.000000 -0.011289
v 0.011558 0.000000 -0.009712
v 0.012410 0.000000 -0.010618
v 0.010730 0.000000 -0.012196
v -0.002245 0.000000 -0.012605
v -0.000500 0.000000 -0.013003
v -0.002443 0.000000 -0.014560
v -0.002294 0.000000 -0.014658
v -0.002160 0.000000 -0.014769
v -0.002041 0.000000 -0.014892
v -0.001939 0.000000 -0.015030
v -0.001853 0.000000 -0.015180
v -0.001784 0.000000 -0.015344
v -0.001733 0.000000 -0.015522
v -0.001701 0.000000 -0.015714
v -0.001688 0.000000 -0.015920
v -0.001695 0.000000 -0.016140
v -0.001721 0.000000 -0.016375
v -0.001769 0.000000 -0.016624
v -0.001865 0.000000 -0.016927
v -0.001987 0.000000 -0.017191
v -0.002133 0.000000 -0.017417
v -0.002302 0.000000 -0.017607
v -0.002492 0.000000 -0.017762
v -0.002700 0.000000 -0.017883
v -0.002926 0.000000 -0.017972
v -0.003166 0.000000 -0.018030
v -0.003420 0.000000 -0.018058
v -0.003685 0.000000 -0.018058
v -0.003960 0.000000 -0.018031
v -0.004243 0.000000 -0.017978
v -0.004286 0.000000 -0.017969
v -0.004407 0.000000 -0.017941
v -0.004589 0.000000 -0.017900
v -0.004817 0.000000 -0.017848
v -0.005076 0.000000 -0.017789
v -0.005350 0.000000 -0.017726
v -0.005624 0.000000 -0.017664
v -0.005883 0.000000 -0.017605
v -0.006112 0.000000 -0.017553
v -0.006294 0.000000 -0.017511
v -0.006414 0.000000 -0.017484
v -0.006458 0.000000 -0.017474
v -0.005195 0.000000 -0.011933
v -0.003779 0.000000 -0.012256
v -0.004180 0.000000 -0.014017
v -0.003930 0.000000 -0.014074
v -0.004454 0.000000 -0.015222
v -0.004743 0.000000 -0.016490
v -0.003922 0.000000 -0.016677
v -0.003713 0.000000 -0.016698
v -0.003532 0.000000 -0.016667
v -0.003379 0.000000 -0.016592
v -0.003257 0.000000 -0.016482
v -0.003168 0.000000 -0.016347
v -0.003114 0.000000 -0.016194
v -0.003097 0.000000 -0.016033
v -0.003118 0.000000 -0.015872
v -0.003180 0.000000 -0.015720
v -0.003286 0.000000 -0.015587
v -0.003436 0.000000 -0.015480
v -0.003633 0.000000 -0.015409
v -0.003649 0.000000 -0.015405
v -0.003694 0.000000 -0.015395
v -0.003761 0.000000 -0.015380
v -0.003846 0.000000 -0.015360
v -0.003942 0.000000 -0.015339
v -0.004044 0.000000 -0.015315
v -0.004145 0.000000 -0.015292
v -0.004241 0.000000 -0.015270
v -0.004326 0.000000 -0.015251
v -0.004394 0.000000 -0.015236
v -0.004438 0.000000 -0.015225
v 0.003737 0.000000 -0.012375
v 0.007136 0.000000 -0.010775
v 0.007741 0.000000 -0.012060
v 0.005650 0.000000 -0.013045
v 0.007465 0.000000 -0.016901
v 0.006159 0.000000 -0.017517
v -0.008350 0.000000 -0.016491
v -0.009605 0.000000 -0.015791
v -0.006839 0.000000 -0.010827
v -0.005584 0.000000 -0.011527
v 0.006482 0.000000 0.003262
v 0.006588 0.000000 0.003138
v 0.006674 0.000000 0.003003
v 0.006741 0.000000 0.002861
v 0.006789 0.000000 0.002713
v 0.006817 0.000000 0.002561
v 0.006825 0.000000 0.002407
v 0.006815 0.000000 0.002253
v 0.006784 0.000000 0.002101
v 0.006735 0.000000 0.001953
v 0.006666 0.000000 0.001812
v 0.006577 0.000000 0.001678
v 0.006469 0.000000 0.001555
v 0.006345 0.000000 0.001446
v 0.006210 0.000000 0.001357
v 0.006067 0.000000 0.001288
v 0.005918 0.000000 0.001239
v 0.005764 0.000000 0.001209
v 0.005609 0.000000 0.001199
v 0.005454 0.000000 0.001209
v 0.005300 0.000000 0.001239
v 0.005151 0.000000 0.001288
v 0.005008 0.000000 0.001357
v 0.004873 0.000000 0.001446
v 0.004749 0.000000 0.001555
v 0.004740 0.000000 0.001567
v 0.004716 0.000000 0.001600
v 0.004680 0.000000 0.001651
v 0.004635 0.000000 0.001714
v 0.004584 0.000000 0.001785
v 0.004529 0.000000 0.001861
v 0.004475 0.000000 0.001937
v 0.004424 0.000000 0.002008
v 0.004378 0.000000 0.002071
v 0.004342 0.000000 0.002122
v 0.004318 0.000000 0.002155
v 0.004310 0.000000 0.002167
v 0.004253 0.000000 0.002274
v 0.004201 0.000000 0.002360
v 0.004152 0.000000 0.002430
v 0.004105 0.000000 0.002487
v 0.004057 0.000000 0.002534
v 0.004008 0.000000 0.002576
v 0.003956 0.000000 0.002616
v 0.003901 0.000000 0.002657
v 0.003839 0.000000 0.002703
v 0.003771 0.000000 0.002758
v 0.003695 0.000000 0.002824
v 0.003608 0.000000 0.002907
v 0.003275 0.000000 0.003204
v 0.002932 0.000000 0.003444
v 0.002582 0.000000 0.003631
v 0.002227 0.000000 0.003769
v 0.001868 0.000000 0.003863
v 0.001507 0.000000 0.003918
v 0.001147 0.000000 0.003938
v 0.000789 0.000000 0.003927
v 0.000436 0.000000 0.003891
v 0.000089 0.000000 0.003834
v -0.000251 0.000000 0.003760
v -0.000579 0.000000 0.003674
v -0.000857 0.000000 0.003593
v -0.001127 0.000000 0.003508
v -0.001389 0.000000 0.003419
v -0.001642 0.000000 0.003330
v -0.001885 0.000000 0.003240
v -0.002118 0.000000 0.003153
v -0.002340 0.000000 0.003069
v -0.002551 0.000000 0.002990
v -0.002749 0.000000 0.002918
v -0.002934 0.000000 0.002853
v -0.003105 0.000000 0.002799
v -0.003261 0.000000 0.002756
v -0.003329 0.000000 0.002736
v -0.003387 0.000000 0.002715
v -0.003437 0.000000 0.002693
v -0.003480 0.000000 0.002669
v -0.003518 0.000000 0.002644
v -0.003552 0.000000 0.002619
v -0.003582 0.000000 0.002593
v -0.003611 0.000000 0.002566
v -0.003639 0.000000 0.002540
v -0.003667 0.000000 0.002514
v -0.003698 0.000000 0.002489
v -0.003732 0.000000 0.002464
v -0.003777 0.000000 0.002435
v -0.003825 0.000000 0.002405
v -0.003875 0.000000 0.002375
v -0.003927 0.000000 0.002345
v -0.003983 0.000000 0.002314
v -0.004042 0.000000 0.002284
v -0.004105 0.000000 0.002254
v -0.004171 0.000000 0.002224
v -0.004242 0.000000 0.002194
v -0.004317 0.000000 0.002165
v -0.004396 0.000000 0.002135
v -0.004481 0.000000 0.002106
v -0.004641 0.000000 0.002064
v -0.004801 0.000000 0.002045
v -0.004960 0.000000 0.002047
v -0.005116 0.000000 0.002069
v -0.005266 0.000000 0.002111
v -0.005409 0.000000 0.002172
v -0.005544 0.000000 0.002250
v -0.005668 0.000000 0.002346
v -0.005779 0.000000 0.002456
v -0.005876 0.000000 0.002582
v -0.005957 0.000000 0.002722
v -0.006019 0.000000 0.002875
v -0.006061 0.000000 0.003035
v -0.006080 0.000000 0.003196
v -0.006078 0.000000 0.003355
v -0.006056 0.000000 0.003510
v -0.006014 0.000000 0.003661
v -0.005953 0.000000 0.003804
v -0.005875 0.000000 0.003939
v -0.005780 0.000000 0.004062
v -0.005669 0.000000 0.004174
v -0.005543 0.000000 0.004271
v -0.005403 0.000000 0.004352
v -0.005250 0.000000 0.004414
v -0.005193 0.000000 0.004435
v -0.005143 0.000000 0.004456
v -0.005099 0.000000 0.004478
v -0.005060 0.000000 0.004500
v -0.005025 0.000000 0.004523
v -0.004994 0.000000 0.004545
v -0.004966 0.000000 0.004568
v -0.004940 0.000000 0.004590
v -0.004915 0.000000 0.004612
v -0.004890 0.000000 0.004633
v -0.004865 0.000000 0.004654
v -0.004839 0.000000 0.004674
v -0.004783 0.000000 0.004714
v -0.004725 0.000000 0.004753
v -0.004663 0.000000 0.004792
v -0.004598 0.000000 0.004831
v -0.004528 0.000000 0.004869
v -0.004452 0.000000 0.004907
v -0.004371 0.000000 0.004944
v -0.004283 0.000000 0.004980
v -0.004188 0.000000 0.005016
v -0.004084 0.000000 0.005050
v -0.003972 0.000000 0.005084
v -0.003851 0.000000 0.005116
v -0.003651 0.000000 0.005172
v -0.003429 0.000000 0.005246
v -0.003185 0.000000 0.005333
v -0.002921 0.000000 0.005432
v -0.002638 0.000000 0.005538
v -0.002339 0.000000 0.005649
v -0.002024 0.000000 0.005761
v -0.001694 0.000000 0.005872
v -0.001352 0.000000 0.005979
v -0.000998 0.000000 0.006078
v -0.000635 0.000000 0.006167
v -0.000263 0.000000 0.006242
v 0.000197 0.000000 0.006313
v 0.000663 0.000000 0.006358
v 0.001135 0.000000 0.006374
v 0.001609 0.000000 0.006357
v 0.002086 0.000000 0.006304
v 0.002562 0.000000 0.006212
v 0.003037 0.000000 0.006077
v 0.003509 0.000000 0.005894
v 0.003975 0.000000 0.005662
v 0.004435 0.000000 0.005376
v 0.004887 0.000000 0.005032
v 0.005329 0.000000 0.004627
v 0.005479 0.000000 0.004481
v 0.005609 0.000000 0.004360
v 0.005722 0.000000 0.004258
v 0.005822 0.000000 0.004170
v 0.005911 0.000000 0.004090
v 0.005992 0.000000 0.004012
v 0.006069 0.000000 0.003930
v 0.006143 0.000000 0.003839
v 0.006219 0.000000 0.003732
v 0.006299 0.000000 0.003604
v 0.006385 0.000000 0.003450
v 0.002554 0.000000 -0.014364
v 0.002438 0.000000 -0.014200
v 0.002293 0.000000 -0.014078
v 0.002128 0.000000 -0.013996
v 0.001950 0.000000 -0.013952
v 0.001767 0.000000 -0.013942
v 0.001587 0.000000 -0.013965
v 0.001416 0.000000 -0.014017
v 0.001263 0.000000 -0.014097
v 0.001135 0.000000 -0.014201
v 0.001040 0.000000 -0.014326
v 0.000985 0.000000 -0.014472
v 0.000977 0.000000 -0.014634
v 0.000982 0.000000 -0.014672
v 0.000994 0.000000 -0.014778
v 0.001012 0.000000 -0.014938
v 0.001035 0.000000 -0.015138
v 0.001061 0.000000 -0.015366
v 0.001089 0.000000 -0.015607
v 0.001116 0.000000 -0.015847
v 0.001142 0.000000 -0.016075
v 0.001165 0.000000 -0.016275
v 0.001184 0.000000 -0.016435
v 0.001196 0.000000 -0.016541
v 0.001200 0.000000 -0.016579
v 0.001244 0.000000 -0.016741
v 0.001330 0.000000 -0.016873
v 0.001451 0.000000 -0.016976
v 0.001599 0.000000 -0.017050
v 0.001767 0.000000 -0.017094
v 0.001947 0.000000 -0.017108
v 0.002132 0.000000 -0.017092
v 0.002314 0.000000 -0.017046
v 0.002485 0.000000 -0.016969
v 0.002639 0.000000 -0.016861
v 0.002766 0.000000 -0.016721
v 0.002861 0.000000 -0.016551
v 0.002885 0.000000 -0.016557
v 0.002951 0.000000 -0.016576
v 0.003051 0.000000 -0.016604
v 0.003177 0.000000 -0.016638
v 0.003319 0.000000 -0.016678
v 0.003470 0.000000 -0.016719
v 0.003621 0.000000 -0.016761
v 0.003764 0.000000 -0.016801
v 0.003889 0.000000 -0.016835
v 0.003989 0.000000 -0.016863
v 0.004055 0.000000 -0.016881
v 0.004079 0.000000 -0.016888
v 0.003985 0.000000 -0.017139
v 0.003874 0.000000 -0.017363
v 0.003747 0.000000 -0.017561
v 0.003606 0.000000 -0.017736
v 0.003455 0.000000 -0.017888
v 0.003294 0.000000 -0.018018
v 0.003125 0.000000 -0.018128
v 0.002952 0.000000 -0.018219
v 0.002774 0.000000 -0.018292
v 0.002596 0.000000 -0.018348
v 0.002418 0.000000 -0.018389
v 0.002243 0.000000 -0.018415
v 0.001959 0.000000 -0.018434
v 0.001677 0.000000 -0.018425
v 0.001399 0.000000 -0.018388
v 0.001131 0.000000 -0.018323
v 0.000876 0.000000 -0.018229
v 0.000638 0.000000 -0.018106
v 0.000420 0.000000 -0.017954
v 0.000226 0.000000 -0.017772
v 0.000061 0.000000 -0.017561
v -0.000072 0.000000 -0.017319
v -0.000170 0.000000 -0.017046
v -0.000227 0.000000 -0.016743
v -0.000232 0.000000 -0.016705
v -0.000244 0.000000 -0.016599
v -0.000262 0.000000 -0.016439
v -0.000285 0.000000 -0.016238
v -0.000311 0.000000 -0.016011
v -0.000339 0.000000 -0.015770
v -0.000366 0.000000 -0.015529
v -0.000392 0.000000 -0.015301
v -0.000415 0.000000 -0.015101
v -0.000434 0.000000 -0.014941
v -0.000446 0.000000 -0.014835
v -0.000450 0.000000 -0.014797
v -0.000463 0.000000 -0.014487
v -0.000430 0.000000 -0.014198
v -0.000355 0.000000 -0.013932
v -0.000242 0.000000 -0.013688
v -0.000095 0.000000 -0.013468
v 0.000081 0.000000 -0.013271
v 0.000284 0.000000 -0.013098
v 0.000509 0.000000 -0.012950
v 0.000753 0.000000 -0.012827
v 0.001010 0.000000 -0.012729
v 0.001279 0.000000 -0.012658
v 0.001554 0.000000 -0.012612
v 0.001735 0.000000 -0.012599
v 0.001922 0.000000 -0.012601
v 0.002113 0.000000 -0.012619
v 0.002306 0.000000 -0.012653
v 0.002501 0.000000 -0.012705
v 0.002694 0.000000 -0.012776
v 0.002884 0.000000 -0.012866
v 0.003070 0.000000 -0.012978
v 0.003249 0.000000 -0.013110
v 0.003421 0.000000 -0.013266
v 0.003582 0.000000 -0.013444
v 0.003733 0.000000 -0.013648
v 0.003709 0.000000 -0.013662
v 0.003645 0.000000 -0.013701
v 0.003549 0.000000 -0.013760
v 0.003427 0.000000 -0.013833
v 0.003289 0.000000 -0.013917
v 0.003144 0.000000 -0.014006
v 0.002998 0.000000 -0.014095
v 0.002860 0.000000 -0.014178
v 0.002739 0.000000 -0.014252
v 0.002642 0.000000 -0.014311
v 0.002578 0.000000 -0.014350
v -0.011540 0.000000 0.001045
v -0.011334 0.000000 0.002414
v -0.010973 0.000000 0.003727
v -0.010467 0.000000 0.004973
v -0.009825 0.000000 0.006142
v -0.009057 0.000000 0.007224
v -0.008173 0.000000 0.008210
v -0.007184 0.000000 0.009089
v -0.006098 0.000000 0.009852
v -0.004926 0.000000 0.010489
v -0.003677 0.000000 0.010990
v -0.002362 0.000000 0.011345
v -0.000990 0.000000 0.011545
v -0.000990 0.000000 0.011503
v -0.000990 0.000000 0.011386
v -0.000990 0.000000 0.011211
v -0.000990 0.000000 0.010990
v -0.000990 0.000000 0.010740
v -0.000990 0.000000 0.010475
v -0.000990 0.000000 0.010209
v -0.000990 0.000000 0.009959
v -0.000990 0.000000 0.009739
v -0.000990 0.000000 0.009563
v -0.000990 0.000000 0.009446
v -0.000990 0.000000 0.009404
v -0.002073 0.000000 0.009227
v -0.003111 0.000000 0.008931
v -0.004096 0.000000 0.008523
v -0.005022 0.000000 0.008011
v -0.005882 0.000000 0.007402
v -0.006666 0.000000 0.006703
v -0.007369 0.000000 0.005922
v -0.007983 0.000000 0.005067
v -0.008500 0.000000 0.004144
v -0.008913 0.000000 0.003161
v -0.009215 0.000000 0.002125
v -0.009398 0.000000 0.001045
v -0.009440 0.000000 0.001045
v -0.009557 0.000000 0.001045
v -0.009733 0.000000 0.001045
v -0.009954 0.000000 0.001045
v -0.010204 0.000000 0.001045
v -0.010469 0.000000 0.001045
v -0.010734 0.000000 0.001045
v -0.010985 0.000000 0.001045
v -0.011206 0.000000 0.001045
v -0.011382 0.000000 0.001045
v -0.011498 0.000000 0.001045
v 0.011550 0.000000 -0.000936
v 0.011354 0.000000 -0.002318
v 0.011001 0.000000 -0.003644
v 0.010500 0.000000 -0.004902
v 0.009861 0.000000 -0.006083
v 0.009094 0.000000 -0.007177
v 0.008210 0.000000 -0.008173
v 0.007217 0.000000 -0.009062
v 0.006127 0.000000 -0.009834
v 0.004949 0.000000 -0.010478
v 0.003694 0.000000 -0.010985
v 0.002371 0.000000 -0.011344
v 0.000990 0.000000 -0.011545
v 0.000990 0.000000 -0.011503
v 0.000990 0.000000 -0.011386
v 0.000990 0.000000 -0.011210
v 0.000990 0.000000 -0.010990
v 0.000990 0.000000 -0.010740
v 0.000990 0.000000 -0.010474
v 0.000990 0.000000 -0.010209
v 0.000990 0.000000 -0.009959
v 0.000990 0.000000 -0.009739
v 0.000990 0.000000 -0.009563
v 0.000990 0.000000 -0.009446
v 0.000990 0.000000 -0.009404
v 0.002082 0.000000 -0.009225
v 0.003127 0.000000 -0.008925
v 0.004120 0.000000 -0.008512
v 0.005052 0.000000 -0.007992
v 0.005915 0.000000 -0.007375
v 0.006703 0.000000 -0.006666
v 0.007407 0.000000 -0.005875
v 0.008020 0.000000 -0.005008
v 0.008534 0.000000 -0.004073
v 0.008943 0.000000 -0.003077
v 0.009237 0.000000 -0.002029
v 0.009410 0.000000 -0.000936
v 0.009452 0.000000 -0.000936
v 0.009568 0.000000 -0.000936
v 0.009744 0.000000 -0.000936
v 0.009964 0.000000 -0.000936
v 0.010215 0.000000 -0.000936
v 0.010480 0.000000 -0.000936
v 0.010745 0.000000 -0.000936
v 0.010995 0.000000 -0.000936
v 0.011215 0.000000 -0.000936
v 0.011391 0.000000 -0.000936
v 0.011507 0.000000 -0.000936
v -0.004459 0.000000 -0.005726
v -0.004459 0.000000 -0.001503
v -0.004448 0.000000 -0.001338
v -0.004416 0.000000 -0.001180
v -0.004364 0.000000 -0.001030
v -0.004293 0.000000 -0.000889
v -0.004206 0.000000 -0.000760
v -0.004103 0.000000 -0.000643
v -0.003986 0.000000 -0.000540
v -0.003857 0.000000 -0.000452
v -0.003716 0.000000 -0.000382
v -0.003566 0.000000 -0.000330
v -0.003408 0.000000 -0.000297
v -0.003243 0.000000 -0.000286
v -0.003078 0.000000 -0.000297
v -0.002919 0.000000 -0.000330
v -0.002769 0.000000 -0.000382
v -0.002629 0.000000 -0.000452
v -0.002500 0.000000 -0.000540
v -0.002383 0.000000 -0.000643
v -0.002280 0.000000 -0.000760
v -0.002192 0.000000 -0.000889
v -0.002122 0.000000 -0.001030
v -0.002070 0.000000 -0.001180
v -0.002037 0.000000 -0.001338
v -0.002026 0.000000 -0.001503
v -0.002026 0.000000 -0.001586
v -0.002026 0.000000 -0.001816
v -0.002026 0.000000 -0.002163
v -0.002026 0.000000 -0.002598
v -0.002026 0.000000 -0.003092
v -0.002026 0.000000 -0.003615
v -0.002026 0.000000 -0.004138
v -0.002026 0.000000 -0.004631
v -0.002026 0.000000 -0.005066
v -0.002026 0.000000 -0.005414
v -0.002026 0.000000 -0.005643
v -0.002026 0.000000 -0.005726
v -0.002037 0.000000 -0.005891
v -0.002070 0.000000 -0.006050
v -0.002122 0.000000 -0.006200
v -0.002192 0.000000 -0.006340
v -0.002280 0.000000 -0.006470
v -0.002383 0.000000 -0.006587
v -0.002500 0.000000 -0.006689
v -0.002629 0.000000 -0.006777
v -0.002769 0.000000 -0.006847
v -0.002919 0.000000 -0.006900
v -0.003078 0.000000 -0.006932
v -0.003243 0.000000 -0.006943
v -0.003408 0.000000 -0.006932
v -0.003566 0.000000 -0.006900
v -0.003716 0.000000 -0.006847
v -0.003857 0.000000 -0.006777
v -0.003986 0.000000 -0.006689
v -0.004103 0.000000 -0.006587
v -0.004206 0.000000 -0.006470
v -0.004293 0.000000 -0.006340
v -0.004364 0.000000 -0.006200
v -0.004416 0.000000 -0.006050
v -0.004448 0.000000 -0.005891
v 0.001753 0.000000 -0.005073
v 0.001795 0.000000 -0.002497
v 0.001809 0.000000 -0.002332
v 0.001844 0.000000 -0.002174
v 0.001899 0.000000 -0.002025
v 0.001971 0.000000 -0.001886
v 0.002061 0.000000 -0.001758
v 0.002166 0.000000 -0.001642
v 0.002284 0.000000 -0.001542
v 0.002415 0.000000 -0.001456
v 0.002557 0.000000 -0.001388
v 0.002708 0.000000 -0.001338
v 0.002866 0.000000 -0.001309
v 0.003032 0.000000 -0.001300
v 0.003196 0.000000 -0.001314
v 0.003354 0.000000 -0.001349
v 0.003503 0.000000 -0.001404
v 0.003643 0.000000 -0.001476
v 0.003771 0.000000 -0.001566
v 0.003886 0.000000 -0.001671
v 0.003987 0.000000 -0.001789
v 0.004072 0.000000 -0.001920
v 0.004140 0.000000 -0.002062
v 0.004190 0.000000 -0.002213
v 0.004220 0.000000 -0.002371
v 0.004228 0.000000 -0.002536
v 0.004227 0.000000 -0.002587
v 0.004225 0.000000 -0.002727
v 0.004221 0.000000 -0.002939
v 0.004217 0.000000 -0.003204
v 0.004212 0.000000 -0.003506
v 0.004207 0.000000 -0.003825
v 0.004202 0.000000 -0.004144
v 0.004197 0.000000 -0.004445
v 0.004192 0.000000 -0.004710
v 0.004189 0.000000 -0.004922
v 0.004187 0.000000 -0.005062
v 0.004186 0.000000 -0.005113
v 0.004172 0.000000 -0.005278
v 0.004137 0.000000 -0.005435
v 0.004082 0.000000 -0.005585
v 0.004010 0.000000 -0.005724
v 0.003920 0.000000 -0.005852
v 0.003815 0.000000 -0.005967
v 0.003697 0.000000 -0.006068
v 0.003566 0.000000 -0.006153
v 0.003424 0.000000 -0.006221
v 0.003273 0.000000 -0.006271
v 0.003115 0.000000 -0.006301
v 0.002949 0.000000 -0.006309
v 0.002785 0.000000 -0.006296
v 0.002627 0.000000 -0.006261
v 0.002478 0.000000 -0.006206
v 0.002338 0.000000 -0.006133
v 0.002210 0.000000 -0.006044
v 0.002095 0.000000 -0.005939
v 0.001994 0.000000 -0.005820
v 0.001909 0.000000 -0.005689
v 0.001841 0.000000 -0.005548
v 0.001791 0.000000 -0.005397
v 0.001761 0.000000 -0.005238
v -0.000990 0.000000 -0.011545
v -0.002371 0.000000 -0.011344
v -0.003694 0.000000 -0.010985
v -0.004949 0.000000 -0.010478
v -0.006127 0.000000 -0.009834
v -0.007217 0.000000 -0.009062
v -0.008210 0.000000 -0.008173
v -0.009094 0.000000 -0.007177
v -0.009861 0.000000 -0.006083
v -0.010500 0.000000 -0.004902
v -0.011001 0.000000 -0.003644
v -0.011354 0.000000 -0.002318
v -0.011549 0.000000 -0.000936
v -0.011507 0.000000 -0.000936
v -0.011391 0.000000 -0.000936
v -0.011215 0.000000 -0.000936
v -0.010995 0.000000 -0.000936
v -0.010744 0.000000 -0.000936
v -0.010479 0.000000 -0.000936
v -0.010214 0.000000 -0.000936
v -0.009964 0.000000 -0.000936
v -0.009744 0.000000 -0.000936
v -0.009568 0.000000 -0.000936
v -0.009452 0.000000 -0.000936
v -0.009410 0.000000 -0.000936
v -0.009237 0.000000 -0.002029
v -0.008942 0.000000 -0.003077
v -0.008534 0.000000 -0.004073
v -0.008020 0.000000 -0.005008
v -0.007407 0.000000 -0.005875
v -0.006703 0.000000 -0.006666
v -0.005915 0.000000 -0.007375
v -0.005052 0.000000 -0.007992
v -0.004120 0.000000 -0.008512
v -0.003127 0.000000 -0.008925
v -0.002082 0.000000 -0.009225
v -0.000990 0.000000 -0.009404
v -0.000990 0.000000 -0.009446
v -0.000990 0.000000 -0.009563
v -0.000990 0.000000 -0.009739
v -0.000990 0.000000 -0.009959
v -0.000990 0.000000 -0.010209
v -0.000990 0.000000 -0.010474
v -0.000990 0.000000 -0.010740
v -0.000990 0.000000 -0.010990
v -0.000990 0.000000 -0.011210
v -0.000990 0.000000 -0.011386
v -0.000990 0.000000 -0.011503
v 0.000000 0.000484 -0.020000
v 0.002712 0.000484 -0.019817
v 0.005314 0.000484 -0.019285
v 0.007782 0.000484 -0.018427
v 0.010091 0.000484 -0.017268
v 0.012218 0.000484 -0.015830
v 0.014139 0.000484 -0.014139
v 0.015831 0.000484 -0.012218
v 0.017268 0.000484 -0.010091
v 0.018427 0.000484 -0.007782
v 0.019285 0.000484 -0.005314
v 0.019817 0.000484 -0.002712
v 0.020000 0.000484 0.000000
v 0.019817 0.000484 0.002712
v 0.019285 0.000484 0.005314
v 0.018427 0.000484 0.007782
v 0.017268 0.000484 0.010091
v 0.015831 0.000484 0.012218
v 0.014139 0.000484 0.014139
v 0.012218 0.000484 0.015831
v 0.010091 0.000484 0.017268
v 0.007782 0.000484 0.018427
v 0.005314 0.000484 0.019285
v 0.002712 0.000484 0.019817
v 0.000000 0.000484 0.020000
v -0.002712 0.000484 0.019817
v -0.005314 0.000484 0.019285
v -0.007782 0.000484 0.018427
v -0.010091 0.000484 0.017268
v -0.012218 0.000484 0.015831
v -0.014139 0.000484 0.014139
v -0.015831 0.000484 0.012218
v -0.017268 0.000484 0.010091
v -0.018427 0.000484 0.007782
v -0.019285 0.000484 0.005314
v -0.019817 0.000484 0.002712
v -0.020000 0.000484 0.000000
v -0.019817 0.000484 -0.002712
v -0.019285 0.000484 -0.005314
v -0.018427 0.000484 -0.007782
v -0.017268 0.000484 -0.010091
v -0.015831 0.000484 -0.012218
v -0.014139 0.000484 -0.014139
v -0.012218 0.000484 -0.015830
v -0.010091 0.000484 -0.017268
v -0.007782 0.000484 -0.018427
v -0.005314 0.000484 -0.019285
v -0.002712 0.000484 -0.019817
v -0.009163 0.000484 -0.011348
v -0.009116 0.000484 -0.011152
v -0.009119 0.000484 -0.010963
v -0.009166 0.000484 -0.010785
v -0.009249 0.000484 -0.010621
v -0.009362 0.000484 -0.010477
v -0.009498 0.000484 -0.010356
v -0.009649 0.000484 -0.010261
v -0.009809 0.000484 -0.010198
v -0.009972 0.000484 -0.010169
v -0.010129 0.000484 -0.010180
v -0.010275 0.000484 -0.010234
v -0.010402 0.000484 -0.010335
v -0.010428 0.000484 -0.010363
v -0.010500 0.000484 -0.010442
v -0.010608 0.000484 -0.010561
v -0.010744 0.000484 -0.010710
v -0.010899 0.000484 -0.010879
v -0.011063 0.000484 -0.011058
v -0.011226 0.000484 -0.011237
v -0.011381 0.000484 -0.011406
v -0.011517 0.000484 -0.011554
v -0.011626 0.000484 -0.011673
v -0.011697 0.000484 -0.011752
v -0.011723 0.000484 -0.011780
v -0.011816 0.000484 -0.011919
v -0.011859 0.000484 -0.012071
v -0.011858 0.000484 -0.012230
v -0.011816 0.000484 -0.012390
v -0.011739 0.000484 -0.012546
v -0.011632 0.000484 -0.012691
v -0.011498 0.000484 -0.012820
v -0.011344 0.000484 -0.012927
v -0.011173 0.000484 -0.013005
v -0.010991 0.000484 -0.013050
v -0.010802 0.000484 -0.013055
v -0.010612 0.000484 -0.013015
v -0.010601 0.000484 -0.013037
v -0.010571 0.000484 -0.013099
v -0.010526 0.000484 -0.013193
v -0.010470 0.000484 -0.013310
v -0.010406 0.000484 -0.013444
v -0.010339 0.000484 -0.013585
v -0.010271 0.000484 -0.013726
v -0.010208 0.000484 -0.013859
v -0.010151 0.000484 -0.013977
v -0.010107 0.000484 -0.014070
v -0.010077 0.000484 -0.014132
v -0.010066 0.000484 -0.014155
v -0.010317 0.000484 -0.014248
v -0.010559 0.000484 -0.014311
v -0.010793 0.000484 -0.014346
v -0.011016 0.000484 -0.014355
v -0.011231 0.000484 -0.014340
v -0.011435 0.000484 -0.014304
v -0.011628 0.000484 -0.014249
v -0.011811 0.000484 -0.014178
v -0.011982 0.000484 -0.014092
v -0.012141 0.000484 -0.013994
v -0.012289 0.000484 -0.013887
v -0.012424 0.000484 -0.013772
v -0.012624 0.000484 -0.013570
v -0.012803 0.000484 -0.013351
v -0.012957 0.000484 -0.013118
v -0.013084 0.000484 -0.012873
v -0.013181 0.000484 -0.012619
v -0.013244 0.000484 -0.012358
v -0.013273 0.000484 -0.012094
v -0.013263 0.000484 -0.011829
v -0.013212 0.000484 -0.011565
v -0.013116 0.000484 -0.011306
v -0.012975 0.000484 -0.011053
v -0.012784 0.000484 -0.010811
v -0.012758 0.000484 -0.010782
v -0.012686 0.000484 -0.010704
v -0.012577 0.000484 -0.010585
v -0.012441 0.000484 -0.010436
v -0.012287 0.000484 -0.010267
v -0.012123 0.000484 -0.010088
v -0.011959 0.000484 -0.009909
v -0.011805 0.000484 -0.009740
v -0.011669 0.000484 -0.009591
v -0.011560 0.000484 -0.009472
v -0.011488 0.000484 -0.009394
v -0.011462 0.000484 -0.009365
v -0.011236 0.000484 -0.009152
v -0.010997 0.000484 -0.008988
v -0.010747 0.000484 -0.008869
v -0.010489 0.000484 -0.008794
v -0.010227 0.000484 -0.008760
v -0.009962 0.000484 -0.008764
v -0.009699 0.000484 -0.008804
v -0.009439 0.000484 -0.008876
v -0.009186 0.000484 -0.008979
v -0.008943 0.000484 -0.009110
v -0.008713 0.000484 -0.009265
v -0.008499 0.000484 -0.009443
v -0.008370 0.000484 -0.009571
v -0.008248 0.000484 -0.009713
v -0.008136 0.000484 -0.009869
v -0.008035 0.000484 -0.010037
v -0.007947 0.000484 -0.010218
v -0.007874 0.000484 -0.010410
v -0.007817 0.000484 -0.010613
v -0.007779 0.000484 -0.010826
v -0.007761 0.000484 -0.011049
v -0.007766 0.000484 -0.011280
v -0.007795 0.000484 -0.011519
v -0.007849 0.000484 -0.011766
v -0.007875 0.000484 -0.011758
v -0.007947 0.000484 -0.011735
v -0.008055 0.000484 -0.011701
v -0.008190 0.000484 -0.011658
v -0.008344 0.000484 -0.011609
v -0.008506 0.000484 -0.011557
v -0.008669 0.000484 -0.011505
v -0.008823 0.000484 -0.011456
v -0.008958 0.000484 -0.011413
v -0.009066 0.000484 -0.011379
v -0.009138 0.000484 -0.011356
v 0.000990 0.000484 0.011545
v 0.002362 0.000484 0.011345
v 0.003677 0.000484 0.010990
v 0.004926 0.000484 0.010489
v 0.006098 0.000484 0.009852
v 0.007184 0.000484 0.009089
v 0.008173 0.000484 0.008210
v 0.009057 0.000484 0.007224
v 0.009825 0.000484 0.006142
v 0.010467 0.000484 0.004973
v 0.010973 0.000484 0.003727
v 0.011334 0.000484 0.002414
v 0.011540 0.000484 0.001045
v 0.011498 0.000484 0.001045
v 0.011382 0.000484 0.001045
v 0.011206 0.000484 0.001045
v 0.010985 0.000484 0.001045
v 0.010735 0.000484 0.001045
v 0.010469 0.000484 0.001045
v 0.010204 0.000484 0.001045
v 0.009954 0.000484 0.001045
v 0.009733 0.000484 0.001045
v 0.009557 0.000484 0.001045
v 0.009441 0.000484 0.001045
v 0.009398 0.000484 0.001045
v 0.009215 0.000484 0.002125
v 0.008913 0.000484 0.003161
v 0.008500 0.000484 0.004144
v 0.007983 0.000484 0.005067
v 0.007369 0.000484 0.005922
v 0.006666 0.000484 0.006703
v 0.005882 0.000484 0.007402
v 0.005022 0.000484 0.008011
v 0.004096 0.000484 0.008523
v 0.003111 0.000484 0.008931
v 0.002073 0.000484 0.009227
v 0.000990 0.000484 0.009404
v 0.000990 0.000484 0.009446
v 0.000990 0.000484 0.009563
v 0.000990 0.000484 0.009739
v 0.000990 0.000484 0.009959
v 0.000990 0.000484 0.010209
v 0.000990 0.000484 0.010475
v 0.000990 0.000484 0.010740
v 0.000990 0.000484 0.010990
v 0.000990 0.000484 0.011211
v 0.000990 0.000484 0.011386
v 0.000990 0.000484 0.011503
v 0.011335 0.000484 -0.012839
v 0.013160 0.000484 -0.011125
v 0.014084 0.000484 -0.012107
v 0.011199 0.000484 -0.014817
v 0.007308 0.000484 -0.010675
v 0.010193 0.000484 -0.007965
v 0.011121 0.000484 -0.008954
v 0.009296 0.000484 -0.010669
v 0.009879 0.000484 -0.011289
v 0.011558 0.000484 -0.009712
v 0.012410 0.000484 -0.010618
v 0.010730 0.000484 -0.012196
v -0.002245 0.000484 -0.012605
v -0.000500 0.000484 -0.013003
v -0.002443 0.000484 -0.014560
v -0.002294 0.000484 -0.014658
v -0.002160 0.000484 -0.014769
v -0.002041 0.000484 -0.014892
v -0.001939 0.000484 -0.015030
v -0.001853 0.000484 -0.015180
v -0.001784 0.000484 -0.015344
v -0.001733 0.000484 -0.015522
v -0.001701 0.000484 -0.015714
v -0.001688 0.000484 -0.015920
v -0.001695 0.000484 -0.016140
v -0.001721 0.000484 -0.016375
v -0.001769 0.000484 -0.016624
v -0.001865 0.000484 -0.016927
v -0.001987 0.000484 -0.017191
v -0.002133 0.000484 -0.017417
v -0.002302 0.000484 -0.017607
v -0.002492 0.000484 -0.017762
v -0.002700 0.000484 -0.017883
v -0.002926 0.000484 -0.017972
v -0.003166 0.000484 -0.018030
v -0.003420 0.000484 -0.018058
v -0.003685 0.000484 -0.018058
v -0.003960 0.000484 -0.018031
v -0.004243 0.000484 -0.017978
v -0.004286 0.000484 -0.017969
v -0.004407 0.000484 -0.017941
v -0.004589 0.000484 -0.017900
v -0.004817 0.000484 -0.017848
v -0.005076 0.000484 -0.017789
v -0.005350 0.000484 -0.017726
v -0.005624 0.000484 -0.017664
v -0.005883 0.000484 -0.017605
v -0.006112 0.000484 -0.017553
v -0.006294 0.000484 -0.017511
v -0.006414 0.000484 -0.017484
v -0.006458 0.000484 -0.017474
v -0.005195 0.000484 -0.011933
v -0.003779 0.000484 -0.012256
v -0.004180 0.000484 -0.014017
v -0.003930 0.000484 -0.014074
v -0.004454 0.000484 -0.015222
v -0.004743 0.000484 -0.016490
v -0.003922 0.000484 -0.016677
v -0.003713 0.000484 -0.016698
v -0.003532 0.000484 -0.016667
v -0.003379 0.000484 -0.016592
v -0.003257 0.000484 -0.016482
v -0.003168 0.000484 -0.016347
v -0.003114 0.000484 -0.016194
v -0.003097 0.000484 -0.016033
v -0.003118 0.000484 -0.015872
v -0.003180 0.000484 -0.015720
v -0.003286 0.000484 -0.015587
v -0.003436 0.000484 -0.015480
v -0.003633 0.000484 -0.015409
v -0.003649 0.000484 -0.015405
v -0.003694 0.000484 -0.015395
v -0.003761 0.000484 -0.015380
v -0.003846 0.000484 -0.015360
v -0.003942 0.000484 -0.015339
v -0.004044 0.000484 -0.015315
v -0.004145 0.000484 -0.015292
v -0.004241 0.000484 -0.015270
v -0.004326 0.000484 -0.015251
v -0.004394 0.000484 -0.015236
v -0.004438 0.000484 -0.015225
v 0.003737 0.000484 -0.012375
v 0.007136 0.000484 -0.010775
v 0.007741 0.000484 -0.012060
v 0.005650 0.000484 -0.013045
v 0.007465 0.000484 -0.016901
v 0.006159 0.000484 -0.017517
v -0.008350 0.000484 -0.016491
v -0.009605 0.000484 -0.015791
v -0.006839 0.000484 -0.010827
v -0.005584 0.000484 -0.011527
v 0.006482 0.000484 0.003262
v 0.006588 0.000484 0.003138
v 0.006674 0.000484 0.003003
v 0.006741 0.000484 0.002861
v 0.006789 0.000484 0.002713
v 0.006817 0.000484 0.002561
v 0.006825 0.000484 0.002407
v 0.006815 0.000484 0.002253
v 0.006784 0.000484 0.002101
v 0.006735 0.000484 0.001953
v 0.006666 0.000484 0.001812
v 0.006577 0.000484 0.001678
v 0.006469 0.000484 0.001555
v 0.006345 0.000484 0.001446
v 0.006210 0.000484 0.001357
v 0.006067 0.000484 0.001288
v 0.005918 0.000484 0.001239
v 0.005764 0.000484 0.001209
v 0.005609 0.000484 0.001199
v 0.005454 0.000484 0.001209
v 0.005300 0.000484 0.001239
v 0.005151 0.000484 0.001288
v 0.005008 0.000484 0.001357
v 0.004873 0.000484 0.001446
v 0.004749 0.000484 0.001555
v 0.004740 0.000484 0.001567
v 0.004716 0.000484 0.001600
v 0.004680 0.000484 0.001651
v 0.004635 0.000484 0.001714
v 0.004584 0.000484 0.001785
v 0.004529 0.000484 0.001861
v 0.004475 0.000484 0.001937
v 0.004424 0.000484 0.002008
v 0.004378 0.000484 0.002071
v 0.004342 0.000484 0.002122
v 0.004318 0.000484 0.002155
v 0.004310 0.000484 0.002167
v 0.004253 0.000484 0.002274
v 0.004201 0.000484 0.002360
v 0.004152 0.000484 0.002430
v 0.004105 0.000484 0.002487
v 0.004057 0.000484 0.002534
v 0.004008 0.000484 0.002576
v 0.003956 0.000484 0.002616
v 0.003901 0.000484 0.002657
v 0.003839 0.000484 0.002703
v 0.003771 0.000484 0.002758
v 0.003695 0.000484 0.002824
v 0.003608 0.000484 0.002907
v 0.003275 0.000484 0.003204
v 0.002932 0.000484 0.003444
v 0.002582 0.000484 0.003631
v 0.002227 0.000484 0.003769
v 0.001868 0.000484 0.003863
v 0.001507 0.000484 0.003918
v 0.001147 0.000484 0.003938
v 0.000789 0.000484 0.003927
v 0.000436 0.000484 0.003891
v 0.000089 0.000484 0.003834
v -0.000251 0.000484 0.003760
v -0.000579 0.000484 0.003674
v -0.000857 0.000484 0.003593
v -0.001127 0.000484 0.003508
v -0.001389 0.000484 0.003419
v -0.001642 0.000484 0.003330
v -0.001885 0.000484 0.003240
v -0.002118 0.000484 0.003153
v -0.002340 0.000484 0.003069
v -0.002551 0.000484 0.002990
v -0.002749 0.000484 0.002918
v -0.002934 0.000484 0.002853
v -0.003105 0.000484 0.002799
v -0.003261 0.000484 0.002756
v -0.003329 0.000484 0.002736
v -0.003387 0.000484 0.002715
v -0.003437 0.000484 0.002693
v -0.003480 0.000484 0.002669
v -0.003518 0.000484 0.002644
v -0.003552 0.000484 0.002619
v -0.003582 0.000484 0.002593
v -0.003611 0.000484 0.002566
v -0.003639 0.000484 0.002540
v -0.003667 0.000484 0.002514
v -0.003698 0.000484 0.002489
v -0.003732 0.000484 0.002464
v -0.003777 0.000484 0.002435
v -0.003825 0.000484 0.002405
v -0.003875 0.000484 0.002375
v -0.003927 0.000484 0.002345
v -0.003983 0.000484 0.002314
v -0.004042 0.000484 0.002284
v -0.004105 0.000484 0.002254
v -0.004171 0.000484 0.002224
v -0.004242 0.000484 0.002194
v -0.004317 0.000484 0.002165
v -0.004396 0.000484 0.002135
v -0.004481 0.000484 0.002106
v -0.004641 0.000484 0.002064
v -0.004801 0.000484 0.002045
v -0.004960 0.000484 0.002047
v -0.005116 0.000484 0.002069
v -0.005266 0.000484 0.002111
v -0.005409 0.000484 0.002172
v -0.005544 0.000484 0.002250
v -0.005668 0.000484 0.002346
v -0.005779 0.000484 0.002456
v -0.005876 0.000484 0.002582
v -0.005957 0.000484 0.002722
v -0.006019 0.000484 0.002875
v -0.006061 0.000484 0.003035
v -0.006080 0.000484 0.003196
v -0.006078 0.000484 0.003355
v -0.006056 0.000484 0.003510
v -0.006014 0.000484 0.003661
v -0.005953 0.000484 0.003804
v -0.005875 0.000484 0.003939
v -0.005780 0.000484 0.004062
v -0.005669 0.000484 0.004174
v -0.005543 0.000484 0.004271
v -0.005403 0.000484 0.004352
v -0.005250 0.000484 0.004414
v -0.005193 0.000484 0.004435
v -0.005143 0.000484 0.004456
v -0.005099 0.000484 0.004478
v -0.005060 0.000484 0.004500
v -0.005025 0.000484 0.004523
v -0.004994 0.000484 0.004545
v -0.004966 0.000484 0.004568
v -0.004940 0.000484 0.004590
v -0.004915 0.000484 0.004612
v -0.004890 0.000484 0.004633
v -0.004865 0.000484 0.004654
v -0.004839 0.000484 0.004674
v -0.004783 0.000484 0.004714
v -0.004725 0.000484 0.004753
v -0.004663 0.000484 0.004792
v -0.004598 0.000484 0.004831
v -0.004528 0.000484 0.004869
v -0.004452 0.000484 0.004907
v -0.004371 0.000484 0.004944
v -0.004283 0.000484 0.004980
v -0.004188 0.000484 0.005016
v -0.004084 0.000484 0.005050
v -0.003972 0.000484 0.005084
v -0.003851 0.000484 0.005116
v -0.003651 0.000484 0.005172
v -0.003429 0.000484 0.005246
v -0.003185 0.000484 0.005333
v -0.002921 0.000484 0.005432
v -0.002638 0.000484 0.005538
v -0.002339 0.000484 0.005649
v -0.002024 0.000484 0.005761
v -0.001694 0.000484 0.005872
v -0.001352 0.000484 0.005979
v -0.000998 0.000484 0.006078
v -0.000635 0.000484 0.006167
v -0.000263 0.000484 0.006242
v 0.000197 0.000484 0.006313
v 0.000663 0.000484 0.006358
v 0.001135 0.000484 0.006374
v 0.001609 0.000484 0.006357
v 0.002086 0.000484 0.006304
v 0.002562 0.000484 0.006212
v 0.003037 0.000484 0.006077
v 0.003509 0.000484 0.005894
v 0.003975 0.000484 0.005662
v 0.004435 0.000484 0.005376
v 0.004887 0.000484 0.005032
v 0.005329 0.000484 0.004627
v 0.005479 0.000484 0.004481
v 0.005609 0.000484 0.004360
v 0.005722 0.000484 0.004258
v 0.005822 0.000484 0.004170
v 0.005911 0.000484 0.004090
v 0.005992 0.000484 0.004012
v 0.006069 0.000484 0.003930
v 0.006143 0.000484 0.003839
v 0.006219 0.000484 0.003732
v 0.006299 0.000484 0.003604
v 0.006385 0.000484 0.003450
v 0.002554 0.000484 -0.014364
v 0.002438 0.000484 -0.014200
v 0.002293 0.000484 -0.014078
v 0.002128 0.000484 -0.013996
v 0.001950 0.000484 -0.013952
v 0.001767 0.000484 -0.013942
v 0.001587 0.000484 -0.013965
v 0.001416 0.000484 -0.014017
v 0.001263 0.000484 -0.014097
v 0.001135 0.000484 -0.014201
v 0.001040 0.000484 -0.014326
v 0.000985 0.000484 -0.014472
v 0.000977 0.000484 -0.014634
v 0.000982 0.000484 -0.014672
v 0.000994 0.000484 -0.014778
v 0.001012 0.000484 -0.014938
v 0.001035 0.000484 -0.015138
v 0.001061 0.000484 -0.015366
v 0.001089 0.000484 -0.015607
v 0.001116 0.000484 -0.015847
v 0.001142 0.000484 -0.016075
v 0.001165 0.000484 -0.016275
v 0.001184 0.000484 -0.016435
v 0.001196 0.000484 -0.016541
v 0.001200 0.000484 -0.016579
v 0.001244 0.000484 -0.016741
v 0.001330 0.000484 -0.016873
v 0.001451 0.000484 -0.016976
v 0.001599 0.000484 -0.017050
v 0.001767 0.000484 -0.017094
v 0.001947 0.000484 -0.017108
v 0.002132 0.000484 -0.017092
v 0.002314 0.000484 -0.017046
v 0.002485 0.000484 -0.016969
v 0.002639 0.000484 -0.016861
v 0.002766 0.000484 -0.016721
v 0.002861 0.000484 -0.016551
v 0.002885 0.000484 -0.016557
v 0.002951 0.000484 -0.016576
v 0.003051 0.000484 -0.016604
v 0.003177 0.000484 -0.016638
v 0.003319 0.000484 -0.016678
v 0.003470 0.000484 -0.016719
v 0.003621 0.000484 -0.016761
v 0.003764 0.000484 -0.016801
v 0.003889 0.000484 -0.016835
v 0.003989 0.000484 -0.016863
v 0.004055 0.000484 -0.016881
v 0.004079 0.000484 -0.016888
v 0.003985 0.000484 -0.017139
v 0.003874 0.000484 -0.017363
v 0.003747 0.000484 -0.017561
v 0.003606 0.000484 -0.017736
v 0.003455 0.000484 -0.017888
v 0.003294 0.000484 -0.018018
v 0.003125 0.000484 -0.018128
v 0.002952 0.000484 -0.018219
v 0.002774 0.000484 -0.018292
v 0.002596 0.000484 -0.018348
v 0.002418 0.000484 -0.018389
v 0.002243 0.000484 -0.018415
v 0.001959 0.000484 -0.018434
v 0.001677 0.000484 -0.018425
v 0.001399 0.000484 -0.018388
v 0.001131 0.000484 -0.018323
v 0.000876 0.000484 -0.018229
v 0.000638 0.000484 -0.018106
v 0.000420 0.000484 -0.017954
v 0.000226 0.000484 -0.017772
v 0.000061 0.000484 -0.017561
v -0.000072 0.000484 -0.017319
v -0.000170 0.000484 -0.017046
v -0.000227 0.000484 -0.016743
v -0.000232 0.000484 -0.016705
v -0.000244 0.000484 -0.016599
v -0.000262 0.000484 -0.016439
v -0.000285 0.000484 -0.016238
v -0.000311 0.000484 -0.016011
v -0.000339 0.000484 -0.015770
v -0.000366 0.000484 -0.015529
v -0.000392 0.000484 -0.015301
v -0.000415 0.000484 -0.015101
v -0.000434 0.000484 -0.014941
v -0.000446 0.000484 -0.014835
v -0.000450 0.000484 -0.014797
v -0.000463 0.000484 -0.014487
v -0.000430 0.000484 -0.014198
v -0.000355 0.000484 -0.013932
v -0.000242 0.000484 -0.013688
v -0.000095 0.000484 -0.013468
v 0.000081 0.000484 -0.013271
v 0.000284 0.000484 -0.013098
v 0.000509 0.000484 -0.012950
v 0.000753 0.000484 -0.012827
v 0.001010 0.000484 -0.012729
v 0.001279 0.000484 -0.012658
v 0.001554 0.000484 -0.012612
v 0.001735 0.000484 -0.012599
v 0.001922 0.000484 -0.012601
v 0.002113 0.000484 -0.012619
v 0.002306 0.000484 -0.012653
v 0.002501 0.000484 -0.012705
v 0.002694 0.000484 -0.012776
v 0.002884 0.000484 -0.012866
v 0.003070 0.000484 -0.012978
v 0.003249 0.000484 -0.013110
v 0.003421 0.000484 -0.013266
v 0.003582 0.000484 -0.013444
v 0.003733 0.000484 -0.013648
v 0.003709 0.000484 -0.013662
v 0.003645 0.000484 -0.013701
v 0.003549 0.000484 -0.013760
v 0.003427 0.000484 -0.013833
v 0.003289 0.000484 -0.013917
v 0.003144 0.000484 -0.014006
v 0.002998 0.000484 -0.014095
v 0.002860 0.000484 -0.014178
v 0.002739 0.000484 -0.014252
v 0.002642 0.000484 -0.014311
v 0.002578 0.000484 -0.014350
v -0.011540 0.000484 0.001045
v -0.011334 0.000484 0.002414
v -0.010973 0.000484 0.003727
v -0.010467 0.000484 0.004973
v -0.009825 0.000484 0.006142
v -0.009057 0.000484 0.007224
v -0.008173 0.000484 0.008210
v -0.007184 0.000484 0.009089
v -0.006098 0.000484 0.009852
v -0.004926 0.000484 0.010489
v -0.003677 0.000484 0.010990
v -0.002362 0.000484 0.011345
v -0.000990 0.000484 0.011545
v -0.000990 0.000484 0.011503
v -0.000990 0.000484 0.011386
v -0.000990 0.000484 0.011211
v -0.000990 0.000484 0.010990
v -0.000990 0.000484 0.010740
v -0.000990 0.000484 0.010475
v -0.000990 0.000484 0.010209
v -0.000990 0.000484 0.009959
v -0.000990 0.000484 0.009739
v -0.000990 0.000484 0.009563
v -0.000990 0.000484 0.009446
v -0.000990 0.000484 0.009404
v -0.002073 0.000484 0.009227
v -0.003111 0.000484 0.008931
v -0.004096 0.000484 0.008523
v -0.005022 0.000484 0.008011
v -0.005882 0.000484 0.007402
v -0.006666 0.000484 0.006703
v -0.007369 0.000484 0.005922
v -0.007983 0.000484 0.005067
v -0.008500 0.000484 0.004144
v -0.008913 0.000484 0.003161
v -0.009215 0.000484 0.002125
v -0.009398 0.000484 0.001045
v -0.009440 0.000484 0.001045
v -0.009557 0.000484 0.001045
v -0.009733 0.000484 0.001045
v -0.009954 0.000484 0.001045
v -0.010204 0.000484 0.001045
v -0.010469 0.000484 0.001045
v -0.010734 0.000484 0.001045
v -0.010985 0.000484 0.001045
v -0.011206 0.000484 0.001045
v -0.011382 0.000484 0.001045
v -0.011498 0.000484 0.001045
v 0.011550 0.000484 -0.000936
v 0.011354 0.000484 -0.002318
v 0.011001 0.000484 -0.003644
v 0.010500 0.000484 -0.004902
v 0.009861 0.000484 -0.006083
v 0.009094 0.000484 -0.007177
v 0.008210 0.000484 -0.008173
v 0.007217 0.000484 -0.009062
v 0.006127 0.000484 -0.009834
v 0.004949 0.000484 -0.010478
v 0.003694 0.000484 -0.010985
v 0.002371 0.000484 -0.011344
v 0.000990 0.000484 -0.011545
v 0.000990 0.000484 -0.011503
v 0.000990 0.000484 -0.011386
v 0.000990 0.000484 -0.011210
v 0.000990 0.000484 -0.010990
v 0.000990 0.000484 -0.010740
v 0.000990 0.000484 -0.010474
v 0.000990 0.000484 -0.010209
v 0.000990 0.000484 -0.009959
v 0.000990 0.000484 -0.009739
v 0.000990 0.000484 -0.009563
v 0.000990 0.000484 -0.009446
v 0.000990 0.000484 -0.009404
v 0.002082 0.000484 -0.009225
v 0.003127 0.000484 -0.008925
v 0.004120 0.000484 -0.008512
v 0.005052 0.000484 -0.007992
v 0.005915 0.000484 -0.007375
v 0.006703 0.000484 -0.006666
v 0.007407 0.000484 -0.005875
v 0.008020 0.000484 -0.005008
v 0.008534 0.000484 -0.004073
v 0.008943 0.000484 -0.003077
v 0.009237 0.000484 -0.002029
v 0.009410 0.000484 -0.000936
v 0.009452 0.000484 -0.000936
v 0.009568 0.000484 -0.000936
v 0.009744 0.000484 -0.000936
v 0.009964 0.000484 -0.000936
v 0.010215 0.000484 -0.000936
v 0.010480 0.000484 -0.000936
v 0.010745 0.000484 -0.000936
v 0.010995 0.000484 -0.000936
v 0.011215 0.000484 -0.000936
v 0.011391 0.000484 -0.000936
v 0.011507 0.000484 -0.000936
v -0.004459 0.000484 -0.005726
v -0.004459 0.000484 -0.001503
v -0.004448 0.000484 -0.001338
v -0.004416 0.000484 -0.001180
v -0.004364 0.000484 -0.001030
v -0.004293 0.000484 -0.000889
v -0.004206 0.000484 -0.000760
v -0.004103 0.000484 -0.000643
v -0.003986 0.000484 -0.000540
v -0.003857 0.000484 -0.000452
v -0.003716 0.000484 -0.000382
v -0.003566 0.000484 -0.000330
v -0.003408 0.000484 -0.000297
v -0.003243 0.000484 -0.000286
v -0.003078 0.000484 -0.000297
v -0.002919 0.000484 -0.000330
v -0.002769 0.000484 -0.000382
v -0.002629 0.000484 -0.000452
v -0.002500 0.000484 -0.000540
v -0.002383 0.000484 -0.000643
v -0.002280 0.000484 -0.000760
v -0.002192 0.000484 -0.000889
v -0.002122 0.000484 -0.001030
v -0.002070 0.000484 -0.001180
v -0.002037 0.000484 -0.001338
v -0.002026 0.000484 -0.001503
v -0.002026 0.000484 -0.001586
v -0.002026 0.000484 -0.001816
v -0.002026 0.000484 -0.002163
v -0.002026 0.000484 -0.002598
v -0.002026 0.000484 -0.003092
v -0.002026 0.000484 -0.003615
v -0.002026 0.000484 -0.004138
v -0.002026 0.000484 -0.004631
v -0.002026 0.000484 -0.005066
v -0.002026 0.000484 -0.005414
v -0.002026 0.000484 -0.005643
v -0.002026 0.000484 -0.005726
v -0.002037 0.000484 -0.005891
v -0.002070 0.000484 -0.006050
v -0.002122 0.000484 -0.006200
v -0.002192 0.000484 -0.006340
v -0.002280 0.000484 -0.006470
v -0.002383 0.000484 -0.006587
v -0.002500 0.000484 -0.006689
v -0.002629 0.000484 -0.006777
v -0.002769 0.000484 -0.006847
v -0.002919 0.000484 -0.006900
v -0.003078 0.000484 -0.006932
v -0.003243 0.000484 -0.006943
v -0.003408 0.000484 -0.006932
v -0.003566 0.000484 -0.006900
v -0.003716 0.000484 -0.006847
v -0.003857 0.000484 -0.006777
v -0.003986 0.000484 -0.006689
v -0.004103 0.000484 -0.006587
v -0.004206 0.000484 -0.006470
v -0.004293 0.000484 -0.006340
v -0.004364 0.000484 -0.006200
v -0.004416 0.000484 -0.006050
v -0.004448 0.000484 -0.005891
v 0.001753 0.000484 -0.005073
v 0.001795 0.000484 -0.002497
v 0.001809 0.000484 -0.002332
v 0.001844 0.000484 -0.002174
v 0.001899 0.000484 -0.002025
v 0.001971 0.000484 -0.001886
v 0.002061 0.000484 -0.001758
v 0.002166 0.000484 -0.001642
v 0.002284 0.000484 -0.001542
v 0.002415 0.000484 -0.001456
v 0.002557 0.000484 -0.001388
v 0.002708 0.000484 -0.001338
v 0.002866 0.000484 -0.001309
v 0.003032 0.000484 -0.001300
v 0.003196 0.000484 -0.001314
v 0.003354 0.000484 -0.001349
v 0.003503 0.000484 -0.001404
v 0.003643 0.000484 -0.001476
v 0.003771 0.000484 -0.001566
v 0.003886 0.000484 -0.001671
v 0.003987 0.000484 -0.001789
v 0.004072 0.000484 -0.001920
v 0.004140 0.000484 -0.002062
v 0.004190 0.000484 -0.002213
v 0.004220 0.000484 -0.002371
v 0.004228 0.000484 -0.002536
v 0.004227 0.000484 -0.002587
v 0.004225 0.000484 -0.002727
v 0.004221 0.000484 -0.002939
v 0.004217 0.000484 -0.003204
v 0.004212 0.000484 -0.003506
v 0.004207 0.000484 -0.003825
v 0.004202 0.000484 -0.004144
v 0.004197 0.000484 -0.004445
v 0.004192 0.000484 -0.004710
v 0.004189 0.000484 -0.004922
v 0.004187 0.000484 -0.005062
v 0.004186 0.000484 -0.005113
v 0.004172 0.000484 -0.005278
v 0.004137 0.000484 -0.005435
v 0.004082 0.000484 -0.005585
v 0.004010 0.000484 -0.005724
v 0.003920 0.000484 -0.005852
v 0.003815 0.000484 -0.005967
v 0.003697 0.000484 -0.006068
v 0.003566 0.000484 -0.006153
v 0.003424 0.000484 -0.006221
v 0.003273 0.000484 -0.006271
v 0.003115 0.000484 -0.006301
v 0.002949 0.000484 -0.006309
v 0.002785 0.000484 -0.006296
v 0.002627 0.000484 -0.006261
v 0.002478 0.000484 -0.006206
v 0.002338 0.000484 -0.006133
v 0.002210 0.000484 -0.006044
v 0.002095 0.000484 -0.005939
v 0.001994 0.000484 -0.005820
v 0.001909 0.000484 -0.005689
v 0.001841 0.000484 -0.005548
v 0.001791 0.000484 -0.005397
v 0.001761 0.000484 -0.005238
v -0.000990 0.000484 -0.011545
v -0.002371 0.000484 -0.011344
v -0.003694 0.000484 -0.010985
v -0.004949 0.000484 -0.010478
v -0.006127 0.000484 -0.009834
v -0.007217 0.000484 -0.009062
v -0.008210 0.000484 -0.008173
v -0.009094 0.000484 -0.007177
v -0.009861 0.000484 -0.006083
v -0.010500 0.000484 -0.004902
v -0.011001 0.000484 -0.003644
v -0.011354 0.000484 -0.002318
v -0.011549 0.000484 -0.000936
v -0.011507 0.000484 -0.000936
v -0.011391 0.000484 -0.000936
v -0.011215 0.000484 -0.000936
v -0.010995 0.000484 -0.000936
v -0.010744 0.000484 -0.000936
v -0.010479 0.000484 -0.000936
v -0.010214 0.000484 -0.000936
v -0.009964 0.000484 -0.000936
v -0.009744 0.000484 -0.000936
v -0.009568 0.000484 -0.000936
v -0.009452 0.000484 -0.000936
v -0.009410 0.000484 -0.000936
v -0.009237 0.000484 -0.002029
v -0.008942 0.000484 -0.003077
v -0.008534 0.000484 -0.004073
v -0.008020 0.000484 -0.005008
v -0.007407 0.000484 -0.005875
v -0.006703 0.000484 -0.006666
v -0.005915 0.000484 -0.007375
v -0.005052 0.000484 -0.007992
v -0.004120 0.000484 -0.008512
v -0.003127 0.000484 -0.008925
v -0.002082 0.000484 -0.009225
v -0.000990 0.000484 -0.009404
v -0.000990 0.000484 -0.009446
v -0.000990 0.000484 -0.009563
v -0.000990 0.000484 -0.009739
v -0.000990 0.000484 -0.009959
v -0.000990 0.000484 -0.010209
v -0.000990 0.000484 -0.010474
v -0.000990 0.000484 -0.010740
v -0.000990 0.000484 -0.010990
v -0.000990 0.000484 -0.011210
v -0.000990 0.000484 -0.011386
v -0.000990 0.000484 -0.011503
vn -0.0000 -1.0000 -0.0000
vn -0.0000 1.0000 -0.0000
vn -0.0021 1.0000 -0.0000
vn 1.0000 -0.0000 -0.0000
vn -0.0257 -0.9997 -0.0000
vn 0.0129 0.9999 -0.0000
vn -0.3145 -0.0000 0.9492
vn -0.4487 -0.0000 -0.8937
vn 0.8327 -0.0000 -0.5537
vn 0.4487 -0.0000 0.8937
vn -0.8042 -0.0000 -0.5943
vn -0.4487 -0.0000 0.8937
vn 0.4356 -0.0000 0.9001
vn 0.0980 -0.0000 0.9952
vn -0.4356 -0.0000 0.9001
vn -0.9022 -0.0000 -0.4314
vn 0.5599 -0.0000 0.8286
vn -0.5599 -0.0000 0.8286
vn 0.5509 -0.0000 0.8346
vn 0.7748 -0.0000 0.6322
vn 0.4487 -0.0000 -0.8937
vn -0.5509 -0.0000 0.8346
vn 0.7442 -0.0000 -0.6679
vn 0.6608 -0.0000 0.7506
vn 0.1321 -0.0000 0.9912
vn -0.7417 -0.0000 -0.6708
vn -0.6608 -0.0000 0.7506
vn -0.1497 -0.0000 0.9887
vn 0.6578 -0.0000 0.7532
vn -0.6578 -0.0000 0.7532
vn -0.2232 -0.0000 0.9748
vn 0.8126 -0.0000 0.5828
vn 0.8345 -0.0000 0.5510
vn 0.7472 -0.0000 -0.6647
vn 0.2365 -0.0000 0.9716
vn -0.7528 -0.0000 0.6583
vn -0.7471 -0.0000 -0.6647
vn -0.3002 -0.0000 0.9539
vn 0.6484 -0.0000 -0.7613
vn 0.7506 -0.0000 0.6607
vn 0.3452 -0.0000 0.9385
vn -0.6713 -0.0000 -0.7412
vn -0.7506 -0.0000 0.6607
vn -0.3804 -0.0000 0.9248
vn -0.0508 -0.0000 0.9987
vn 0.4579 -0.0000 0.8890
vn -0.8335 -0.0000 0.5525
vn -0.4630 -0.0000 0.8864
vn 0.8882 -0.0000 0.4594
vn 0.8286 -0.0000 0.5599
vn -0.5946 -0.0000 -0.8040
vn -0.8286 -0.0000 0.5599
vn -0.5466 -0.0000 0.8374
vn 0.0003 -0.0000 1.0000
vn 0.8937 -0.0000 0.4487
vn -0.8988 -0.0000 0.4384
vn -0.8937 -0.0000 0.4487
vn 0.5499 -0.0000 -0.8353
vn 0.5724 -0.0000 0.8200
vn -0.0268 -0.0000 -0.9996
vn -0.1106 -0.0000 0.9939
vn 0.0836 -0.0000 0.9965
vn 0.0128 -0.0000 0.9999
vn 0.2079 -0.0000 -0.9782
vn -0.1843 -0.0000 0.9829
vn -0.2390 -0.0000 -0.9710
vn 0.1834 -0.0000 0.9830
vn -0.2339 -0.0000 0.9723
vn -0.9022 -0.0000 -0.4313
vn 0.2164 -0.0000 0.9763
vn -0.3128 -0.0000 0.9498
vn -0.6290 -0.0000 0.7774
vn -0.9479 -0.0000 0.3186
vn -0.4189 -0.0000 -0.9080
vn 0.3438 -0.0000 0.9390
vn 0.2221 -0.0000 0.9750
vn -0.2221 -0.0000 -0.9750
vn -0.4340 -0.0000 0.9009
vn -0.3667 -0.0000 0.9303
vn -0.1197 -0.0000 0.9928
vn -0.5134 -0.0000 -0.8581
vn 0.4633 -0.0000 0.8862
vn 0.1431 -0.0000 0.9897
vn 0.4513 -0.0000 -0.8924
vn 0.9446 -0.0000 0.3284
vn 0.6845 -0.0000 0.7290
vn -0.2517 -0.0000 0.9678
vn -0.5688 -0.0000 -0.8225
vn -0.9446 -0.0000 0.3284
vn -0.5462 -0.0000 0.8377
vn 0.2691 -0.0000 0.9631
vn 0.9346 -0.0000 0.3556
vn -0.4295 -0.0000 -0.9031
vn -0.7076 -0.0000 0.7066
vn 0.5734 -0.0000 0.8193
vn -0.9808 -0.0000 0.1952
vn -0.7288 -0.0000 -0.6847
vn -0.5026 -0.0000 0.8645
vn 0.8795 -0.0000 0.4759
vn -0.3266 -0.0000 0.9452
vn 0.6847 -0.0000 -0.7289
vn -0.8795 -0.0000 0.4759
vn 0.3540 -0.0000 -0.9353
vn -0.6484 -0.0000 0.7613
vn 0.3895 -0.0000 0.9210
vn -0.6951 -0.0000 -0.7189
vn -0.3444 -0.0000 -0.9388
vn 0.9797 -0.0000 0.2004
vn 0.7881 -0.0000 0.6155
vn -0.9797 -0.0000 0.2004
vn -0.6326 -0.0000 0.7745
vn 0.9600 -0.0000 0.2799
vn -0.9600 -0.0000 0.2798
vn 0.2577 -0.0000 -0.9662
vn -0.7797 -0.0000 0.6261
vn -0.2593 -0.0000 -0.9658
vn 0.6730 -0.0000 0.7397
vn -0.3473 -0.0000 0.9377
vn -0.7397 -0.0000 0.6729
vn -0.8036 -0.0000 -0.5951
vn 0.7613 -0.0000 0.6483
vn -0.3686 -0.0000 0.9296
vn 0.1619 -0.0000 -0.9868
vn -0.1749 -0.0000 -0.9846
vn 0.9977 -0.0000 0.0672
vn -0.9977 -0.0000 0.0672
vn -0.7472 -0.0000 0.6646
vn 0.8841 -0.0000 0.4673
vn 0.9712 -0.0000 0.2381
vn 0.5031 -0.0000 0.8642
vn -0.0915 -0.0000 -0.9958
vn 0.8165 -0.0000 -0.5773
vn -0.3901 -0.0000 0.9208
vn -0.8165 -0.0000 -0.5773
vn -0.8428 -0.0000 0.5382
vn -0.4119 -0.0000 0.9112
vn 0.0727 -0.0000 -0.9974
vn -0.8194 -0.0000 0.5733
vn 0.8759 -0.0000 0.4825
vn -0.0091 -0.0000 -1.0000
vn 0.6090 -0.0000 0.7932
vn 0.8377 -0.0000 0.5462
vn -0.9975 -0.0000 0.0700
vn -0.8951 -0.0000 0.4458
vn -0.8963 -0.0000 -0.4434
vn -0.4336 -0.0000 0.9011
vn -1.0000 -0.0000 -0.0000
vn -0.9360 -0.0000 0.3520
vn -0.9678 -0.0000 -0.2518
vn -0.8863 -0.0000 0.4632
vn 0.8567 -0.0000 0.5159
vn 0.9047 -0.0000 0.4261
vn -0.4551 -0.0000 0.8904
vn 0.4260 -0.0000 -0.9047
vn -0.4261 -0.0000 0.9047
vn 0.9009 -0.0000 0.4340
vn -0.4760 -0.0000 0.8794
vn 0.9943 -0.0000 0.1065
vn -0.4962 -0.0000 0.8682
vn -0.9391 -0.0000 0.3437
vn 0.7059 -0.0000 0.7083
vn -0.9999 -0.0000 -0.0102
vn 0.9498 -0.0000 0.3129
vn -0.9763 -0.0000 0.2163
vn 0.8179 -0.0000 0.5753
vn -0.8286 -0.0000 -0.5599
vn 0.9750 -0.0000 -0.2221
vn -0.5152 -0.0000 0.8571
vn -0.8397 -0.0000 0.5431
vn -0.5328 -0.0000 0.8462
vn 0.8286 -0.0000 -0.5599
vn -0.6846 -0.0000 0.7289
vn 0.9828 -0.0000 0.1844
vn 0.9417 -0.0000 0.3365
vn -0.9984 -0.0000 -0.0559
vn -0.9797 -0.0000 -0.2004
vn -0.5599 -0.0000 -0.8286
vn -0.7289 -0.0000 -0.6846
vn 0.9642 -0.0000 -0.2652
vn 0.9797 -0.0000 -0.2004
vn 0.5599 -0.0000 -0.8286
vn -0.9642 -0.0000 -0.2652
vn 0.9993 -0.0000 -0.0378
vn -0.9965 -0.0000 0.0834
vn -0.9079 -0.0000 0.4193
vn -0.9618 -0.0000 0.2737
vn -0.0786 -0.0000 -0.9969
vn 0.7667 -0.0000 0.6420
vn -0.9047 -0.0000 -0.4260
vn 0.9987 -0.0000 0.0510
vn -0.5487 -0.0000 0.8360
vn -0.9999 -0.0000 0.0164
vn 0.0860 -0.0000 -0.9963
vn -0.2540 -0.0000 -0.9672
vn 0.7923 -0.0000 0.6102
vn 0.9999 -0.0000 -0.0164
vn -0.5856 -0.0000 0.8106
vn -0.8313 -0.0000 0.5558
vn 0.2471 -0.0000 -0.9690
vn -0.4454 -0.0000 -0.8953
vn 0.7070 -0.0000 0.7072
vn 0.9817 -0.0000 -0.1905
vn -0.6367 -0.0000 0.7711
vn -0.7380 -0.0000 0.6748
vn 0.9824 -0.0000 0.1867
vn 0.8762 -0.0000 -0.4820
vn -0.6699 -0.0000 0.7425
vn -0.8762 -0.0000 -0.4820
vn 0.4100 -0.0000 -0.9121
vn 0.3034 -0.0000 0.9529
vn -0.6488 -0.0000 -0.7610
vn -0.9763 -0.0000 0.2166
vn 0.6498 -0.0000 0.7601
vn -0.6834 -0.0000 0.7301
vn 0.5757 -0.0000 -0.8177
vn 0.3035 -0.0000 0.9528
vn 0.9290 -0.0000 0.3700
vn -0.9537 -0.0000 0.3008
vn -0.9834 -0.0000 -0.1812
vn -0.9290 -0.0000 0.3700
vn -0.6769 -0.0000 0.7360
vn -0.2668 -0.0000 -0.9638
vn 0.6089 -0.0000 0.7933
vn 0.3034 -0.0000 0.9528
vn 0.8661 -0.0000 0.4999
vn -0.8379 -0.0000 -0.5458
vn -0.6511 -0.0000 0.7590
vn 0.5927 -0.0000 0.8054
vn -0.6075 -0.0000 0.7943
vn -0.0349 -0.0000 -0.9994
vn 0.7365 -0.0000 -0.6764
vn 0.9390 -0.0000 -0.3440
vn 0.9253 -0.0000 -0.3793
vn -0.5493 -0.0000 0.8356
vn -0.9253 -0.0000 -0.3793
vn 0.0338 -0.0000 -0.9994
vn 0.6005 -0.0000 0.7996
vn -0.4815 -0.0000 0.8764
vn 0.6650 -0.0000 0.7469
vn -0.6650 -0.0000 0.7469
vn 0.1443 -0.0000 0.9895
vn 0.9663 -0.0000 0.2574
vn -0.4097 -0.0000 0.9122
vn -0.9663 -0.0000 0.2574
vn 0.7446 -0.0000 -0.6675
vn 0.9935 -0.0000 0.1137
vn 0.6249 -0.0000 0.7807
vn -0.7446 -0.0000 -0.6675
vn -0.9650 -0.0000 -0.2622
vn -0.1443 -0.0000 0.9895
vn 0.5784 -0.0000 0.8157
vn -0.4868 -0.0000 -0.8735
vn 0.8744 -0.0000 -0.4853
vn -0.5784 -0.0000 0.8157
vn -0.9524 -0.0000 -0.3049
vn -0.9929 -0.0000 0.1191
vn -0.3390 -0.0000 0.9408
vn -0.9628 -0.0000 -0.2703
vn -0.1013 -0.0000 -0.9949
vn 0.9253 -0.0000 0.3792
vn 0.9628 -0.0000 -0.2703
vn 0.1694 -0.0000 -0.9856
vn -0.2731 -0.0000 0.9620
vn 0.4840 -0.0000 0.8751
vn -0.4840 -0.0000 0.8751
vn -0.2669 -0.0000 0.9637
vn 0.6642 -0.0000 -0.7475
vn -0.9977 -0.0000 -0.0672
vn 0.6574 -0.0000 0.7536
vn -0.6642 -0.0000 -0.7475
vn 0.4399 -0.0000 -0.8980
vn -0.3040 -0.0000 0.9527
vn 0.9977 -0.0000 -0.0672
vn 0.3824 -0.0000 0.9240
vn -0.9821 -0.0000 0.1883
vn 0.6912 -0.0000 0.7226
vn -0.3824 -0.0000 0.9240
vn -0.3282 -0.0000 0.9446
vn -0.9051 -0.0000 -0.4252
vn 0.2744 -0.0000 0.9616
vn -0.9987 -0.0000 -0.0507
vn -0.2744 -0.0000 0.9616
vn 0.9678 -0.0000 0.2517
vn 0.9965 -0.0000 -0.0837
vn 0.6687 -0.0000 -0.7435
vn 0.5750 -0.0000 -0.8182
vn -0.9829 -0.0000 -0.1843
vn -0.9935 -0.0000 -0.1137
vn 0.6660 -0.0000 0.7460
vn -0.5750 -0.0000 -0.8182
vn 0.9719 -0.0000 -0.2352
vn -0.3432 -0.0000 0.9393
vn 0.2619 -0.0000 0.9651
vn 0.9763 -0.0000 -0.2165
vn -0.3511 -0.0000 0.9363
vn 0.1614 -0.0000 0.9869
vn -0.2619 -0.0000 0.9651
vn -0.1613 -0.0000 0.9869
vn 0.9902 -0.0000 0.1397
vn -0.8416 -0.0000 -0.5401
vn -0.9902 -0.0000 0.1397
vn 0.8720 -0.0000 -0.4895
vn -0.9498 -0.0000 -0.3128
vn 0.9928 -0.0000 0.1197
vn -0.3534 -0.0000 0.9355
vn 0.6846 -0.0000 -0.7289
vn 0.4868 -0.0000 0.8735
vn -0.9998 -0.0000 0.0198
vn 0.9390 -0.0000 -0.3438
vn -0.8735 -0.0000 0.4868
vn -0.7625 -0.0000 -0.6470
vn -0.9750 -0.0000 0.2221
vn -0.3509 -0.0000 0.9364
vn -0.9009 -0.0000 -0.4340
vn -0.9877 -0.0000 -0.1561
vn 0.8360 -0.0000 -0.5488
vn 0.9218 -0.0000 0.3876
vn -0.9219 -0.0000 0.3875
vn 0.9877 -0.0000 -0.1562
vn 0.9999 -0.0000 0.0162
vn 0.9999 -0.0000 -0.0128
vn 0.8862 -0.0000 -0.4633
vn -0.9935 -0.0000 0.1136
vn -0.8376 -0.0000 -0.5462
vn 0.5735 -0.0000 0.8192
vn -0.3443 -0.0000 0.9389
vn 0.4775 -0.0000 -0.8786
vn 0.9425 -0.0000 -0.3342
vn -0.4775 -0.0000 -0.8786
vn 0.7857 -0.0000 -0.6186
vn 0.8193 -0.0000 -0.5733
vn -0.8880 -0.0000 -0.4599
vn -0.9969 -0.0000 -0.0792
vn -0.3338 -0.0000 0.9426
vn -0.7613 -0.0000 -0.6484
vn 0.9943 -0.0000 -0.1070
vn 0.9897 -0.0000 -0.1431
vn 0.7397 -0.0000 -0.6729
vn -0.9996 -0.0000 0.0296
vn -0.3198 -0.0000 0.9475
vn -0.6729 -0.0000 -0.7397
vn 0.3742 -0.0000 0.9273
vn -0.3742 -0.0000 0.9273
vn 0.4707 -0.0000 0.8823
vn -0.8717 -0.0000 -0.4900
vn 0.9912 -0.0000 0.1326
vn 0.9674 -0.0000 0.2531
vn -0.3022 -0.0000 0.9532
vn -0.5733 -0.0000 -0.8193
vn -0.9980 -0.0000 -0.0639
vn 0.9631 -0.0000 -0.2691
vn -0.9844 -0.0000 -0.1760
vn 0.5462 -0.0000 -0.8376
vn -0.2811 -0.0000 0.9597
vn 0.9248 -0.0000 0.3805
vn -0.8481 -0.0000 -0.5298
vn 0.3724 -0.0000 -0.9281
vn 0.7380 -0.0000 -0.6748
vn -0.3724 -0.0000 -0.9281
vn -0.6608 -0.0000 -0.7506
vn 0.8909 -0.0000 0.4541
vn -0.4633 -0.0000 -0.8862
vn 0.3623 -0.0000 0.9321
vn 0.9210 -0.0000 -0.3895
vn 0.4340 -0.0000 -0.9009
vn -0.2527 -0.0000 0.9675
vn -0.3438 -0.0000 -0.9390
vn 0.6608 -0.0000 -0.7506
vn 0.9264 -0.0000 -0.3767
vn 0.3129 -0.0000 -0.9498
vn 0.0685 -0.0000 0.9977
vn -0.9263 -0.0000 -0.3767
vn -0.2164 -0.0000 -0.9763
vn -0.0395 -0.0000 0.9992
vn -0.8156 -0.0000 -0.5786
vn 0.2608 -0.0000 -0.9654
vn -0.2608 -0.0000 -0.9654
vn 0.1843 -0.0000 -0.9829
vn -0.1473 -0.0000 0.9891
vn -0.2129 -0.0000 0.9771
vn -0.2513 -0.0000 0.9679
vn -0.6847 -0.0000 0.7289
vn 0.2538 -0.0000 0.9673
vn -0.3489 -0.0000 0.9372
vn -0.0836 -0.0000 -0.9965
vn 0.8642 -0.0000 -0.5031
vn 0.7876 -0.0000 0.6161
vn -0.1627 -0.0000 0.9867
vn 0.1440 -0.0000 -0.9896
vn 0.8735 -0.0000 -0.4868
vn -0.1440 -0.0000 -0.9896
vn 0.0509 -0.0000 -0.9987
vn -0.7750 -0.0000 -0.6320
vn -0.9632 -0.0000 -0.2688
vn 0.9446 -0.0000 -0.3284
vn 0.7855 -0.0000 0.6189
vn 0.1501 -0.0000 0.9887
vn -0.9446 -0.0000 -0.3284
vn -0.9861 -0.0000 -0.1659
vn -0.1016 -0.0000 0.9948
vn -0.0290 -0.0000 0.9996
vn 0.8937 -0.0000 -0.4487
vn 0.0552 -0.0000 0.9985
vn 0.4798 -0.0000 0.8774
vn -0.8937 -0.0000 -0.4487
vn -0.7313 -0.0000 -0.6820
vn -0.4798 -0.0000 0.8774
vn 0.5795 -0.0000 0.8150
vn -0.0000 -0.0000 -1.0000
vn 0.7932 -0.0000 -0.6090
vn -0.7506 -0.0000 0.6608
vn 0.6668 -0.0000 0.7452
vn -0.9616 -0.0000 -0.2744
vn -0.6936 -0.0000 -0.7204
vn 0.7506 -0.0000 0.6608
vn 0.7083 -0.0000 -0.7059
vn -0.6696 -0.0000 -0.7427
vn 0.3395 -0.0000 0.9406
vn 0.8724 -0.0000 0.4888
vn -0.8724 -0.0000 0.4888
vn -0.9343 -0.0000 -0.3565
vn -0.6618 -0.0000 -0.7497
vn 0.6102 -0.0000 -0.7922
vn 0.5288 -0.0000 0.8487
vn -0.6672 -0.0000 -0.7449
vn -0.6229 -0.0000 0.7823
vn -0.3284 -0.0000 0.9446
vn 0.4999 -0.0000 -0.8661
vn 0.3284 -0.0000 0.9446
vn 0.3792 -0.0000 -0.9253
vn -0.2004 -0.0000 0.9797
vn 0.3675 -0.0000 0.9300
vn -0.6809 -0.0000 -0.7324
vn -0.3467 -0.0000 0.9380
vn -0.5196 -0.0000 0.8544
vn 0.2004 -0.0000 0.9797
vn -0.8988 -0.0000 -0.4384
vn 0.3403 -0.0000 -0.9403
vn -0.0672 -0.0000 0.9977
vn 0.0672 -0.0000 0.9977
vn 0.3909 -0.0000 -0.9204
vn 0.4432 -0.0000 -0.8964
vn -0.0679 -0.0000 0.9977
vn 0.4953 -0.0000 -0.8687
vn 0.1720 -0.0000 0.9851
vn -0.9226 -0.0000 -0.3858
vn -0.6983 -0.0000 -0.7158
vn 0.5445 -0.0000 -0.8388
vn 0.5881 -0.0000 -0.8088
vn -0.8575 -0.0000 -0.5144
vn 0.6232 -0.0000 -0.7821
vn -0.8685 -0.0000 -0.4956
vn 0.6475 -0.0000 -0.7621
vn 0.6591 -0.0000 -0.7521
vn 0.6566 -0.0000 -0.7543
vn -0.8007 -0.0000 -0.5991
vn -0.6754 -0.0000 -0.7374
vn -0.8113 -0.0000 -0.5847
vn 0.6391 -0.0000 -0.7691
vn 0.5777 -0.0000 0.8162
vn -0.5777 -0.0000 0.8162
vn 0.6064 -0.0000 -0.7951
vn -0.7219 -0.0000 -0.6920
vn 0.5775 -0.0000 -0.8164
vn 0.7506 -0.0000 -0.6607
vn 0.5592 -0.0000 -0.8290
vn -0.7506 -0.0000 -0.6607
vn -0.4260 -0.0000 0.9047
vn 0.5363 -0.0000 -0.8440
vn -0.7603 -0.0000 -0.6495
vn 0.7289 -0.0000 0.6847
vn 0.5097 -0.0000 -0.8604
vn 0.4800 -0.0000 -0.8773
vn 0.9992 -0.0000 0.0406
vn 0.4483 -0.0000 -0.8939
vn -0.7047 -0.0000 -0.7095
vn 0.4153 -0.0000 -0.9097
vn -0.6363 -0.0000 -0.7715
vn 0.3820 -0.0000 -0.9242
vn 0.8765 -0.0000 -0.4815
vn -0.3284 -0.0000 -0.9446
vn -0.5480 -0.0000 -0.8365
vn -0.8765 -0.0000 -0.4815
vn -0.9990 -0.0000 0.0437
vn 0.3284 -0.0000 -0.9446
vn 0.3489 -0.0000 -0.9372
vn -0.2004 -0.0000 -0.9797
vn -0.6254 -0.0000 0.7803
vn 0.3166 -0.0000 -0.9486
vn -0.6382 -0.0000 -0.7699
vn -0.6055 -0.0000 -0.7958
vn 0.2004 -0.0000 -0.9797
vn 0.9935 -0.0000 -0.1138
vn -0.1618 -0.0000 -0.9868
vn -0.0672 -0.0000 -0.9977
vn -0.9352 -0.0000 0.3541
vn 0.2856 -0.0000 -0.9583
vn 0.1618 -0.0000 -0.9868
vn 0.0672 -0.0000 -0.9977
vn 0.8155 -0.0000 0.5788
vn 0.8126 -0.0000 0.5829
vn -0.8126 -0.0000 0.5829
vn 0.7379 -0.0000 -0.6749
vn 0.1736 -0.0000 0.9848
vn -0.7972 -0.0000 0.6037
vn 0.6865 -0.0000 -0.7271
vn 0.2562 -0.0000 -0.9666
vn -0.5597 -0.0000 -0.8287
vn -0.0000 -0.0000 1.0000
vn 0.2723 -0.0000 -0.9622
vn 0.2757 -0.0000 -0.9612
vn 0.2729 -0.0000 0.9620
vn 0.3136 -0.0000 -0.9496
vn -0.2757 -0.0000 -0.9612
vn 0.3373 -0.0000 -0.9414
vn 0.5663 -0.0000 -0.8242
vn 0.3647 -0.0000 0.9311
vn -0.4732 -0.0000 -0.8810
vn -0.6303 -0.0000 0.7764
vn 0.6672 -0.0000 0.7448
vn 0.6441 -0.0000 0.7649
vn 0.3490 -0.0000 -0.9371
vn -0.6672 -0.0000 0.7449
vn -0.5284 -0.0000 -0.8490
vn 0.9627 -0.0000 -0.2704
vn 0.4280 -0.0000 -0.9038
vn 0.3516 -0.0000 -0.9361
vn -0.3769 -0.0000 -0.9263
vn 0.4480 -0.0000 0.8941
vn 0.3471 -0.0000 -0.9378
vn -0.7289 -0.0000 -0.6847
vn 0.3363 -0.0000 -0.9418
vn -0.7506 -0.0000 -0.6608
vn -0.4459 -0.0000 -0.8951
vn 0.3845 -0.0000 -0.9231
vn -0.3845 -0.0000 -0.9231
vn 0.7506 -0.0000 -0.6608
vn 0.3198 -0.0000 -0.9475
vn -0.2691 -0.0000 -0.9631
vn 0.2979 -0.0000 -0.9546
vn -0.4603 -0.0000 0.8877
vn -0.3604 -0.0000 -0.9328
vn 0.2792 -0.0000 -0.9602
vn -0.1486 -0.0000 -0.9889
vn 0.7432 -0.0000 0.6691
vn -0.7432 -0.0000 0.6691
vn 0.1289 -0.0000 -0.9917
vn 0.5225 -0.0000 0.8526
vn -0.0153 -0.0000 -0.9999
vn 0.4441 -0.0000 0.8960
vn 0.2704 -0.0000 -0.9627
vn -0.2743 -0.0000 -0.9616
vn 0.4868 -0.0000 -0.8735
vn 0.6571 -0.0000 -0.7538
vn 0.2373 -0.0000 -0.9714
vn -0.2931 -0.0000 0.9561
vn 0.8156 -0.0000 -0.5786
vn 0.7478 -0.0000 0.6639
vn -0.7478 -0.0000 0.6639
vn 0.1981 -0.0000 -0.9802
vn 0.5818 -0.0000 -0.8134
vn -0.1901 -0.0000 -0.9818
vn -0.5818 -0.0000 -0.8134
vn 0.9889 -0.0000 -0.1486
vn 0.2423 -0.0000 0.9702
vn 0.1511 -0.0000 -0.9885
vn 0.5888 -0.0000 0.8083
vn -0.1098 -0.0000 -0.9939
vn -0.9860 -0.0000 0.1670
vn 0.0958 -0.0000 -0.9954
vn -0.1245 -0.0000 0.9922
vn -0.6687 -0.0000 -0.7435
vn 0.0522 -0.0000 0.9986
vn -0.0635 -0.0000 0.9980
vn 0.9077 -0.0000 -0.4197
vn -0.1900 -0.0000 0.9818
vn 0.9859 -0.0000 0.1670
vn 0.6476 -0.0000 0.7620
vn 0.8188 -0.0000 0.5741
vn -0.8188 -0.0000 0.5741
vn -0.9889 -0.0000 -0.1486
vn 0.7096 -0.0000 0.7046
vn 0.0635 -0.0000 0.9980
vn 0.1900 -0.0000 0.9818
vn 0.0317 -0.0000 0.9995
vn -0.0657 -0.0000 0.9978
vn 0.3145 -0.0000 0.9492
vt 0.053899 0.000000
vt 0.000000 0.000000
vt 0.001147 0.000000
vt 0.052752 0.000000
vt 0.002294 0.000000
vt 0.051606 0.000000
vt 0.628440 0.000000
vt 0.003440 0.000000
vt 0.629587 0.000000
vt 0.627294 0.000000
vt 0.050459 0.000000
vt 0.290138 0.000000
vt 0.288991 0.000000
vt 0.004587 0.000000
vt 0.630734 0.000000
vt 0.626147 0.000000
vt 0.625000 0.000000
vt 0.631881 0.000000
vt 0.623853 0.000000
vt 0.633027 0.000000
vt 0.622706 0.000000
vt 0.634174 0.000000
vt 0.621560 0.000000
vt 0.620413 0.000000
vt 0.287844 0.000000
vt 0.635321 0.000000
vt 0.286697 0.000000
vt 0.291284 0.000000
vt 0.285550 0.000000
vt 0.619266 0.000000
vt 0.292431 0.000000
vt 0.284404 0.000000
vt 0.293578 0.000000
vt 0.636468 0.000000
vt 0.294725 0.000000
vt 0.295872 0.000000
vt 0.618119 0.000000
vt 0.283257 0.000000
vt 0.297018 0.000000
vt 0.298165 0.000000
vt 0.637615 0.000000
vt 0.282110 0.000000
vt 0.616973 0.000000
vt 0.346330 0.000000
vt 0.299312 0.000000
vt 0.300459 0.000000
vt 0.280963 0.000000
vt 0.301605 0.000000
vt 0.615826 0.000000
vt 0.638761 0.000000
vt 0.302752 0.000000
vt 0.614679 0.000000
vt 0.613532 0.000000
vt 0.340596 0.000000
vt 0.345183 0.000000
vt 0.303899 0.000000
vt 0.305046 0.000000
vt 0.347477 0.000000
vt 0.306193 0.000000
vt 0.279817 0.000000
vt 0.639908 0.000000
vt 0.049312 0.000000
vt 0.005734 0.000000
vt 0.278670 0.000000
vt 0.591743 0.000000
vt 0.592890 0.000000
vt 0.594037 0.000000
vt 0.590596 0.000000
vt 0.595183 0.000000
vt 0.589450 0.000000
vt 0.641055 0.000000
vt 0.596330 0.000000
vt 0.588303 0.000000
vt 0.597477 0.000000
vt 0.277523 0.000000
vt 0.344037 0.000000
vt 0.612385 0.000000
vt 0.611239 0.000000
vt 0.587156 0.000000
vt 0.610092 0.000000
vt 0.598624 0.000000
vt 0.608945 0.000000
vt 0.607798 0.000000
vt 0.682339 0.000000
vt 0.606651 0.000000
vt 0.642202 0.000000
vt 0.586009 0.000000
vt 0.599771 0.000000
vt 0.605505 0.000000
vt 0.643349 0.000000
vt 0.313073 0.000000
vt 0.314220 0.000000
vt 0.315367 0.000000
vt 0.604358 0.000000
vt 0.311927 0.000000
vt 0.316514 0.000000
vt 0.603211 0.000000
vt 0.276376 0.000000
vt 0.602064 0.000000
vt 0.644495 0.000000
vt 0.317661 0.000000
vt 0.584862 0.000000
vt 0.600917 0.000000
vt 0.583716 0.000000
vt 0.348624 0.000000
vt 0.350917 0.000000
vt 0.310780 0.000000
vt 0.318807 0.000000
vt 0.645642 0.000000
vt 0.582569 0.000000
vt 0.275229 0.000000
vt 0.319954 0.000000
vt 0.581422 0.000000
vt 0.646789 0.000000
vt 0.321101 0.000000
vt 0.274083 0.000000
vt 0.580275 0.000000
vt 0.322248 0.000000
vt 0.647936 0.000000
vt 0.272936 0.000000
vt 0.323395 0.000000
vt 0.579128 0.000000
vt 0.048165 0.000000
vt 0.251147 0.000000
vt 0.006881 0.000000
vt 0.115826 0.000000
vt 0.114679 0.000000
vt 0.113532 0.000000
vt 0.112385 0.000000
vt 0.111239 0.000000
vt 0.110092 0.000000
vt 0.349771 0.000000
vt 0.649083 0.000000
vt 0.324541 0.000000
vt 0.271789 0.000000
vt 0.577982 0.000000
vt 0.325688 0.000000
vt 0.650229 0.000000
vt 0.270642 0.000000
vt 0.327982 0.000000
vt 0.326835 0.000000
vt 0.337156 0.000000
vt 0.336009 0.000000
vt 0.334862 0.000000
vt 0.329128 0.000000
vt 0.330275 0.000000
vt 0.331422 0.000000
vt 0.576835 0.000000
vt 0.558486 0.000000
vt 0.694954 0.000000
vt 0.693807 0.000000
vt 0.333716 0.000000
vt 0.332569 0.000000
vt 0.269495 0.000000
vt 0.651376 0.000000
vt 0.338303 0.000000
vt 0.339450 0.000000
vt 0.268349 0.000000
vt 0.575688 0.000000
vt 0.652523 0.000000
vt 0.267202 0.000000
vt 0.653670 0.000000
vt 0.574541 0.000000
vt 0.266055 0.000000
vt 0.654817 0.000000
vt 0.342890 0.000000
vt 0.252294 0.000000
vt 0.250000 0.000000
vt 0.655963 0.000000
vt 0.573394 0.000000
vt 0.264908 0.000000
vt 0.572248 0.000000
vt 0.263761 0.000000
vt 0.571101 0.000000
vt 0.262615 0.000000
vt 0.657110 0.000000
vt 0.569954 0.000000
vt 0.559633 0.000000
vt 0.116972 0.000000
vt 0.568807 0.000000
vt 0.692661 0.000000
vt 0.118119 0.000000
vt 0.691514 0.000000
vt 0.119266 0.000000
vt 0.567661 0.000000
vt 0.560780 0.000000
vt 0.658257 0.000000
vt 0.690367 0.000000
vt 0.120413 0.000000
vt 0.108945 0.000000
vt 0.047018 0.000000
vt 0.008028 0.000000
vt 0.107798 0.000000
vt 0.566514 0.000000
vt 0.689220 0.000000
vt 0.121560 0.000000
vt 0.561927 0.000000
vt 0.308486 0.000000
vt 0.309633 0.000000
vt 0.261468 0.000000
vt 0.106651 0.000000
vt 0.565367 0.000000
vt 0.307339 0.000000
vt 0.688073 0.000000
vt 0.563073 0.000000
vt 0.122706 0.000000
vt 0.105505 0.000000
vt 0.178899 0.000000
vt 0.564220 0.000000
vt 0.659404 0.000000
vt 0.686927 0.000000
vt 0.123853 0.000000
vt 0.104358 0.000000
vt 0.685780 0.000000
vt 0.125000 0.000000
vt 0.684633 0.000000
vt 0.103211 0.000000
vt 0.683486 0.000000
vt 0.660550 0.000000
vt 0.681193 0.000000
vt 0.102064 0.000000
vt 0.126147 0.000000
vt 0.661697 0.000000
vt 0.680046 0.000000
vt 0.100917 0.000000
vt 0.127294 0.000000
vt 0.099771 0.000000
vt 0.662844 0.000000
vt 0.678899 0.000000
vt 0.098624 0.000000
vt 0.128440 0.000000
vt 0.677752 0.000000
vt 0.097477 0.000000
vt 0.663991 0.000000
vt 0.094037 0.000000
vt 0.095183 0.000000
vt 0.096330 0.000000
vt 0.092890 0.000000
vt 0.091743 0.000000
vt 0.676606 0.000000
vt 0.665138 0.000000
vt 0.090596 0.000000
vt 0.129587 0.000000
vt 0.675459 0.000000
vt 0.260321 0.000000
vt 0.247706 0.000000
vt 0.248853 0.000000
vt 0.666284 0.000000
vt 0.089450 0.000000
vt 0.674312 0.000000
vt 0.667431 0.000000
vt 0.673165 0.000000
vt 0.088303 0.000000
vt 0.668578 0.000000
vt 0.672018 0.000000
vt 0.130734 0.000000
vt 0.670872 0.000000
vt 0.669725 0.000000
vt 0.087156 0.000000
vt 0.086009 0.000000
vt 0.341743 0.000000
vt 0.131881 0.000000
vt 0.764908 0.000000
vt 0.084862 0.000000
vt 0.045872 0.000000
vt 0.009174 0.000000
vt 0.259174 0.000000
vt 0.133028 0.000000
vt 0.083716 0.000000
vt 0.946101 0.000000
vt 0.082569 0.000000
vt 0.134174 0.000000
vt 0.081422 0.000000
vt 0.180046 0.000000
vt 0.177752 0.000000
vt 0.181193 0.000000
vt 0.080275 0.000000
vt 0.182339 0.000000
vt 0.183486 0.000000
vt 0.079128 0.000000
vt 0.184633 0.000000
vt 0.185780 0.000000
vt 0.135321 0.000000
vt 0.186927 0.000000
vt 0.077982 0.000000
vt 0.947248 0.000000
vt 1.000000 0.000000
vt 0.766055 0.000000
vt 0.763761 0.000000
vt 0.176606 0.000000
vt 0.188073 0.000000
vt 0.998853 0.000000
vt 0.767202 0.000000
vt 0.189220 0.000000
vt 0.190367 0.000000
vt 0.076835 0.000000
vt 0.997706 0.000000
vt 0.768349 0.000000
vt 0.191514 0.000000
vt 0.055046 0.000000
vt 0.056193 0.000000
vt 0.948394 0.000000
vt 0.762615 0.000000
vt 0.136468 0.000000
vt 0.255734 0.000000
vt 0.256881 0.000000
vt 0.258028 0.000000
vt 0.175459 0.000000
vt 0.075688 0.000000
vt 0.996560 0.000000
vt 0.769495 0.000000
vt 0.057339 0.000000
vt 0.074541 0.000000
vt 0.137615 0.000000
vt 0.174312 0.000000
vt 0.995413 0.000000
vt 0.770642 0.000000
vt 0.949541 0.000000
vt 0.761468 0.000000
vt 0.058486 0.000000
vt 0.073394 0.000000
vt 0.173165 0.000000
vt 0.138761 0.000000
vt 0.059633 0.000000
vt 0.139908 0.000000
vt 0.994266 0.000000
vt 0.771789 0.000000
vt 0.072248 0.000000
vt 0.141055 0.000000
vt 0.253440 0.000000
vt 0.254587 0.000000
vt 0.060780 0.000000
vt 0.172018 0.000000
vt 0.142202 0.000000
vt 0.071101 0.000000
vt 0.950688 0.000000
vt 0.760321 0.000000
vt 0.061927 0.000000
vt 0.993119 0.000000
vt 0.772936 0.000000
vt 0.069954 0.000000
vt 0.143349 0.000000
vt 0.170872 0.000000
vt 0.068807 0.000000
vt 0.063073 0.000000
vt 0.067661 0.000000
vt 0.144495 0.000000
vt 0.064220 0.000000
vt 0.066514 0.000000
vt 0.169725 0.000000
vt 0.991973 0.000000
vt 0.774083 0.000000
vt 0.065367 0.000000
vt 0.044725 0.000000
vt 0.010321 0.000000
vt 0.145642 0.000000
vt 0.168578 0.000000
vt 0.990826 0.000000
vt 0.775229 0.000000
vt 0.146789 0.000000
vt 0.167431 0.000000
vt 0.951835 0.000000
vt 0.759174 0.000000
vt 0.147936 0.000000
vt 0.989679 0.000000
vt 0.776376 0.000000
vt 0.166284 0.000000
vt 0.149083 0.000000
vt 0.165138 0.000000
vt 0.988532 0.000000
vt 0.777523 0.000000
vt 0.150229 0.000000
vt 0.987385 0.000000
vt 0.778670 0.000000
vt 0.163991 0.000000
vt 0.986239 0.000000
vt 0.779817 0.000000
vt 0.151376 0.000000
vt 0.152523 0.000000
vt 0.162844 0.000000
vt 0.780963 0.000000
vt 0.985092 0.000000
vt 0.153670 0.000000
vt 0.161697 0.000000
vt 0.952982 0.000000
vt 0.758027 0.000000
vt 0.154817 0.000000
vt 0.160550 0.000000
vt 0.782110 0.000000
vt 0.983945 0.000000
vt 0.159404 0.000000
vt 0.155963 0.000000
vt 0.158257 0.000000
vt 0.157110 0.000000
vt 0.783257 0.000000
vt 0.982798 0.000000
vt 0.954128 0.000000
vt 0.756881 0.000000
vt 0.784404 0.000000
vt 0.981651 0.000000
vt 0.043578 0.000000
vt 0.011468 0.000000
vt 0.785550 0.000000
vt 0.980505 0.000000
vt 0.863532 0.000000
vt 0.862385 0.000000
vt 0.955275 0.000000
vt 0.755734 0.000000
vt 0.861239 0.000000
vt 0.864679 0.000000
vt 0.860092 0.000000
vt 0.865826 0.000000
vt 0.858945 0.000000
vt 0.866973 0.000000
vt 0.857798 0.000000
vt 0.868119 0.000000
vt 0.856651 0.000000
vt 0.869266 0.000000
vt 0.855505 0.000000
vt 0.931193 0.000000
vt 0.786697 0.000000
vt 0.979358 0.000000
vt 0.870413 0.000000
vt 0.854358 0.000000
vt 0.932339 0.000000
vt 0.871560 0.000000
vt 0.853211 0.000000
vt 0.872706 0.000000
vt 0.852064 0.000000
vt 0.933486 0.000000
vt 0.930046 0.000000
vt 0.934633 0.000000
vt 0.928899 0.000000
vt 0.935780 0.000000
vt 0.927752 0.000000
vt 0.936927 0.000000
vt 0.873853 0.000000
vt 0.850917 0.000000
vt 0.926606 0.000000
vt 0.938073 0.000000
vt 0.956422 0.000000
vt 0.754587 0.000000
vt 0.925459 0.000000
vt 0.875000 0.000000
vt 0.849771 0.000000
vt 0.939220 0.000000
vt 0.924312 0.000000
vt 0.940367 0.000000
vt 0.806193 0.000000
vt 0.848624 0.000000
vt 0.787844 0.000000
vt 0.978211 0.000000
vt 0.923165 0.000000
vt 0.941514 0.000000
vt 0.807339 0.000000
vt 0.847477 0.000000
vt 0.922018 0.000000
vt 0.942661 0.000000
vt 0.846330 0.000000
vt 0.920872 0.000000
vt 0.943807 0.000000
vt 0.919725 0.000000
vt 0.845183 0.000000
vt 0.944954 0.000000
vt 0.042431 0.000000
vt 0.012615 0.000000
vt 0.918578 0.000000
vt 0.876147 0.000000
vt 0.917431 0.000000
vt 0.877294 0.000000
vt 0.844037 0.000000
vt 0.916284 0.000000
vt 0.788991 0.000000
vt 0.977064 0.000000
vt 0.915138 0.000000
vt 0.957569 0.000000
vt 0.753440 0.000000
vt 0.913991 0.000000
vt 0.842890 0.000000
vt 0.912844 0.000000
vt 0.911697 0.000000
vt 0.841743 0.000000
vt 0.790138 0.000000
vt 0.975917 0.000000
vt 0.910550 0.000000
vt 0.958716 0.000000
vt 0.752294 0.000000
vt 0.840596 0.000000
vt 0.909404 0.000000
vt 0.908257 0.000000
vt 0.839450 0.000000
vt 0.974771 0.000000
vt 0.791284 0.000000
vt 0.907110 0.000000
vt 0.905963 0.000000
vt 0.041284 0.000000
vt 0.013761 0.000000
vt 0.838303 0.000000
vt 0.904817 0.000000
vt 0.903670 0.000000
vt 0.878440 0.000000
vt 0.902523 0.000000
vt 0.879587 0.000000
vt 0.959862 0.000000
vt 0.751147 0.000000
vt 0.901376 0.000000
vt 0.880734 0.000000
vt 0.837156 0.000000
vt 0.900229 0.000000
vt 0.973624 0.000000
vt 0.792431 0.000000
vt 0.881881 0.000000
vt 0.899083 0.000000
vt 0.883027 0.000000
vt 0.836009 0.000000
vt 0.897936 0.000000
vt 0.884174 0.000000
vt 0.896789 0.000000
vt 0.885321 0.000000
vt 0.834862 0.000000
vt 0.895642 0.000000
vt 0.886468 0.000000
vt 0.808486 0.000000
vt 0.833716 0.000000
vt 0.894495 0.000000
vt 0.887615 0.000000
vt 0.893349 0.000000
vt 0.888761 0.000000
vt 0.892202 0.000000
vt 0.889908 0.000000
vt 0.809633 0.000000
vt 0.832569 0.000000
vt 0.891055 0.000000
vt 0.810780 0.000000
vt 0.831422 0.000000
vt 0.811927 0.000000
vt 0.830275 0.000000
vt 0.961009 0.000000
vt 0.962156 0.000000
vt 0.963303 0.000000
vt 0.964450 0.000000
vt 0.965596 0.000000
vt 0.966743 0.000000
vt 0.967890 0.000000
vt 0.969037 0.000000
vt 0.970183 0.000000
vt 0.971330 0.000000
vt 0.972477 0.000000
vt 0.793578 0.000000
vt 0.794725 0.000000
vt 0.795872 0.000000
vt 0.797018 0.000000
vt 0.798165 0.000000
vt 0.799312 0.000000
vt 0.800459 0.000000
vt 0.801606 0.000000
vt 0.802752 0.000000
vt 0.803899 0.000000
vt 0.805046 0.000000
vt 0.813073 0.000000
vt 0.829128 0.000000
vt 0.814220 0.000000
vt 0.827982 0.000000
vt 0.826835 0.000000
vt 0.815367 0.000000
vt 0.825688 0.000000
vt 0.816514 0.000000
vt 0.824541 0.000000
vt 0.817661 0.000000
vt 0.823394 0.000000
vt 0.818807 0.000000
vt 0.822248 0.000000
vt 0.819954 0.000000
vt 0.821101 0.000000
vt 0.040138 0.000000
vt 0.696101 0.000000
vt 0.750000 0.000000
vt 0.748853 0.000000
vt 0.747706 0.000000
vt 0.746560 0.000000
vt 0.745413 0.000000
vt 0.741973 0.000000
vt 0.740826 0.000000
vt 0.739679 0.000000
vt 0.738532 0.000000
vt 0.737385 0.000000
vt 0.220183 0.000000
vt 0.219037 0.000000
vt 0.217890 0.000000
vt 0.216743 0.000000
vt 0.214450 0.000000
vt 0.213303 0.000000
vt 0.212156 0.000000
vt 0.211009 0.000000
vt 0.208716 0.000000
vt 0.207569 0.000000
vt 0.206422 0.000000
vt 0.014908 0.000000
vt 0.697248 0.000000
vt 0.744266 0.000000
vt 0.743119 0.000000
vt 0.736239 0.000000
vt 0.372706 0.000000
vt 0.371560 0.000000
vt 0.370413 0.000000
vt 0.221330 0.000000
vt 0.215596 0.000000
vt 0.209862 0.000000
vt 0.205275 0.000000
vt 0.373853 0.000000
vt 0.375000 0.000000
vt 0.376147 0.000000
vt 0.369266 0.000000
vt 0.377294 0.000000
vt 0.368119 0.000000
vt 0.378440 0.000000
vt 0.366972 0.000000
vt 0.379587 0.000000
vt 0.365826 0.000000
vt 0.380734 0.000000
vt 0.364679 0.000000
vt 0.381881 0.000000
vt 0.383028 0.000000
vt 0.384174 0.000000
vt 0.363532 0.000000
vt 0.385321 0.000000
vt 0.386468 0.000000
vt 0.362385 0.000000
vt 0.465596 0.000000
vt 0.464450 0.000000
vt 0.387615 0.000000
vt 0.388761 0.000000
vt 0.361239 0.000000
vt 0.389908 0.000000
vt 0.463303 0.000000
vt 0.466743 0.000000
vt 0.462156 0.000000
vt 0.467890 0.000000
vt 0.391055 0.000000
vt 0.360092 0.000000
vt 0.461009 0.000000
vt 0.469037 0.000000
vt 0.392202 0.000000
vt 0.222477 0.000000
vt 0.735092 0.000000
vt 0.459862 0.000000
vt 0.393349 0.000000
vt 0.458716 0.000000
vt 0.394495 0.000000
vt 0.470183 0.000000
vt 0.457569 0.000000
vt 0.456422 0.000000
vt 0.471330 0.000000
vt 0.358945 0.000000
vt 0.455275 0.000000
vt 0.395642 0.000000
vt 0.454128 0.000000
vt 0.452982 0.000000
vt 0.451835 0.000000
vt 0.472477 0.000000
vt 0.396789 0.000000
vt 0.450688 0.000000
vt 0.449541 0.000000
vt 0.357798 0.000000
vt 0.698394 0.000000
vt 0.204128 0.000000
vt 0.397936 0.000000
vt 0.448395 0.000000
vt 0.473624 0.000000
vt 0.447248 0.000000
vt 0.399083 0.000000
vt 0.446101 0.000000
vt 0.444954 0.000000
vt 0.400229 0.000000
vt 0.443807 0.000000
vt 0.356651 0.000000
vt 0.442661 0.000000
vt 0.401376 0.000000
vt 0.474771 0.000000
vt 0.441514 0.000000
vt 0.402523 0.000000
vt 0.440367 0.000000
vt 0.439220 0.000000
vt 0.403670 0.000000
vt 0.438073 0.000000
vt 0.436927 0.000000
vt 0.404817 0.000000
vt 0.016055 0.000000
vt 0.038991 0.000000
vt 0.355505 0.000000
vt 0.435780 0.000000
vt 0.475917 0.000000
vt 0.434633 0.000000
vt 0.433486 0.000000
vt 0.405963 0.000000
vt 0.432339 0.000000
vt 0.407110 0.000000
vt 0.431193 0.000000
vt 0.354358 0.000000
vt 0.477064 0.000000
vt 0.408257 0.000000
vt 0.430046 0.000000
vt 0.428899 0.000000
vt 0.353211 0.000000
vt 0.478211 0.000000
vt 0.427752 0.000000
vt 0.352064 0.000000
vt 0.426605 0.000000
vt 0.223624 0.000000
vt 0.733945 0.000000
vt 0.479358 0.000000
vt 0.409404 0.000000
vt 0.425459 0.000000
vt 0.557339 0.000000
vt 0.424312 0.000000
vt 0.480505 0.000000
vt 0.423165 0.000000
vt 0.410550 0.000000
vt 0.556193 0.000000
vt 0.422018 0.000000
vt 0.481651 0.000000
vt 0.420872 0.000000
vt 0.555046 0.000000
vt 0.411697 0.000000
vt 0.482798 0.000000
vt 0.419725 0.000000
vt 0.699541 0.000000
vt 0.202982 0.000000
vt 0.553899 0.000000
vt 0.418578 0.000000
vt 0.412844 0.000000
vt 0.483945 0.000000
vt 0.417431 0.000000
vt 0.552752 0.000000
vt 0.413991 0.000000
vt 0.416284 0.000000
vt 0.415138 0.000000
vt 0.551606 0.000000
vt 0.485092 0.000000
vt 0.550459 0.000000
vt 0.486239 0.000000
vt 0.549312 0.000000
vt 0.224771 0.000000
vt 0.732798 0.000000
vt 0.548165 0.000000
vt 0.487385 0.000000
vt 0.547018 0.000000
vt 0.488532 0.000000
vt 0.489679 0.000000
vt 0.545872 0.000000
vt 0.490826 0.000000
vt 0.491972 0.000000
vt 0.493119 0.000000
vt 0.494266 0.000000
vt 0.544725 0.000000
vt 0.495413 0.000000
vt 0.496560 0.000000
vt 0.497706 0.000000
vt 0.498853 0.000000
vt 0.500000 0.000000
vt 0.501147 0.000000
vt 0.543578 0.000000
vt 0.502294 0.000000
vt 0.503440 0.000000
vt 0.504587 0.000000
vt 0.505734 0.000000
vt 0.506881 0.000000
vt 0.508027 0.000000
vt 0.509174 0.000000
vt 0.510321 0.000000
vt 0.511468 0.000000
vt 0.512615 0.000000
vt 0.700688 0.000000
vt 0.201835 0.000000
vt 0.513761 0.000000
vt 0.514908 0.000000
vt 0.542431 0.000000
vt 0.516055 0.000000
vt 0.225917 0.000000
vt 0.731651 0.000000
vt 0.517202 0.000000
vt 0.518349 0.000000
vt 0.519495 0.000000
vt 0.520642 0.000000
vt 0.017202 0.000000
vt 0.037844 0.000000
vt 0.521789 0.000000
vt 0.541284 0.000000
vt 0.522936 0.000000
vt 0.524083 0.000000
vt 0.525229 0.000000
vt 0.540138 0.000000
vt 0.526376 0.000000
vt 0.527523 0.000000
vt 0.538991 0.000000
vt 0.227064 0.000000
vt 0.730505 0.000000
vt 0.528670 0.000000
vt 0.537844 0.000000
vt 0.529817 0.000000
vt 0.701835 0.000000
vt 0.200688 0.000000
vt 0.530963 0.000000
vt 0.536697 0.000000
vt 0.532110 0.000000
vt 0.535550 0.000000
vt 0.533257 0.000000
vt 0.534404 0.000000
vt 0.228211 0.000000
vt 0.729358 0.000000
vt 0.702982 0.000000
vt 0.199541 0.000000
vt 0.229358 0.000000
vt 0.728211 0.000000
vt 0.036697 0.000000
vt 0.018349 0.000000
vt 0.230505 0.000000
vt 0.727064 0.000000
vt 0.704128 0.000000
vt 0.198394 0.000000
vt 0.231651 0.000000
vt 0.725917 0.000000
vt 0.232798 0.000000
vt 0.724771 0.000000
vt 0.705275 0.000000
vt 0.197248 0.000000
vt 0.233945 0.000000
vt 0.723624 0.000000
vt 0.722477 0.000000
vt 0.235092 0.000000
vt 0.236239 0.000000
vt 0.721330 0.000000
vt 0.237385 0.000000
vt 0.720183 0.000000
vt 0.238532 0.000000
vt 0.719037 0.000000
vt 0.706422 0.000000
vt 0.196101 0.000000
vt 0.239679 0.000000
vt 0.717890 0.000000
vt 0.035550 0.000000
vt 0.019495 0.000000
vt 0.240826 0.000000
vt 0.716743 0.000000
vt 0.241972 0.000000
vt 0.715596 0.000000
vt 0.707569 0.000000
vt 0.194954 0.000000
vt 0.243119 0.000000
vt 0.714450 0.000000
vt 0.244266 0.000000
vt 0.713303 0.000000
vt 0.708716 0.000000
vt 0.193807 0.000000
vt 0.245413 0.000000
vt 0.712156 0.000000
vt 0.709862 0.000000
vt 0.192661 0.000000
vt 0.246560 0.000000
vt 0.711009 0.000000
vt 0.034404 0.000000
vt 0.020642 0.000000
vt 0.033257 0.000000
vt 0.021789 0.000000
vt 0.032110 0.000000
vt 0.022936 0.000000
vt 0.030963 0.000000
vt 0.024083 0.000000
vt 0.029817 0.000000
vt 0.025229 0.000000
vt 0.028670 0.000000
vt 0.026376 0.000000
vt 0.027523 0.000000
s 0
f 48/1/1 1/2/1 2/3/1
f 47/4/1 48/1/1 2/3/1
f 47/4/1 2/3/1 3/5/1
f 46/6/1 47/4/1 3/5/1
f 46/6/1 3/5/1 549/7/1
f 549/7/1 3/5/1 4/8/1
f 46/6/1 549/7/1 550/9/1
f 548/10/1 549/7/1 4/8/1
f 45/11/1 46/6/1 254/12/1
f 254/12/1 46/6/1 253/13/1
f 253/13/1 46/6/1 550/9/1
f 548/10/1 4/8/1 5/14/1
f 253/13/1 550/9/1 551/15/1
f 547/16/1 548/10/1 5/14/1
f 546/17/1 547/16/1 5/14/1
f 253/13/1 551/15/1 552/18/1
f 545/19/1 546/17/1 5/14/1
f 253/13/1 552/18/1 553/20/1
f 544/21/1 545/19/1 5/14/1
f 253/13/1 553/20/1 554/22/1
f 543/23/1 544/21/1 5/14/1
f 542/24/1 543/23/1 5/14/1
f 253/13/1 554/22/1 252/25/1
f 252/25/1 554/22/1 555/26/1
f 251/27/1 252/25/1 555/26/1
f 45/11/1 254/12/1 255/28/1
f 250/29/1 251/27/1 555/26/1
f 541/30/1 542/24/1 5/14/1
f 45/11/1 255/28/1 256/31/1
f 249/32/1 250/29/1 555/26/1
f 45/11/1 256/31/1 257/33/1
f 249/32/1 555/26/1 556/34/1
f 45/11/1 257/33/1 258/35/1
f 45/11/1 258/35/1 259/36/1
f 540/37/1 541/30/1 5/14/1
f 248/38/1 249/32/1 556/34/1
f 45/11/1 259/36/1 260/39/1
f 45/11/1 260/39/1 261/40/1
f 248/38/1 556/34/1 557/41/1
f 247/42/1 248/38/1 557/41/1
f 539/43/1 540/37/1 303/44/1
f 303/44/1 540/37/1 5/14/1
f 45/11/1 261/40/1 262/45/1
f 45/11/1 262/45/1 263/46/1
f 246/47/1 247/42/1 557/41/1
f 45/11/1 263/46/1 264/48/1
f 538/49/1 539/43/1 303/44/1
f 246/47/1 557/41/1 558/50/1
f 45/11/1 264/48/1 265/51/1
f 538/49/1 303/44/1 537/52/1
f 537/52/1 303/44/1 536/53/1
f 536/53/1 303/44/1 298/54/1
f 302/55/1 303/44/1 5/14/1
f 45/11/1 265/51/1 266/56/1
f 45/11/1 266/56/1 267/57/1
f 45/11/1 267/57/1 304/58/1
f 304/58/1 267/57/1 268/59/1
f 245/60/1 246/47/1 558/50/1
f 245/60/1 558/50/1 559/61/1
f 44/62/1 45/11/1 304/58/1
f 302/55/1 5/14/1 6/63/1
f 244/64/1 245/60/1 559/61/1
f 517/65/1 518/66/1 519/67/1
f 516/68/1 517/65/1 519/67/1
f 516/68/1 519/67/1 520/69/1
f 515/70/1 516/68/1 520/69/1
f 244/64/1 559/61/1 560/71/1
f 515/70/1 520/69/1 521/72/1
f 514/73/1 515/70/1 521/72/1
f 514/73/1 521/72/1 522/74/1
f 243/75/1 244/64/1 560/71/1
f 301/76/1 302/55/1 6/63/1
f 535/77/1 536/53/1 298/54/1
f 534/78/1 535/77/1 298/54/1
f 513/79/1 514/73/1 522/74/1
f 533/80/1 534/78/1 298/54/1
f 513/79/1 522/74/1 523/81/1
f 532/82/1 533/80/1 298/54/1
f 531/83/1 532/82/1 596/84/1
f 596/84/1 532/82/1 298/54/1
f 530/85/1 531/83/1 596/84/1
f 243/75/1 560/71/1 561/86/1
f 512/87/1 513/79/1 523/81/1
f 512/87/1 523/81/1 524/88/1
f 529/89/1 530/85/1 596/84/1
f 243/75/1 561/86/1 562/90/1
f 274/91/1 275/92/1 276/93/1
f 528/94/1 529/89/1 596/84/1
f 273/95/1 274/91/1 276/93/1
f 273/95/1 276/93/1 277/96/1
f 527/97/1 528/94/1 596/84/1
f 242/98/1 243/75/1 562/90/1
f 526/99/1 527/97/1 596/84/1
f 242/98/1 562/90/1 563/100/1
f 273/95/1 277/96/1 278/101/1
f 511/102/1 512/87/1 524/88/1
f 525/103/1 526/99/1 596/84/1
f 524/88/1 525/103/1 596/84/1
f 511/102/1 524/88/1 596/84/1
f 510/104/1 511/102/1 596/84/1
f 44/62/1 304/58/1 305/105/1
f 307/106/1 304/58/1 268/59/1
f 272/107/1 273/95/1 278/101/1
f 272/107/1 278/101/1 279/108/1
f 242/98/1 563/100/1 564/109/1
f 509/110/1 510/104/1 596/84/1
f 241/111/1 242/98/1 564/109/1
f 272/107/1 279/108/1 280/112/1
f 508/113/1 509/110/1 596/84/1
f 241/111/1 564/109/1 565/114/1
f 272/107/1 280/112/1 281/115/1
f 240/116/1 241/111/1 565/114/1
f 507/117/1 508/113/1 596/84/1
f 272/107/1 281/115/1 282/118/1
f 240/116/1 565/114/1 566/119/1
f 239/120/1 240/116/1 566/119/1
f 272/107/1 282/118/1 283/121/1
f 506/122/1 507/117/1 596/84/1
f 43/123/1 44/62/1 305/105/1
f 301/76/1 6/63/1 220/124/1
f 220/124/1 6/63/1 7/125/1
f 43/123/1 305/105/1 102/126/1
f 102/126/1 305/105/1 101/127/1
f 101/127/1 305/105/1 100/128/1
f 100/128/1 305/105/1 99/129/1
f 99/129/1 305/105/1 98/130/1
f 98/130/1 305/105/1 97/131/1
f 97/131/1 305/105/1 306/132/1
f 239/120/1 566/119/1 567/133/1
f 272/107/1 283/121/1 284/134/1
f 238/135/1 239/120/1 567/133/1
f 505/136/1 506/122/1 596/84/1
f 272/107/1 284/134/1 285/137/1
f 238/135/1 567/133/1 568/138/1
f 237/139/1 238/135/1 568/138/1
f 272/107/1 285/137/1 287/140/1
f 287/140/1 285/137/1 286/141/1
f 272/107/2 287/140/2 295/142/2
f 295/142/2 287/140/2 294/143/2
f 294/143/1 287/140/1 293/144/1
f 293/144/1 287/140/1 288/145/1
f 293/144/2 288/145/2 289/146/2
f 293/144/1 289/146/1 290/147/1
f 504/148/1 505/136/1 488/149/1
f 488/149/1 505/136/1 607/150/1
f 607/150/1 505/136/1 606/151/1
f 606/151/1 505/136/1 596/84/1
f 293/144/2 290/147/2 292/152/2
f 292/152/2 290/147/2 291/153/2
f 236/154/1 237/139/1 568/138/1
f 236/154/1 568/138/1 569/155/1
f 272/107/2 295/142/2 296/156/2
f 272/107/1 296/156/1 297/157/1
f 235/158/1 236/154/1 569/155/1
f 503/159/1 504/148/1 488/149/1
f 235/158/1 569/155/1 570/160/1
f 234/161/1 235/158/1 570/160/1
f 234/161/1 570/160/1 571/162/1
f 502/163/1 503/159/1 488/149/1
f 233/164/1 234/161/1 571/162/1
f 233/164/1 571/162/1 572/165/1
f 301/76/1 220/124/1 300/166/1
f 300/166/1 220/124/1 221/167/1
f 219/168/1 220/124/1 7/125/1
f 233/164/1 572/165/1 573/169/1
f 501/170/1 502/163/1 488/149/1
f 232/171/1 233/164/1 573/169/1
f 500/172/1 501/170/1 488/149/1
f 231/173/1 232/171/1 573/169/1
f 499/174/1 500/172/1 488/149/1
f 230/175/1 231/173/1 573/169/1
f 230/175/1 573/169/1 574/176/1
f 498/177/1 499/174/1 488/149/1
f 498/177/1 488/149/1 489/178/1
f 43/123/1 102/126/1 103/179/1
f 497/180/1 498/177/1 489/178/1
f 605/181/2 606/151/2 596/84/2
f 43/123/1 103/179/1 104/182/1
f 604/183/2 605/181/2 596/84/2
f 43/123/1 104/182/1 105/184/1
f 496/185/1 497/180/1 489/178/1
f 496/185/1 489/178/1 490/186/1
f 230/175/1 574/176/1 575/187/1
f 603/188/2 604/183/2 596/84/2
f 43/123/1 105/184/1 106/189/1
f 96/190/1 97/131/1 306/132/1
f 42/191/1 43/123/1 106/189/1
f 219/168/1 7/125/1 8/192/1
f 95/193/1 96/190/1 306/132/1
f 495/194/1 496/185/1 490/186/1
f 602/195/2 603/188/2 596/84/2
f 42/191/1 106/189/1 107/196/1
f 495/194/1 490/186/1 491/197/1
f 270/198/1 271/199/1 229/200/1
f 94/201/1 95/193/1 306/132/1
f 494/202/1 495/194/1 491/197/1
f 269/203/1 270/198/1 229/200/1
f 601/204/2 602/195/2 596/84/2
f 494/202/1 491/197/1 492/205/1
f 42/191/1 107/196/1 108/206/1
f 93/207/1 94/201/1 157/208/1
f 157/208/1 94/201/1 306/132/1
f 493/209/1 494/202/1 492/205/1
f 230/175/1 575/187/1 576/210/1
f 600/211/2 601/204/2 596/84/2
f 42/191/1 108/206/1 109/212/1
f 92/213/1 93/207/1 157/208/1
f 599/214/1 600/211/1 596/84/1
f 42/191/1 109/212/1 110/215/1
f 598/216/2 599/214/2 596/84/2
f 91/217/1 92/213/1 157/208/1
f 597/218/2 598/216/2 596/84/2
f 230/175/1 576/210/1 577/219/1
f 595/220/1 596/84/1 298/54/1
f 90/221/1 91/217/1 157/208/1
f 42/191/1 110/215/1 111/222/1
f 230/175/1 577/219/1 578/223/1
f 594/224/1 595/220/1 298/54/1
f 89/225/1 90/221/1 157/208/1
f 42/191/1 111/222/1 112/226/1
f 88/227/1 89/225/1 157/208/1
f 230/175/1 578/223/1 579/228/1
f 593/229/1 594/224/1 298/54/1
f 87/230/1 88/227/1 157/208/1
f 42/191/1 112/226/1 113/231/1
f 592/232/1 593/229/1 298/54/1
f 86/233/1 87/230/1 157/208/1
f 230/175/1 579/228/1 580/234/1
f 83/235/1 84/236/1 85/237/1
f 82/238/1 83/235/1 85/237/1
f 85/237/1 86/233/1 157/208/1
f 82/238/1 85/237/1 157/208/1
f 81/239/1 82/238/1 157/208/1
f 229/200/1 230/175/1 580/234/1
f 591/240/1 592/232/1 298/54/1
f 229/200/1 580/234/1 581/241/1
f 80/242/1 81/239/1 157/208/1
f 42/191/1 113/231/1 114/243/1
f 590/244/1 591/240/1 298/54/1
f 228/245/1 217/246/1 218/247/1
f 229/200/1 581/241/1 582/248/1
f 79/249/1 80/242/1 157/208/1
f 589/250/1 590/244/1 298/54/1
f 229/200/1 582/248/1 583/251/1
f 588/252/1 589/250/1 298/54/1
f 78/253/1 79/249/1 157/208/1
f 229/200/1 583/251/1 584/254/1
f 587/255/1 588/252/1 298/54/1
f 42/191/1 114/243/1 115/256/1
f 586/257/1 587/255/1 298/54/1
f 229/200/1 584/254/1 585/258/1
f 269/203/1 229/200/1 585/258/1
f 585/258/1 586/257/1 298/54/1
f 269/203/1 585/258/1 298/54/1
f 77/259/1 78/253/1 157/208/1
f 76/260/1 77/259/1 157/208/1
f 269/203/1 298/54/1 299/261/1
f 42/191/1 115/256/1 116/262/1
f 268/59/1 269/203/1 668/263/1
f 668/263/1 269/203/1 299/261/1
f 75/264/1 76/260/1 157/208/1
f 41/265/1 42/191/1 116/262/1
f 219/168/1 8/192/1 9/266/1
f 227/267/1 228/245/1 218/247/1
f 218/247/1 219/168/1 9/266/1
f 41/265/1 116/262/1 117/268/1
f 74/269/1 75/264/1 157/208/1
f 299/261/1 300/166/1 221/167/1
f 307/106/1 268/59/1 826/270/1
f 826/270/1 268/59/1 668/263/1
f 73/271/1 74/269/1 157/208/1
f 41/265/1 117/268/1 118/272/1
f 72/273/1 73/271/1 157/208/1
f 72/273/1 157/208/1 158/274/1
f 156/275/1 157/208/1 306/132/1
f 72/273/1 158/274/1 159/276/1
f 71/277/1 72/273/1 159/276/1
f 71/277/1 159/276/1 160/278/1
f 71/277/1 160/278/1 161/279/1
f 70/280/1 71/277/1 161/279/1
f 70/280/1 161/279/1 162/281/1
f 70/280/1 162/281/1 163/282/1
f 41/265/1 118/272/1 119/283/1
f 70/280/1 163/282/1 164/284/1
f 69/285/1 70/280/1 164/284/1
f 307/106/1 826/270/1 827/286/1
f 873/287/1 826/270/1 668/263/1
f 873/287/1 668/263/1 669/288/1
f 667/289/1 668/263/1 299/261/1
f 306/132/1 307/106/1 827/286/1
f 155/290/1 156/275/1 306/132/1
f 69/285/1 164/284/1 165/291/1
f 872/292/1 873/287/1 669/288/1
f 872/292/1 669/288/1 670/293/1
f 69/285/1 165/291/1 166/294/1
f 69/285/1 166/294/1 167/295/1
f 68/296/1 69/285/1 167/295/1
f 871/297/1 872/292/1 670/293/1
f 871/297/1 670/293/1 671/298/1
f 68/296/1 167/295/1 168/299/1
f 68/296/1 168/299/1 49/300/1
f 68/296/1 49/300/1 50/301/1
f 306/132/1 827/286/1 828/302/1
f 666/303/1 667/289/1 299/261/1
f 41/265/1 119/283/1 120/304/1
f 224/305/1 225/306/1 226/307/1
f 154/308/1 155/290/1 306/132/1
f 67/309/1 68/296/1 50/301/1
f 870/310/1 871/297/1 671/298/1
f 870/310/1 671/298/1 672/311/1
f 67/309/1 50/301/1 51/312/1
f 227/267/1 218/247/1 9/266/1
f 66/313/1 67/309/1 51/312/1
f 41/265/1 120/304/1 121/314/1
f 153/315/1 154/308/1 306/132/1
f 869/316/1 870/310/1 672/311/1
f 869/316/1 672/311/1 673/317/1
f 306/132/1 828/302/1 829/318/1
f 665/319/1 666/303/1 299/261/1
f 66/313/1 51/312/1 52/320/1
f 65/321/1 66/313/1 52/320/1
f 153/315/1 306/132/1 829/318/1
f 152/322/1 153/315/1 829/318/1
f 41/265/1 121/314/1 122/323/1
f 65/321/1 52/320/1 53/324/1
f 41/265/1 122/323/1 123/325/1
f 665/319/1 299/261/1 221/167/1
f 868/326/1 869/316/1 673/317/1
f 868/326/1 673/317/1 674/327/1
f 64/328/1 65/321/1 53/324/1
f 41/265/1 123/325/1 124/329/1
f 665/319/1 221/167/1 222/330/1
f 223/331/1 224/305/1 226/307/1
f 64/328/1 53/324/1 54/332/1
f 226/307/1 227/267/1 9/266/1
f 151/333/1 152/322/1 829/318/1
f 41/265/1 124/329/1 125/334/1
f 63/335/1 64/328/1 54/332/1
f 151/333/1 829/318/1 830/336/1
f 664/337/1 665/319/1 222/330/1
f 63/335/1 54/332/1 55/338/1
f 867/339/1 868/326/1 674/327/1
f 867/339/1 674/327/1 675/340/1
f 62/341/1 63/335/1 55/338/1
f 41/265/1 125/334/1 126/342/1
f 150/343/1 151/333/1 830/336/1
f 61/344/1 62/341/1 55/338/1
f 61/344/1 55/338/1 56/345/1
f 60/346/1 61/344/1 56/345/1
f 41/265/1 126/342/1 127/347/1
f 60/346/1 56/345/1 57/348/1
f 59/349/1 60/346/1 57/348/1
f 149/350/1 150/343/1 830/336/1
f 866/351/1 867/339/1 675/340/1
f 866/351/1 675/340/1 676/352/1
f 59/349/1 57/348/1 58/353/1
f 40/354/1 41/265/1 127/347/1
f 226/307/1 9/266/1 10/355/1
f 40/354/1 127/347/1 128/356/1
f 148/357/1 149/350/1 830/336/1
f 865/358/1 866/351/1 676/352/1
f 865/358/1 676/352/1 677/359/1
f 40/354/1 128/356/1 129/360/1
f 147/361/1 148/357/1 830/336/1
f 147/361/1 830/336/1 831/362/1
f 663/363/1 664/337/1 222/330/1
f 40/354/1 129/360/1 130/364/1
f 864/365/1 865/358/1 677/359/1
f 864/365/1 677/359/1 678/366/1
f 146/367/1 147/361/1 831/362/1
f 223/331/1 226/307/1 10/355/1
f 40/354/1 130/364/1 131/368/1
f 145/369/1 146/367/1 831/362/1
f 863/370/1 864/365/1 678/366/1
f 863/370/1 678/366/1 679/371/1
f 40/354/1 131/368/1 132/372/1
f 862/373/1 863/370/1 679/371/1
f 862/373/1 679/371/1 680/374/1
f 144/375/1 145/369/1 831/362/1
f 861/376/1 862/373/1 680/374/1
f 861/376/1 680/374/1 681/377/1
f 40/354/1 132/372/1 133/378/1
f 40/354/1 133/378/1 134/379/1
f 143/380/1 144/375/1 831/362/1
f 861/376/1 681/377/1 682/381/1
f 860/382/1 861/376/1 682/381/1
f 40/354/1 134/379/1 135/383/1
f 142/384/1 143/380/1 831/362/1
f 142/384/1 831/362/1 832/385/1
f 662/386/1 663/363/1 222/330/1
f 40/354/1 135/383/1 136/387/1
f 141/388/1 142/384/1 832/385/1
f 222/330/1 223/331/1 10/355/1
f 860/382/1 682/381/1 683/389/1
f 859/390/1 860/382/1 683/389/1
f 140/391/1 141/388/1 832/385/1
f 40/354/1 136/387/1 137/392/1
f 139/393/1 140/391/1 832/385/1
f 40/354/1 137/392/1 138/394/1
f 138/394/1 139/393/1 832/385/1
f 40/354/1 138/394/1 832/385/1
f 859/390/1 683/389/1 684/395/1
f 858/396/1 859/390/1 684/395/1
f 40/354/1 832/385/1 833/397/1
f 661/398/1 662/386/1 222/330/1
f 858/396/1 684/395/1 685/399/1
f 857/400/1 858/396/1 685/399/1
f 661/398/1 222/330/1 10/355/1
f 39/401/1 40/354/1 833/397/1
f 661/398/1 10/355/1 11/402/1
f 857/400/1 685/399/1 686/403/1
f 856/404/1 857/400/1 754/405/1
f 754/405/1 857/400/1 753/406/1
f 753/406/1 857/400/1 686/403/1
f 39/401/1 833/397/1 834/407/1
f 660/408/1 661/398/1 11/402/1
f 752/409/1 753/406/1 686/403/1
f 856/404/1 754/405/1 755/410/1
f 751/411/1 752/409/1 686/403/1
f 856/404/1 755/410/1 756/412/1
f 750/413/1 751/411/1 686/403/1
f 856/404/1 756/412/1 757/414/1
f 749/415/1 750/413/1 686/403/1
f 856/404/1 757/414/1 758/416/1
f 748/417/1 749/415/1 686/403/1
f 856/404/1 758/416/1 759/418/1
f 747/419/1 748/417/1 686/403/1
f 747/419/1 686/403/1 813/420/1
f 813/420/1 686/403/1 687/421/1
f 855/422/1 856/404/1 759/418/1
f 855/422/1 759/418/1 760/423/1
f 746/424/1 747/419/1 814/425/1
f 814/425/1 747/419/1 813/420/1
f 855/422/1 760/423/1 761/426/1
f 745/427/1 746/424/1 814/425/1
f 855/422/1 761/426/1 762/428/1
f 744/429/1 745/427/1 814/425/1
f 744/429/1 814/425/1 815/430/1
f 812/431/1 813/420/1 687/421/1
f 744/429/1 815/430/1 816/432/1
f 811/433/1 812/431/1 687/421/1
f 744/429/1 816/432/1 817/434/1
f 810/435/1 811/433/1 687/421/1
f 744/429/1 817/434/1 818/436/1
f 855/422/1 762/428/1 763/437/1
f 743/438/1 744/429/1 818/436/1
f 809/439/1 810/435/1 687/421/1
f 743/438/1 818/436/1 819/440/1
f 39/401/1 834/407/1 835/441/1
f 659/442/1 660/408/1 11/402/1
f 808/443/1 809/439/1 687/421/1
f 855/422/1 763/437/1 764/444/1
f 742/445/1 743/438/1 819/440/1
f 742/445/1 819/440/1 820/446/1
f 807/447/1 808/443/1 687/421/1
f 742/445/1 820/446/1 821/448/1
f 855/422/1 764/444/1 704/449/1
f 741/450/1 742/445/1 821/448/1
f 807/447/1 687/421/1 688/451/1
f 854/452/1 855/422/1 704/449/1
f 806/453/1 807/447/1 688/451/1
f 741/450/1 821/448/1 822/454/1
f 854/452/1 704/449/1 705/455/1
f 740/456/1 741/450/1 822/454/1
f 805/457/1 806/453/1 688/451/1
f 740/456/1 822/454/1 823/458/1
f 739/459/1 740/456/1 823/458/1
f 804/460/1 805/457/1 688/451/1
f 739/459/1 823/458/1 824/461/1
f 803/462/1 804/460/1 688/451/1
f 738/463/1 739/459/1 824/461/1
f 738/463/1 824/461/1 825/464/1
f 38/465/1 39/401/1 835/441/1
f 659/442/1 11/402/1 12/466/1
f 802/467/1 803/462/1 688/451/1
f 738/463/1 825/464/1 765/468/1
f 801/469/1 802/467/1 688/451/1
f 738/463/1 765/468/1 766/470/1
f 737/471/1 738/463/1 766/470/1
f 800/472/1 801/469/1 688/451/1
f 800/472/1 688/451/1 689/473/1
f 853/474/1 854/452/1 705/455/1
f 799/475/1 800/472/1 689/473/1
f 38/465/1 835/441/1 836/476/1
f 658/477/1 659/442/1 12/466/1
f 798/478/1 799/475/1 689/473/1
f 736/479/1 737/471/1 766/470/1
f 797/480/1 798/478/1 689/473/1
f 796/481/1 797/480/1 689/473/1
f 735/482/1 736/479/1 766/470/1
f 796/481/1 689/473/1 690/483/1
f 852/484/1 853/474/1 705/455/1
f 795/485/1 796/481/1 690/483/1
f 38/465/1 836/476/1 837/486/1
f 657/487/1 658/477/1 12/466/1
f 734/488/1 735/482/1 766/470/1
f 794/489/1 795/485/1 690/483/1
f 793/490/1 794/489/1 690/483/1
f 733/491/1 734/488/1 766/470/1
f 851/492/1 852/484/1 705/455/1
f 793/490/1 690/483/1 691/493/1
f 792/494/1 793/490/1 691/493/1
f 791/495/1 792/494/1 691/493/1
f 37/496/1 38/465/1 837/486/1
f 657/487/1 12/466/1 13/497/1
f 732/498/1 733/491/1 766/470/1
f 790/499/1 791/495/1 691/493/1
f 789/500/1 790/499/1 691/493/1
f 732/498/1 766/470/1 767/501/1
f 788/502/1 789/500/1 691/493/1
f 732/498/1 767/501/1 768/503/1
f 37/496/1 837/486/1 838/504/1
f 656/505/1 657/487/1 13/497/1
f 787/506/1 788/502/1 691/493/1
f 732/498/1 768/503/1 769/507/1
f 731/508/1 732/498/1 769/507/1
f 786/509/1 787/506/1 691/493/1
f 850/510/1 851/492/1 705/455/1
f 786/509/1 691/493/1 692/511/1
f 731/508/1 769/507/1 770/512/1
f 785/513/1 786/509/1 692/511/1
f 731/508/1 770/512/1 771/514/1
f 730/515/1 731/508/1 771/514/1
f 784/516/1 785/513/1 692/511/1
f 730/515/1 771/514/1 772/517/1
f 783/518/1 784/516/1 692/511/1
f 730/515/1 772/517/1 773/519/1
f 729/520/1 730/515/1 773/519/1
f 782/521/1 783/518/1 692/511/1
f 729/520/1 773/519/1 774/522/1
f 850/510/1 705/455/1 706/523/1
f 728/524/1 729/520/1 774/522/1
f 781/525/1 782/521/1 692/511/1
f 728/524/1 774/522/1 775/526/1
f 780/527/1 781/525/1 692/511/1
f 728/524/1 775/526/1 776/528/1
f 779/529/1 780/527/1 692/511/1
f 728/524/1 776/528/1 777/530/1
f 850/510/1 706/523/1 707/531/1
f 727/532/1 728/524/1 777/530/1
f 778/533/1 779/529/1 692/511/1
f 727/532/1 777/530/1 778/533/1
f 727/532/1 778/533/1 692/511/1
f 850/510/1 707/531/1 708/534/1
f 726/535/1 727/532/1 692/511/1
f 850/510/1 708/534/1 709/536/1
f 725/537/1 726/535/1 692/511/1
f 37/496/1 838/504/1 839/538/1
f 37/496/1 839/538/1 840/539/1
f 37/496/1 840/539/1 841/540/1
f 37/496/1 841/540/1 842/541/1
f 37/496/1 842/541/1 843/542/1
f 37/496/1 843/542/1 844/543/1
f 37/496/1 844/543/1 845/544/1
f 37/496/1 845/544/1 846/545/1
f 37/496/1 846/545/1 847/546/1
f 37/496/1 847/546/1 848/547/1
f 37/496/1 848/547/1 849/548/1
f 37/496/1 849/548/1 850/510/1
f 37/496/1 850/510/1 709/536/1
f 725/537/1 692/511/1 693/549/1
f 725/537/1 693/549/1 694/550/1
f 725/537/1 694/550/1 695/551/1
f 725/537/1 695/551/1 696/552/1
f 725/537/1 696/552/1 697/553/1
f 725/537/1 697/553/1 698/554/1
f 725/537/1 698/554/1 699/555/1
f 725/537/1 699/555/1 700/556/1
f 725/537/1 700/556/1 701/557/1
f 725/537/1 701/557/1 702/558/1
f 725/537/1 702/558/1 703/559/1
f 725/537/1 703/559/1 656/505/1
f 725/537/1 656/505/1 13/497/1
f 37/496/1 709/536/1 710/560/1
f 724/561/1 725/537/1 13/497/1
f 37/496/1 710/560/1 711/562/1
f 723/563/1 724/561/1 13/497/1
f 722/564/1 723/563/1 13/497/1
f 37/496/1 711/562/1 712/565/1
f 721/566/1 722/564/1 13/497/1
f 37/496/1 712/565/1 713/567/1
f 720/568/1 721/566/1 13/497/1
f 37/496/1 713/567/1 714/569/1
f 719/570/1 720/568/1 13/497/1
f 37/496/1 714/569/1 715/571/1
f 718/572/1 719/570/1 13/497/1
f 37/496/1 715/571/1 716/573/1
f 717/574/1 718/572/1 13/497/1
f 37/496/1 716/573/1 717/574/1
f 37/496/1 717/574/1 13/497/1
f 36/575/1 37/496/1 608/576/1
f 608/576/1 37/496/1 13/497/1
f 608/576/1 13/497/1 655/577/1
f 655/577/1 13/497/1 654/578/1
f 654/578/1 13/497/1 653/579/1
f 653/579/1 13/497/1 652/580/1
f 652/580/1 13/497/1 651/581/1
f 651/581/1 13/497/1 648/582/1
f 648/582/1 13/497/1 647/583/1
f 647/583/1 13/497/1 646/584/1
f 646/584/1 13/497/1 645/585/1
f 645/585/1 13/497/1 644/586/1
f 644/586/1 13/497/1 193/587/1
f 193/587/1 13/497/1 192/588/1
f 192/588/1 13/497/1 191/589/1
f 191/589/1 13/497/1 190/590/1
f 190/590/1 13/497/1 188/591/1
f 188/591/1 13/497/1 187/592/1
f 187/592/1 13/497/1 186/593/1
f 186/593/1 13/497/1 185/594/1
f 185/594/1 13/497/1 183/595/1
f 183/595/1 13/497/1 182/596/1
f 182/596/1 13/497/1 181/597/1
f 181/597/1 13/497/1 14/598/1
f 36/575/1 608/576/1 609/599/1
f 650/600/2 651/581/2 648/582/2
f 649/601/2 650/600/2 648/582/2
f 643/602/1 644/586/1 326/603/1
f 326/603/1 644/586/1 193/587/1
f 326/603/1 193/587/1 325/604/1
f 325/604/1 193/587/1 324/605/1
f 324/605/1 193/587/1 194/606/1
f 189/607/1 190/590/1 188/591/1
f 184/608/2 185/594/2 183/595/2
f 180/609/1 181/597/1 14/598/1
f 643/602/1 326/603/1 327/610/1
f 643/602/1 327/610/1 328/611/1
f 643/602/1 328/611/1 329/612/1
f 323/613/1 324/605/1 194/606/1
f 643/602/1 329/612/1 330/614/1
f 322/615/1 323/613/1 194/606/1
f 643/602/1 330/614/1 331/616/1
f 321/617/1 322/615/1 194/606/1
f 643/602/1 331/616/1 332/618/1
f 320/619/1 321/617/1 194/606/1
f 643/602/1 332/618/1 333/620/1
f 319/621/1 320/619/1 194/606/1
f 643/602/1 333/620/1 334/622/1
f 643/602/1 334/622/1 335/623/1
f 643/602/1 335/623/1 336/624/1
f 318/625/1 319/621/1 194/606/1
f 643/602/1 336/624/1 337/626/1
f 643/602/1 337/626/1 338/627/1
f 317/628/1 318/625/1 194/606/1
f 643/602/1 338/627/1 407/629/1
f 407/629/1 338/627/1 406/630/1
f 406/630/1 338/627/1 339/631/1
f 406/630/1 339/631/1 340/632/1
f 316/633/1 317/628/1 194/606/1
f 406/630/1 340/632/1 341/634/1
f 405/635/1 406/630/1 341/634/1
f 643/602/1 407/629/1 408/636/1
f 404/637/1 405/635/1 341/634/1
f 643/602/1 408/636/1 409/638/1
f 404/637/1 341/634/1 342/639/1
f 315/640/1 316/633/1 194/606/1
f 403/641/1 404/637/1 342/639/1
f 643/602/1 409/638/1 410/642/1
f 403/641/1 342/639/1 343/643/1
f 315/640/1 194/606/1 195/644/1
f 642/645/1 643/602/1 410/642/1
f 402/646/1 403/641/1 343/643/1
f 402/646/1 343/643/1 344/647/1
f 401/648/1 402/646/1 344/647/1
f 401/648/1 344/647/1 345/649/1
f 642/645/1 410/642/1 411/650/1
f 400/651/1 401/648/1 345/649/1
f 399/652/1 400/651/1 345/649/1
f 642/645/1 411/650/1 412/653/1
f 314/654/1 315/640/1 195/644/1
f 398/655/1 399/652/1 345/649/1
f 398/655/1 345/649/1 346/656/1
f 397/657/1 398/655/1 346/656/1
f 396/658/1 397/657/1 346/656/1
f 395/659/1 396/658/1 346/656/1
f 642/645/1 412/653/1 413/660/1
f 395/659/1 346/656/1 347/661/1
f 394/662/1 395/659/1 347/661/1
f 393/663/1 394/662/1 347/661/1
f 313/664/1 314/654/1 195/644/1
f 36/575/1 609/599/1 610/665/1
f 179/666/1 180/609/1 14/598/1
f 393/663/1 347/661/1 348/667/1
f 392/668/1 393/663/1 348/667/1
f 642/645/1 413/660/1 414/669/1
f 391/670/1 392/668/1 348/667/1
f 391/670/1 348/667/1 349/671/1
f 390/672/1 391/670/1 349/671/1
f 389/673/1 390/672/1 349/671/1
f 389/673/1 349/671/1 350/674/1
f 388/675/1 389/673/1 350/674/1
f 312/676/1 313/664/1 195/644/1
f 387/677/1 388/675/1 350/674/1
f 387/677/1 350/674/1 351/678/1
f 642/645/1 414/669/1 415/679/1
f 386/680/1 387/677/1 351/678/1
f 386/680/1 351/678/1 352/681/1
f 385/682/1 386/680/1 352/681/1
f 384/683/1 385/682/1 352/681/1
f 384/683/1 352/681/1 353/684/1
f 383/685/1 384/683/1 353/684/1
f 382/686/1 383/685/1 353/684/1
f 382/686/1 353/684/1 354/687/1
f 179/666/1 14/598/1 15/688/1
f 35/689/1 36/575/1 610/665/1
f 311/690/1 312/676/1 195/644/1
f 381/691/1 382/686/1 354/687/1
f 642/645/1 415/679/1 416/692/1
f 380/693/1 381/691/1 354/687/1
f 379/694/1 380/693/1 354/687/1
f 379/694/1 354/687/1 355/695/1
f 378/696/1 379/694/1 355/695/1
f 378/696/1 355/695/1 356/697/1
f 377/698/1 378/696/1 356/697/1
f 310/699/1 311/690/1 195/644/1
f 642/645/1 416/692/1 417/700/1
f 377/698/1 356/697/1 357/701/1
f 376/702/1 377/698/1 357/701/1
f 375/703/1 376/702/1 357/701/1
f 309/704/1 310/699/1 195/644/1
f 642/645/1 417/700/1 418/705/1
f 374/706/1 375/703/1 357/701/1
f 308/707/1 309/704/1 195/644/1
f 373/708/1 374/706/1 357/701/1
f 308/707/1 195/644/1 196/709/1
f 641/710/1 642/645/1 418/705/1
f 641/710/1 418/705/1 419/711/1
f 373/708/1 357/701/1 358/712/1
f 372/713/1 373/708/1 358/712/1
f 487/714/1 308/707/1 196/709/1
f 371/715/1 372/713/1 358/712/1
f 641/710/1 419/711/1 420/716/1
f 370/717/1 371/715/1 358/712/1
f 370/717/1 358/712/1 359/718/1
f 486/719/1 487/714/1 196/709/1
f 369/720/1 370/717/1 359/718/1
f 641/710/1 420/716/1 421/721/1
f 368/722/1 369/720/1 359/718/1
f 485/723/1 486/719/1 196/709/1
f 368/722/1 359/718/1 360/724/1
f 641/710/1 421/721/1 422/725/1
f 367/726/1 368/722/1 360/724/1
f 35/689/1 610/665/1 611/727/1
f 178/728/1 179/666/1 15/688/1
f 484/729/1 485/723/1 196/709/1
f 366/730/1 367/726/1 360/724/1
f 366/730/1 360/724/1 361/731/1
f 641/710/1 422/725/1 423/732/1
f 365/733/1 366/730/1 361/731/1
f 483/734/1 484/729/1 196/709/1
f 365/733/1 361/731/1 362/735/1
f 364/736/1 365/733/1 362/735/1
f 364/736/1 362/735/1 363/737/1
f 482/738/1 483/734/1 196/709/1
f 641/710/1 423/732/1 424/739/1
f 481/740/1 482/738/1 196/709/1
f 641/710/1 424/739/1 425/741/1
f 480/742/1 481/740/1 196/709/1
f 480/742/1 196/709/1 197/743/1
f 640/744/1 641/710/1 425/741/1
f 479/745/1 480/742/1 197/743/1
f 640/744/1 425/741/1 426/746/1
f 478/747/1 479/745/1 197/743/1
f 640/744/1 426/746/1 427/748/1
f 640/744/1 427/748/1 428/749/1
f 477/750/1 478/747/1 197/743/1
f 640/744/1 428/749/1 429/751/1
f 640/744/1 429/751/1 430/752/1
f 640/744/1 430/752/1 431/753/1
f 640/744/1 431/753/1 432/754/1
f 476/755/1 477/750/1 197/743/1
f 640/744/1 432/754/1 433/756/1
f 640/744/1 433/756/1 434/757/1
f 640/744/1 434/757/1 435/758/1
f 640/744/1 435/758/1 436/759/1
f 640/744/1 436/759/1 437/760/1
f 640/744/1 437/760/1 438/761/1
f 475/762/1 476/755/1 197/743/1
f 640/744/1 438/761/1 439/763/1
f 640/744/1 439/763/1 440/764/1
f 640/744/1 440/764/1 441/765/1
f 640/744/1 441/765/1 442/766/1
f 640/744/1 442/766/1 443/767/1
f 640/744/1 443/767/1 444/768/1
f 640/744/1 444/768/1 445/769/1
f 640/744/1 445/769/1 446/770/1
f 640/744/1 446/770/1 447/771/1
f 640/744/1 447/771/1 448/772/1
f 35/689/1 611/727/1 612/773/1
f 177/774/1 178/728/1 15/688/1
f 640/744/1 448/772/1 449/775/1
f 640/744/1 449/775/1 450/776/1
f 474/777/1 475/762/1 197/743/1
f 640/744/1 450/776/1 451/778/1
f 474/777/1 197/743/1 198/779/1
f 639/780/1 640/744/1 451/778/1
f 639/780/1 451/778/1 452/781/1
f 639/780/1 452/781/1 453/782/1
f 639/780/1 453/782/1 454/783/1
f 639/780/1 454/783/1 455/784/1
f 177/774/1 15/688/1 16/785/1
f 34/786/1 35/689/1 612/773/1
f 639/780/1 455/784/1 456/787/1
f 473/788/1 474/777/1 198/779/1
f 639/780/1 456/787/1 457/789/1
f 639/780/1 457/789/1 458/790/1
f 639/780/1 458/790/1 459/791/1
f 472/792/1 473/788/1 198/779/1
f 639/780/1 459/791/1 460/793/1
f 639/780/1 460/793/1 461/794/1
f 471/795/1 472/792/1 198/779/1
f 471/795/1 198/779/1 199/796/1
f 638/797/1 639/780/1 461/794/1
f 638/797/1 461/794/1 462/798/1
f 470/799/1 471/795/1 199/796/1
f 638/797/1 462/798/1 463/800/1
f 34/786/1 612/773/1 613/801/1
f 176/802/1 177/774/1 16/785/1
f 638/797/1 463/800/1 464/803/1
f 469/804/1 470/799/1 199/796/1
f 638/797/1 464/803/1 465/805/1
f 468/806/1 469/804/1 199/796/1
f 638/797/1 465/805/1 466/807/1
f 467/808/1 468/806/1 199/796/1
f 638/797/1 466/807/1 467/808/1
f 638/797/1 467/808/1 199/796/1
f 638/797/1 199/796/1 200/809/1
f 637/810/1 638/797/1 200/809/1
f 34/786/1 613/801/1 614/811/1
f 175/812/1 176/802/1 16/785/1
f 637/810/1 200/809/1 201/813/1
f 636/814/1 637/810/1 201/813/1
f 33/815/1 34/786/1 614/811/1
f 175/812/1 16/785/1 17/816/1
f 636/814/1 201/813/1 202/817/1
f 635/818/1 636/814/1 202/817/1
f 33/815/1 614/811/1 615/819/1
f 174/820/1 175/812/1 17/816/1
f 635/818/1 202/817/1 203/821/1
f 634/822/1 635/818/1 203/821/1
f 634/822/1 203/821/1 204/823/1
f 633/824/1 634/822/1 204/823/1
f 33/815/1 615/819/1 616/825/1
f 173/826/1 174/820/1 17/816/1
f 633/824/1 204/823/1 205/827/1
f 632/828/1 633/824/1 205/827/1
f 631/829/1 632/828/1 205/827/1
f 631/829/1 205/827/1 206/830/1
f 631/829/1 206/830/1 207/831/1
f 630/832/1 631/829/1 207/831/1
f 630/832/1 207/831/1 208/833/1
f 629/834/1 630/832/1 208/833/1
f 629/834/1 208/833/1 209/835/1
f 628/836/1 629/834/1 209/835/1
f 33/815/1 616/825/1 617/837/1
f 172/838/1 173/826/1 17/816/1
f 628/836/1 209/835/1 210/839/1
f 627/840/1 628/836/1 210/839/1
f 32/841/1 33/815/1 617/837/1
f 172/838/1 17/816/1 18/842/1
f 627/840/1 210/839/1 211/843/1
f 626/844/1 627/840/1 211/843/1
f 626/844/1 211/843/1 212/845/1
f 625/846/1 626/844/1 212/845/1
f 32/841/1 617/837/1 618/847/1
f 171/848/1 172/838/1 18/842/1
f 625/846/1 212/845/1 213/849/1
f 624/850/1 625/846/1 213/849/1
f 624/850/1 213/849/1 214/851/1
f 623/852/1 624/850/1 214/851/1
f 32/841/1 618/847/1 619/853/1
f 170/854/1 171/848/1 18/842/1
f 623/852/1 214/851/1 215/855/1
f 622/856/1 623/852/1 215/855/1
f 32/841/1 619/853/1 620/857/1
f 169/858/1 170/854/1 18/842/1
f 622/856/1 215/855/1 216/859/1
f 621/860/1 622/856/1 216/859/1
f 621/860/1 216/859/1 169/858/1
f 620/857/1 621/860/1 169/858/1
f 32/841/1 620/857/1 169/858/1
f 32/841/1 169/858/1 18/842/1
f 31/861/1 32/841/1 18/842/1
f 31/861/1 18/842/1 19/862/1
f 30/863/1 31/861/1 19/862/1
f 30/863/1 19/862/1 20/864/1
f 29/865/1 30/863/1 20/864/1
f 29/865/1 20/864/1 21/866/1
f 28/867/1 29/865/1 21/866/1
f 28/867/1 21/866/1 22/868/1
f 27/869/1 28/867/1 22/868/1
f 27/869/1 22/868/1 23/870/1
f 26/871/1 27/869/1 23/870/1
f 26/871/1 23/870/1 24/872/1
f 25/873/1 26/871/1 24/872/1
f 921/1/2 875/3/2 874/2/2
f 920/4/2 875/3/2 921/1/2
f 920/4/2 876/5/2 875/3/2
f 919/6/2 876/5/2 920/4/2
f 919/6/2 1422/7/2 876/5/2
f 1422/7/2 877/8/2 876/5/2
f 919/6/2 1423/9/2 1422/7/2
f 1421/10/2 877/8/2 1422/7/2
f 918/11/2 1127/12/2 919/6/2
f 1127/12/2 1126/13/2 919/6/2
f 1126/13/2 1423/9/2 919/6/2
f 1421/10/2 878/14/2 877/8/2
f 1126/13/2 1424/15/2 1423/9/2
f 1420/16/2 878/14/2 1421/10/2
f 1419/17/2 878/14/2 1420/16/2
f 1126/13/2 1425/18/2 1424/15/2
f 1418/19/2 878/14/2 1419/17/2
f 1126/13/2 1426/20/2 1425/18/2
f 1417/21/2 878/14/2 1418/19/2
f 1126/13/2 1427/22/2 1426/20/2
f 1416/23/2 878/14/2 1417/21/2
f 1415/24/2 878/14/2 1416/23/2
f 1126/13/2 1125/25/2 1427/22/2
f 1125/25/2 1428/26/2 1427/22/2
f 1124/27/2 1428/26/2 1125/25/2
f 918/11/2 1128/28/2 1127/12/2
f 1123/29/2 1428/26/2 1124/27/2
f 1414/30/2 878/14/2 1415/24/2
f 918/11/2 1129/31/2 1128/28/2
f 1122/32/2 1428/26/2 1123/29/2
f 918/11/2 1130/33/2 1129/31/2
f 1122/32/2 1429/34/2 1428/26/2
f 918/11/2 1131/35/2 1130/33/2
f 918/11/2 1132/36/2 1131/35/2
f 1413/37/2 878/14/2 1414/30/2
f 1121/38/2 1429/34/2 1122/32/2
f 918/11/2 1133/39/2 1132/36/2
f 918/11/2 1134/40/2 1133/39/2
f 1121/38/2 1430/41/2 1429/34/2
f 1120/42/2 1430/41/2 1121/38/2
f 1412/43/2 1176/44/2 1413/37/2
f 1176/44/2 878/14/2 1413/37/2
f 918/11/2 1135/45/2 1134/40/2
f 918/11/2 1136/46/2 1135/45/2
f 1119/47/2 1430/41/2 1120/42/2
f 918/11/2 1137/48/2 1136/46/2
f 1411/49/2 1176/44/2 1412/43/2
f 1119/47/2 1431/50/2 1430/41/2
f 918/11/2 1138/51/2 1137/48/2
f 1411/49/2 1410/52/2 1176/44/2
f 1410/52/2 1409/53/2 1176/44/2
f 1409/53/2 1171/54/2 1176/44/2
f 1175/55/2 878/14/2 1176/44/2
f 918/11/2 1139/56/2 1138/51/2
f 918/11/2 1140/57/2 1139/56/2
f 918/11/2 1177/58/2 1140/57/2
f 1177/58/2 1141/59/2 1140/57/2
f 1118/60/2 1431/50/2 1119/47/2
f 1118/60/2 1432/61/2 1431/50/2
f 917/62/2 1177/58/2 918/11/2
f 1175/55/2 879/63/2 878/14/2
f 1117/64/2 1432/61/2 1118/60/2
f 1390/65/2 1392/67/2 1391/66/2
f 1389/68/2 1392/67/2 1390/65/2
f 1389/68/2 1393/69/2 1392/67/2
f 1388/70/2 1393/69/2 1389/68/2
f 1117/64/2 1433/71/2 1432/61/2
f 1388/70/2 1394/72/2 1393/69/2
f 1387/73/2 1394/72/2 1388/70/2
f 1387/73/2 1395/74/2 1394/72/2
f 1116/75/2 1433/71/2 1117/64/2
f 1174/76/2 879/63/2 1175/55/2
f 1408/77/2 1171/54/2 1409/53/2
f 1407/78/2 1171/54/2 1408/77/2
f 1386/79/2 1395/74/2 1387/73/2
f 1406/80/2 1171/54/2 1407/78/2
f 1386/79/2 1396/81/2 1395/74/2
f 1405/82/2 1171/54/2 1406/80/2
f 1404/83/2 1469/84/2 1405/82/2
f 1469/84/2 1171/54/2 1405/82/2
f 1403/85/2 1469/84/2 1404/83/2
f 1116/75/2 1434/86/2 1433/71/2
f 1385/87/2 1396/81/2 1386/79/2
f 1385/87/2 1397/88/2 1396/81/2
f 1402/89/2 1469/84/2 1403/85/2
f 1116/75/2 1435/90/2 1434/86/2
f 1147/91/2 1149/93/2 1148/92/2
f 1401/94/2 1469/84/2 1402/89/2
f 1146/95/2 1149/93/2 1147/91/2
f 1146/95/2 1150/96/2 1149/93/2
f 1400/97/2 1469/84/2 1401/94/2
f 1115/98/2 1435/90/2 1116/75/2
f 1399/99/2 1469/84/2 1400/97/2
f 1115/98/2 1436/100/2 1435/90/2
f 1146/95/2 1151/101/2 1150/96/2
f 1384/102/2 1397/88/2 1385/87/2
f 1398/103/2 1469/84/2 1399/99/2
f 1397/88/2 1469/84/2 1398/103/2
f 1384/102/2 1469/84/2 1397/88/2
f 1383/104/2 1469/84/2 1384/102/2
f 917/62/2 1178/105/2 1177/58/2
f 1180/106/2 1141/59/2 1177/58/2
f 1145/107/2 1151/101/2 1146/95/2
f 1145/107/2 1152/108/2 1151/101/2
f 1115/98/2 1437/109/2 1436/100/2
f 1382/110/2 1469/84/2 1383/104/2
f 1114/111/2 1437/109/2 1115/98/2
f 1145/107/2 1153/112/2 1152/108/2
f 1381/113/2 1469/84/2 1382/110/2
f 1114/111/2 1438/114/2 1437/109/2
f 1145/107/2 1154/115/2 1153/112/2
f 1113/116/2 1438/114/2 1114/111/2
f 1380/117/2 1469/84/2 1381/113/2
f 1145/107/2 1155/118/2 1154/115/2
f 1113/116/2 1439/119/2 1438/114/2
f 1112/120/2 1439/119/2 1113/116/2
f 1145/107/2 1156/121/2 1155/118/2
f 1379/122/2 1469/84/2 1380/117/2
f 916/123/2 1178/105/2 917/62/2
f 1174/76/2 1093/124/2 879/63/2
f 1093/124/2 880/125/2 879/63/2
f 916/123/2 975/126/2 1178/105/2
f 975/126/2 974/127/2 1178/105/2
f 974/127/2 973/128/2 1178/105/2
f 973/128/2 972/129/2 1178/105/2
f 972/129/2 971/130/2 1178/105/2
f 971/130/2 970/131/2 1178/105/2
f 970/131/2 1179/132/2 1178/105/2
f 1112/120/2 1440/133/2 1439/119/2
f 1145/107/2 1157/134/2 1156/121/2
f 1111/135/2 1440/133/2 1112/120/2
f 1378/136/2 1469/84/2 1379/122/2
f 1145/107/2 1158/137/2 1157/134/2
f 1111/135/2 1441/138/2 1440/133/2
f 1110/139/2 1441/138/2 1111/135/2
f 1145/107/2 1160/140/2 1158/137/2
f 1160/140/2 1159/141/2 1158/137/2
f 1145/107/2 1168/142/2 1160/140/2
f 1168/142/1 1167/143/1 1160/140/1
f 1167/143/2 1166/144/2 1160/140/2
f 1166/144/2 1161/145/2 1160/140/2
f 1166/144/1 1162/146/1 1161/145/1
f 1166/144/3 1163/147/3 1162/146/3
f 1377/148/2 1361/149/2 1378/136/2
f 1361/149/2 1480/150/2 1378/136/2
f 1480/150/2 1479/151/2 1378/136/2
f 1479/151/2 1469/84/2 1378/136/2
f 1166/144/2 1165/152/2 1163/147/2
f 1165/152/4 1164/153/4 1163/147/4
f 1109/154/2 1441/138/2 1110/139/2
f 1109/154/2 1442/155/2 1441/138/2
f 1145/107/2 1169/156/2 1168/142/2
f 1145/107/2 1170/157/2 1169/156/2
f 1108/158/2 1442/155/2 1109/154/2
f 1376/159/2 1361/149/2 1377/148/2
f 1108/158/2 1443/160/2 1442/155/2
f 1107/161/2 1443/160/2 1108/158/2
f 1107/161/2 1444/162/2 1443/160/2
f 1375/163/2 1361/149/2 1376/159/2
f 1106/164/2 1444/162/2 1107/161/2
f 1106/164/2 1445/165/2 1444/162/2
f 1174/76/2 1173/166/2 1093/124/2
f 1173/166/2 1094/167/2 1093/124/2
f 1092/168/2 880/125/2 1093/124/2
f 1106/164/2 1446/169/2 1445/165/2
f 1374/170/2 1361/149/2 1375/163/2
f 1105/171/2 1446/169/2 1106/164/2
f 1373/172/2 1361/149/2 1374/170/2
f 1104/173/2 1446/169/2 1105/171/2
f 1372/174/2 1361/149/2 1373/172/2
f 1103/175/2 1446/169/2 1104/173/2
f 1103/175/2 1447/176/2 1446/169/2
f 1371/177/2 1361/149/2 1372/174/2
f 1371/177/2 1362/178/2 1361/149/2
f 916/123/2 976/179/2 975/126/2
f 1370/180/2 1362/178/2 1371/177/2
f 1478/181/2 1469/84/2 1479/151/2
f 916/123/2 977/182/2 976/179/2
f 1477/183/5 1469/84/5 1478/181/5
f 916/123/2 978/184/2 977/182/2
f 1369/185/2 1362/178/2 1370/180/2
f 1369/185/2 1363/186/2 1362/178/2
f 1103/175/2 1448/187/2 1447/176/2
f 1476/188/2 1469/84/2 1477/183/2
f 916/123/2 979/189/2 978/184/2
f 969/190/2 1179/132/2 970/131/2
f 915/191/2 979/189/2 916/123/2
f 1092/168/2 881/192/2 880/125/2
f 968/193/2 1179/132/2 969/190/2
f 1368/194/2 1363/186/2 1369/185/2
f 1475/195/2 1469/84/2 1476/188/2
f 915/191/2 980/196/2 979/189/2
f 1368/194/2 1364/197/2 1363/186/2
f 1143/198/2 1102/200/2 1144/199/2
f 967/201/2 1179/132/2 968/193/2
f 1367/202/2 1364/197/2 1368/194/2
f 1142/203/2 1102/200/2 1143/198/2
f 1474/204/2 1469/84/2 1475/195/2
f 1367/202/2 1365/205/2 1364/197/2
f 915/191/2 981/206/2 980/196/2
f 966/207/2 1030/208/2 967/201/2
f 1030/208/2 1179/132/2 967/201/2
f 1366/209/2 1365/205/2 1367/202/2
f 1103/175/2 1449/210/2 1448/187/2
f 1473/211/2 1469/84/2 1474/204/2
f 915/191/2 982/212/2 981/206/2
f 965/213/2 1030/208/2 966/207/2
f 1472/214/6 1469/84/6 1473/211/6
f 915/191/2 983/215/2 982/212/2
f 1471/216/1 1469/84/1 1472/214/1
f 964/217/2 1030/208/2 965/213/2
f 1470/218/1 1469/84/1 1471/216/1
f 1103/175/2 1450/219/2 1449/210/2
f 1468/220/2 1171/54/2 1469/84/2
f 963/221/2 1030/208/2 964/217/2
f 915/191/2 984/222/2 983/215/2
f 1103/175/2 1451/223/2 1450/219/2
f 1467/224/2 1171/54/2 1468/220/2
f 962/225/2 1030/208/2 963/221/2
f 915/191/2 985/226/2 984/222/2
f 961/227/2 1030/208/2 962/225/2
f 1103/175/2 1452/228/2 1451/223/2
f 1466/229/2 1171/54/2 1467/224/2
f 960/230/2 1030/208/2 961/227/2
f 915/191/2 986/231/2 985/226/2
f 1465/232/2 1171/54/2 1466/229/2
f 959/233/2 1030/208/2 960/230/2
f 1103/175/2 1453/234/2 1452/228/2
f 956/235/2 958/237/2 957/236/2
f 955/238/2 958/237/2 956/235/2
f 958/237/2 1030/208/2 959/233/2
f 955/238/2 1030/208/2 958/237/2
f 954/239/2 1030/208/2 955/238/2
f 1102/200/2 1453/234/2 1103/175/2
f 1464/240/2 1171/54/2 1465/232/2
f 1102/200/2 1454/241/2 1453/234/2
f 953/242/2 1030/208/2 954/239/2
f 915/191/2 987/243/2 986/231/2
f 1463/244/2 1171/54/2 1464/240/2
f 1101/245/2 1091/247/2 1090/246/2
f 1102/200/2 1455/248/2 1454/241/2
f 952/249/2 1030/208/2 953/242/2
f 1462/250/2 1171/54/2 1463/244/2
f 1102/200/2 1456/251/2 1455/248/2
f 1461/252/2 1171/54/2 1462/250/2
f 951/253/2 1030/208/2 952/249/2
f 1102/200/2 1457/254/2 1456/251/2
f 1460/255/2 1171/54/2 1461/252/2
f 915/191/2 988/256/2 987/243/2
f 1459/257/2 1171/54/2 1460/255/2
f 1102/200/2 1458/258/2 1457/254/2
f 1142/203/2 1458/258/2 1102/200/2
f 1458/258/2 1171/54/2 1459/257/2
f 1142/203/2 1171/54/2 1458/258/2
f 950/259/2 1030/208/2 951/253/2
f 949/260/2 1030/208/2 950/259/2
f 1142/203/2 1172/261/2 1171/54/2
f 915/191/2 989/262/2 988/256/2
f 1141/59/2 1541/263/2 1142/203/2
f 1541/263/2 1172/261/2 1142/203/2
f 948/264/2 1030/208/2 949/260/2
f 914/265/2 989/262/2 915/191/2
f 1092/168/2 882/266/2 881/192/2
f 1100/267/2 1091/247/2 1101/245/2
f 1091/247/2 882/266/2 1092/168/2
f 914/265/2 990/268/2 989/262/2
f 947/269/2 1030/208/2 948/264/2
f 1172/261/2 1094/167/2 1173/166/2
f 1180/106/2 1699/270/2 1141/59/2
f 1699/270/2 1541/263/2 1141/59/2
f 946/271/2 1030/208/2 947/269/2
f 914/265/2 991/272/2 990/268/2
f 945/273/2 1030/208/2 946/271/2
f 945/273/2 1031/274/2 1030/208/2
f 1029/275/2 1179/132/2 1030/208/2
f 945/273/2 1032/276/2 1031/274/2
f 944/277/2 1032/276/2 945/273/2
f 944/277/2 1033/278/2 1032/276/2
f 944/277/2 1034/279/2 1033/278/2
f 943/280/2 1034/279/2 944/277/2
f 943/280/2 1035/281/2 1034/279/2
f 943/280/2 1036/282/2 1035/281/2
f 914/265/2 992/283/2 991/272/2
f 943/280/2 1037/284/2 1036/282/2
f 942/285/2 1037/284/2 943/280/2
f 1180/106/2 1700/286/2 1699/270/2
f 1746/287/2 1541/263/2 1699/270/2
f 1746/287/2 1542/288/2 1541/263/2
f 1540/289/2 1172/261/2 1541/263/2
f 1179/132/2 1700/286/2 1180/106/2
f 1028/290/2 1179/132/2 1029/275/2
f 942/285/2 1038/291/2 1037/284/2
f 1745/292/2 1542/288/2 1746/287/2
f 1745/292/2 1543/293/2 1542/288/2
f 942/285/2 1039/294/2 1038/291/2
f 942/285/2 1040/295/2 1039/294/2
f 941/296/2 1040/295/2 942/285/2
f 1744/297/2 1543/293/2 1745/292/2
f 1744/297/2 1544/298/2 1543/293/2
f 941/296/2 1041/299/2 1040/295/2
f 941/296/2 922/300/2 1041/299/2
f 941/296/2 923/301/2 922/300/2
f 1179/132/2 1701/302/2 1700/286/2
f 1539/303/2 1172/261/2 1540/289/2
f 914/265/2 993/304/2 992/283/2
f 1097/305/2 1099/307/2 1098/306/2
f 1027/308/2 1179/132/2 1028/290/2
f 940/309/2 923/301/2 941/296/2
f 1743/310/2 1544/298/2 1744/297/2
f 1743/310/2 1545/311/2 1544/298/2
f 940/309/2 924/312/2 923/301/2
f 1100/267/2 882/266/2 1091/247/2
f 939/313/2 924/312/2 940/309/2
f 914/265/2 994/314/2 993/304/2
f 1026/315/2 1179/132/2 1027/308/2
f 1742/316/2 1545/311/2 1743/310/2
f 1742/316/2 1546/317/2 1545/311/2
f 1179/132/2 1702/318/2 1701/302/2
f 1538/319/2 1172/261/2 1539/303/2
f 939/313/2 925/320/2 924/312/2
f 938/321/2 925/320/2 939/313/2
f 1026/315/2 1702/318/2 1179/132/2
f 1025/322/2 1702/318/2 1026/315/2
f 914/265/2 995/323/2 994/314/2
f 938/321/2 926/324/2 925/320/2
f 914/265/2 996/325/2 995/323/2
f 1538/319/2 1094/167/2 1172/261/2
f 1741/326/2 1546/317/2 1742/316/2
f 1741/326/2 1547/327/2 1546/317/2
f 937/328/2 926/324/2 938/321/2
f 914/265/2 997/329/2 996/325/2
f 1538/319/2 1095/330/2 1094/167/2
f 1096/331/2 1099/307/2 1097/305/2
f 937/328/2 927/332/2 926/324/2
f 1099/307/2 882/266/2 1100/267/2
f 1024/333/2 1702/318/2 1025/322/2
f 914/265/2 998/334/2 997/329/2
f 936/335/2 927/332/2 937/328/2
f 1024/333/2 1703/336/2 1702/318/2
f 1537/337/2 1095/330/2 1538/319/2
f 936/335/2 928/338/2 927/332/2
f 1740/339/2 1547/327/2 1741/326/2
f 1740/339/2 1548/340/2 1547/327/2
f 935/341/2 928/338/2 936/335/2
f 914/265/2 999/342/2 998/334/2
f 1023/343/2 1703/336/2 1024/333/2
f 934/344/2 928/338/2 935/341/2
f 934/344/2 929/345/2 928/338/2
f 933/346/2 929/345/2 934/344/2
f 914/265/2 1000/347/2 999/342/2
f 933/346/2 930/348/2 929/345/2
f 932/349/2 930/348/2 933/346/2
f 1022/350/2 1703/336/2 1023/343/2
f 1739/351/2 1548/340/2 1740/339/2
f 1739/351/2 1549/352/2 1548/340/2
f 932/349/2 931/353/2 930/348/2
f 913/354/2 1000/347/2 914/265/2
f 1099/307/2 883/355/2 882/266/2
f 913/354/2 1001/356/2 1000/347/2
f 1021/357/2 1703/336/2 1022/350/2
f 1738/358/2 1549/352/2 1739/351/2
f 1738/358/2 1550/359/2 1549/352/2
f 913/354/2 1002/360/2 1001/356/2
f 1020/361/2 1703/336/2 1021/357/2
f 1020/361/2 1704/362/2 1703/336/2
f 1536/363/2 1095/330/2 1537/337/2
f 913/354/2 1003/364/2 1002/360/2
f 1737/365/2 1550/359/2 1738/358/2
f 1737/365/2 1551/366/2 1550/359/2
f 1019/367/2 1704/362/2 1020/361/2
f 1096/331/2 883/355/2 1099/307/2
f 913/354/2 1004/368/2 1003/364/2
f 1018/369/2 1704/362/2 1019/367/2
f 1736/370/2 1551/366/2 1737/365/2
f 1736/370/2 1552/371/2 1551/366/2
f 913/354/2 1005/372/2 1004/368/2
f 1735/373/2 1552/371/2 1736/370/2
f 1735/373/2 1553/374/2 1552/371/2
f 1017/375/2 1704/362/2 1018/369/2
f 1734/376/2 1553/374/2 1735/373/2
f 1734/376/2 1554/377/2 1553/374/2
f 913/354/2 1006/378/2 1005/372/2
f 913/354/2 1007/379/2 1006/378/2
f 1016/380/2 1704/362/2 1017/375/2
f 1734/376/2 1555/381/2 1554/377/2
f 1733/382/2 1555/381/2 1734/376/2
f 913/354/2 1008/383/2 1007/379/2
f 1015/384/2 1704/362/2 1016/380/2
f 1015/384/2 1705/385/2 1704/362/2
f 1535/386/2 1095/330/2 1536/363/2
f 913/354/2 1009/387/2 1008/383/2
f 1014/388/2 1705/385/2 1015/384/2
f 1095/330/2 883/355/2 1096/331/2
f 1733/382/2 1556/389/2 1555/381/2
f 1732/390/2 1556/389/2 1733/382/2
f 1013/391/2 1705/385/2 1014/388/2
f 913/354/2 1010/392/2 1009/387/2
f 1012/393/2 1705/385/2 1013/391/2
f 913/354/2 1011/394/2 1010/392/2
f 1011/394/2 1705/385/2 1012/393/2
f 913/354/2 1705/385/2 1011/394/2
f 1732/390/2 1557/395/2 1556/389/2
f 1731/396/2 1557/395/2 1732/390/2
f 913/354/2 1706/397/2 1705/385/2
f 1534/398/2 1095/330/2 1535/386/2
f 1731/396/2 1558/399/2 1557/395/2
f 1730/400/2 1558/399/2 1731/396/2
f 1534/398/2 883/355/2 1095/330/2
f 912/401/2 1706/397/2 913/354/2
f 1534/398/2 884/402/2 883/355/2
f 1730/400/2 1559/403/2 1558/399/2
f 1729/404/2 1627/405/2 1730/400/2
f 1627/405/2 1626/406/2 1730/400/2
f 1626/406/2 1559/403/2 1730/400/2
f 912/401/2 1707/407/2 1706/397/2
f 1533/408/2 884/402/2 1534/398/2
f 1625/409/2 1559/403/2 1626/406/2
f 1729/404/2 1628/410/2 1627/405/2
f 1624/411/2 1559/403/2 1625/409/2
f 1729/404/2 1629/412/2 1628/410/2
f 1623/413/2 1559/403/2 1624/411/2
f 1729/404/2 1630/414/2 1629/412/2
f 1622/415/2 1559/403/2 1623/413/2
f 1729/404/2 1631/416/2 1630/414/2
f 1621/417/2 1559/403/2 1622/415/2
f 1729/404/2 1632/418/2 1631/416/2
f 1620/419/2 1559/403/2 1621/417/2
f 1620/419/2 1686/420/2 1559/403/2
f 1686/420/2 1560/421/2 1559/403/2
f 1728/422/2 1632/418/2 1729/404/2
f 1728/422/2 1633/423/2 1632/418/2
f 1619/424/2 1687/425/2 1620/419/2
f 1687/425/2 1686/420/2 1620/419/2
f 1728/422/2 1634/426/2 1633/423/2
f 1618/427/2 1687/425/2 1619/424/2
f 1728/422/2 1635/428/2 1634/426/2
f 1617/429/2 1687/425/2 1618/427/2
f 1617/429/2 1688/430/2 1687/425/2
f 1685/431/2 1560/421/2 1686/420/2
f 1617/429/2 1689/432/2 1688/430/2
f 1684/433/2 1560/421/2 1685/431/2
f 1617/429/2 1690/434/2 1689/432/2
f 1683/435/2 1560/421/2 1684/433/2
f 1617/429/2 1691/436/2 1690/434/2
f 1728/422/2 1636/437/2 1635/428/2
f 1616/438/2 1691/436/2 1617/429/2
f 1682/439/2 1560/421/2 1683/435/2
f 1616/438/2 1692/440/2 1691/436/2
f 912/401/2 1708/441/2 1707/407/2
f 1532/442/2 884/402/2 1533/408/2
f 1681/443/2 1560/421/2 1682/439/2
f 1728/422/2 1637/444/2 1636/437/2
f 1615/445/2 1692/440/2 1616/438/2
f 1615/445/2 1693/446/2 1692/440/2
f 1680/447/2 1560/421/2 1681/443/2
f 1615/445/2 1694/448/2 1693/446/2
f 1728/422/2 1577/449/2 1637/444/2
f 1614/450/2 1694/448/2 1615/445/2
f 1680/447/2 1561/451/2 1560/421/2
f 1727/452/2 1577/449/2 1728/422/2
f 1679/453/2 1561/451/2 1680/447/2
f 1614/450/2 1695/454/2 1694/448/2
f 1727/452/2 1578/455/2 1577/449/2
f 1613/456/2 1695/454/2 1614/450/2
f 1678/457/2 1561/451/2 1679/453/2
f 1613/456/2 1696/458/2 1695/454/2
f 1612/459/2 1696/458/2 1613/456/2
f 1677/460/2 1561/451/2 1678/457/2
f 1612/459/2 1697/461/2 1696/458/2
f 1676/462/2 1561/451/2 1677/460/2
f 1611/463/2 1697/461/2 1612/459/2
f 1611/463/2 1698/464/2 1697/461/2
f 911/465/2 1708/441/2 912/401/2
f 1532/442/2 885/466/2 884/402/2
f 1675/467/2 1561/451/2 1676/462/2
f 1611/463/2 1638/468/2 1698/464/2
f 1674/469/2 1561/451/2 1675/467/2
f 1611/463/2 1639/470/2 1638/468/2
f 1610/471/2 1639/470/2 1611/463/2
f 1673/472/2 1561/451/2 1674/469/2
f 1673/472/2 1562/473/2 1561/451/2
f 1726/474/2 1578/455/2 1727/452/2
f 1672/475/2 1562/473/2 1673/472/2
f 911/465/2 1709/476/2 1708/441/2
f 1531/477/2 885/466/2 1532/442/2
f 1671/478/2 1562/473/2 1672/475/2
f 1609/479/2 1639/470/2 1610/471/2
f 1670/480/2 1562/473/2 1671/478/2
f 1669/481/2 1562/473/2 1670/480/2
f 1608/482/2 1639/470/2 1609/479/2
f 1669/481/2 1563/483/2 1562/473/2
f 1725/484/2 1578/455/2 1726/474/2
f 1668/485/2 1563/483/2 1669/481/2
f 911/465/2 1710/486/2 1709/476/2
f 1530/487/2 885/466/2 1531/477/2
f 1607/488/2 1639/470/2 1608/482/2
f 1667/489/2 1563/483/2 1668/485/2
f 1666/490/2 1563/483/2 1667/489/2
f 1606/491/2 1639/470/2 1607/488/2
f 1724/492/2 1578/455/2 1725/484/2
f 1666/490/2 1564/493/2 1563/483/2
f 1665/494/2 1564/493/2 1666/490/2
f 1664/495/2 1564/493/2 1665/494/2
f 910/496/2 1710/486/2 911/465/2
f 1530/487/2 886/497/2 885/466/2
f 1605/498/2 1639/470/2 1606/491/2
f 1663/499/2 1564/493/2 1664/495/2
f 1662/500/2 1564/493/2 1663/499/2
f 1605/498/2 1640/501/2 1639/470/2
f 1661/502/2 1564/493/2 1662/500/2
f 1605/498/2 1641/503/2 1640/501/2
f 910/496/2 1711/504/2 1710/486/2
f 1529/505/2 886/497/2 1530/487/2
f 1660/506/2 1564/493/2 1661/502/2
f 1605/498/2 1642/507/2 1641/503/2
f 1604/508/2 1642/507/2 1605/498/2
f 1659/509/2 1564/493/2 1660/506/2
f 1723/510/2 1578/455/2 1724/492/2
f 1659/509/2 1565/511/2 1564/493/2
f 1604/508/2 1643/512/2 1642/507/2
f 1658/513/2 1565/511/2 1659/509/2
f 1604/508/2 1644/514/2 1643/512/2
f 1603/515/2 1644/514/2 1604/508/2
f 1657/516/2 1565/511/2 1658/513/2
f 1603/515/2 1645/517/2 1644/514/2
f 1656/518/2 1565/511/2 1657/516/2
f 1603/515/2 1646/519/2 1645/517/2
f 1602/520/2 1646/519/2 1603/515/2
f 1655/521/2 1565/511/2 1656/518/2
f 1602/520/2 1647/522/2 1646/519/2
f 1723/510/2 1579/523/2 1578/455/2
f 1601/524/2 1647/522/2 1602/520/2
f 1654/525/2 1565/511/2 1655/521/2
f 1601/524/2 1648/526/2 1647/522/2
f 1653/527/2 1565/511/2 1654/525/2
f 1601/524/2 1649/528/2 1648/526/2
f 1652/529/2 1565/511/2 1653/527/2
f 1601/524/2 1650/530/2 1649/528/2
f 1723/510/2 1580/531/2 1579/523/2
f 1600/532/2 1650/530/2 1601/524/2
f 1651/533/2 1565/511/2 1652/529/2
f 1600/532/2 1651/533/2 1650/530/2
f 1600/532/2 1565/511/2 1651/533/2
f 1723/510/2 1581/534/2 1580/531/2
f 1599/535/2 1565/511/2 1600/532/2
f 1723/510/2 1582/536/2 1581/534/2
f 1598/537/2 1565/511/2 1599/535/2
f 910/496/2 1712/538/2 1711/504/2
f 910/496/2 1713/539/2 1712/538/2
f 910/496/2 1714/540/2 1713/539/2
f 910/496/2 1715/541/2 1714/540/2
f 910/496/2 1716/542/2 1715/541/2
f 910/496/2 1717/543/2 1716/542/2
f 910/496/2 1718/544/2 1717/543/2
f 910/496/2 1719/545/2 1718/544/2
f 910/496/2 1720/546/2 1719/545/2
f 910/496/2 1721/547/2 1720/546/2
f 910/496/2 1722/548/2 1721/547/2
f 910/496/2 1723/510/2 1722/548/2
f 910/496/2 1582/536/2 1723/510/2
f 1598/537/2 1566/549/2 1565/511/2
f 1598/537/2 1567/550/2 1566/549/2
f 1598/537/2 1568/551/2 1567/550/2
f 1598/537/2 1569/552/2 1568/551/2
f 1598/537/2 1570/553/2 1569/552/2
f 1598/537/2 1571/554/2 1570/553/2
f 1598/537/2 1572/555/2 1571/554/2
f 1598/537/2 1573/556/2 1572/555/2
f 1598/537/2 1574/557/2 1573/556/2
f 1598/537/2 1575/558/2 1574/557/2
f 1598/537/2 1576/559/2 1575/558/2
f 1598/537/2 1529/505/2 1576/559/2
f 1598/537/2 886/497/2 1529/505/2
f 910/496/2 1583/560/2 1582/536/2
f 1597/561/2 886/497/2 1598/537/2
f 910/496/2 1584/562/2 1583/560/2
f 1596/563/2 886/497/2 1597/561/2
f 1595/564/2 886/497/2 1596/563/2
f 910/496/2 1585/565/2 1584/562/2
f 1594/566/2 886/497/2 1595/564/2
f 910/496/2 1586/567/2 1585/565/2
f 1593/568/2 886/497/2 1594/566/2
f 910/496/2 1587/569/2 1586/567/2
f 1592/570/2 886/497/2 1593/568/2
f 910/496/2 1588/571/2 1587/569/2
f 1591/572/2 886/497/2 1592/570/2
f 910/496/2 1589/573/2 1588/571/2
f 1590/574/2 886/497/2 1591/572/2
f 910/496/2 1590/574/2 1589/573/2
f 910/496/2 886/497/2 1590/574/2
f 909/575/2 1481/576/2 910/496/2
f 1481/576/2 886/497/2 910/496/2
f 1481/576/2 1528/577/2 886/497/2
f 1528/577/2 1527/578/2 886/497/2
f 1527/578/2 1526/579/2 886/497/2
f 1526/579/2 1525/580/2 886/497/2
f 1525/580/2 1524/581/2 886/497/2
f 1524/581/2 1521/582/2 886/497/2
f 1521/582/2 1520/583/2 886/497/2
f 1520/583/2 1519/584/2 886/497/2
f 1519/584/2 1518/585/2 886/497/2
f 1518/585/2 1517/586/2 886/497/2
f 1517/586/2 1066/587/2 886/497/2
f 1066/587/2 1065/588/2 886/497/2
f 1065/588/2 1064/589/2 886/497/2
f 1064/589/2 1063/590/2 886/497/2
f 1063/590/2 1061/591/2 886/497/2
f 1061/591/2 1060/592/2 886/497/2
f 1060/592/2 1059/593/2 886/497/2
f 1059/593/2 1058/594/2 886/497/2
f 1058/594/2 1056/595/2 886/497/2
f 1056/595/2 1055/596/2 886/497/2
f 1055/596/2 1054/597/2 886/497/2
f 1054/597/2 887/598/2 886/497/2
f 909/575/2 1482/599/2 1481/576/2
f 1523/600/2 1521/582/2 1524/581/2
f 1522/601/1 1521/582/1 1523/600/1
f 1516/602/2 1199/603/2 1517/586/2
f 1199/603/2 1066/587/2 1517/586/2
f 1199/603/2 1198/604/2 1066/587/2
f 1198/604/2 1197/605/2 1066/587/2
f 1197/605/2 1067/606/2 1066/587/2
f 1062/607/2 1061/591/2 1063/590/2
f 1057/608/2 1056/595/2 1058/594/2
f 1053/609/2 887/598/2 1054/597/2
f 1516/602/2 1200/610/2 1199/603/2
f 1516/602/2 1201/611/2 1200/610/2
f 1516/602/2 1202/612/2 1201/611/2
f 1196/613/2 1067/606/2 1197/605/2
f 1516/602/2 1203/614/2 1202/612/2
f 1195/615/2 1067/606/2 1196/613/2
f 1516/602/2 1204/616/2 1203/614/2
f 1194/617/2 1067/606/2 1195/615/2
f 1516/602/2 1205/618/2 1204/616/2
f 1193/619/2 1067/606/2 1194/617/2
f 1516/602/2 1206/620/2 1205/618/2
f 1192/621/2 1067/606/2 1193/619/2
f 1516/602/2 1207/622/2 1206/620/2
f 1516/602/2 1208/623/2 1207/622/2
f 1516/602/2 1209/624/2 1208/623/2
f 1191/625/2 1067/606/2 1192/621/2
f 1516/602/2 1210/626/2 1209/624/2
f 1516/602/2 1211/627/2 1210/626/2
f 1190/628/2 1067/606/2 1191/625/2
f 1516/602/2 1280/629/2 1211/627/2
f 1280/629/2 1279/630/2 1211/627/2
f 1279/630/2 1212/631/2 1211/627/2
f 1279/630/2 1213/632/2 1212/631/2
f 1189/633/2 1067/606/2 1190/628/2
f 1279/630/2 1214/634/2 1213/632/2
f 1278/635/2 1214/634/2 1279/630/2
f 1516/602/2 1281/636/2 1280/629/2
f 1277/637/2 1214/634/2 1278/635/2
f 1516/602/2 1282/638/2 1281/636/2
f 1277/637/2 1215/639/2 1214/634/2
f 1188/640/2 1067/606/2 1189/633/2
f 1276/641/2 1215/639/2 1277/637/2
f 1516/602/2 1283/642/2 1282/638/2
f 1276/641/2 1216/643/2 1215/639/2
f 1188/640/2 1068/644/2 1067/606/2
f 1515/645/2 1283/642/2 1516/602/2
f 1275/646/2 1216/643/2 1276/641/2
f 1275/646/2 1217/647/2 1216/643/2
f 1274/648/2 1217/647/2 1275/646/2
f 1274/648/2 1218/649/2 1217/647/2
f 1515/645/2 1284/650/2 1283/642/2
f 1273/651/2 1218/649/2 1274/648/2
f 1272/652/2 1218/649/2 1273/651/2
f 1515/645/2 1285/653/2 1284/650/2
f 1187/654/2 1068/644/2 1188/640/2
f 1271/655/2 1218/649/2 1272/652/2
f 1271/655/2 1219/656/2 1218/649/2
f 1270/657/2 1219/656/2 1271/655/2
f 1269/658/2 1219/656/2 1270/657/2
f 1268/659/2 1219/656/2 1269/658/2
f 1515/645/2 1286/660/2 1285/653/2
f 1268/659/2 1220/661/2 1219/656/2
f 1267/662/2 1220/661/2 1268/659/2
f 1266/663/2 1220/661/2 1267/662/2
f 1186/664/2 1068/644/2 1187/654/2
f 909/575/2 1483/665/2 1482/599/2
f 1052/666/2 887/598/2 1053/609/2
f 1266/663/2 1221/667/2 1220/661/2
f 1265/668/2 1221/667/2 1266/663/2
f 1515/645/2 1287/669/2 1286/660/2
f 1264/670/2 1221/667/2 1265/668/2
f 1264/670/2 1222/671/2 1221/667/2
f 1263/672/2 1222/671/2 1264/670/2
f 1262/673/2 1222/671/2 1263/672/2
f 1262/673/2 1223/674/2 1222/671/2
f 1261/675/2 1223/674/2 1262/673/2
f 1185/676/2 1068/644/2 1186/664/2
f 1260/677/2 1223/674/2 1261/675/2
f 1260/677/2 1224/678/2 1223/674/2
f 1515/645/2 1288/679/2 1287/669/2
f 1259/680/2 1224/678/2 1260/677/2
f 1259/680/2 1225/681/2 1224/678/2
f 1258/682/2 1225/681/2 1259/680/2
f 1257/683/2 1225/681/2 1258/682/2
f 1257/683/2 1226/684/2 1225/681/2
f 1256/685/2 1226/684/2 1257/683/2
f 1255/686/2 1226/684/2 1256/685/2
f 1255/686/2 1227/687/2 1226/684/2
f 1052/666/2 888/688/2 887/598/2
f 908/689/2 1483/665/2 909/575/2
f 1184/690/2 1068/644/2 1185/676/2
f 1254/691/2 1227/687/2 1255/686/2
f 1515/645/2 1289/692/2 1288/679/2
f 1253/693/2 1227/687/2 1254/691/2
f 1252/694/2 1227/687/2 1253/693/2
f 1252/694/2 1228/695/2 1227/687/2
f 1251/696/2 1228/695/2 1252/694/2
f 1251/696/2 1229/697/2 1228/695/2
f 1250/698/2 1229/697/2 1251/696/2
f 1183/699/2 1068/644/2 1184/690/2
f 1515/645/2 1290/700/2 1289/692/2
f 1250/698/2 1230/701/2 1229/697/2
f 1249/702/2 1230/701/2 1250/698/2
f 1248/703/2 1230/701/2 1249/702/2
f 1182/704/2 1068/644/2 1183/699/2
f 1515/645/2 1291/705/2 1290/700/2
f 1247/706/2 1230/701/2 1248/703/2
f 1181/707/2 1068/644/2 1182/704/2
f 1246/708/2 1230/701/2 1247/706/2
f 1181/707/2 1069/709/2 1068/644/2
f 1514/710/2 1291/705/2 1515/645/2
f 1514/710/2 1292/711/2 1291/705/2
f 1246/708/2 1231/712/2 1230/701/2
f 1245/713/2 1231/712/2 1246/708/2
f 1360/714/2 1069/709/2 1181/707/2
f 1244/715/2 1231/712/2 1245/713/2
f 1514/710/2 1293/716/2 1292/711/2
f 1243/717/2 1231/712/2 1244/715/2
f 1243/717/2 1232/718/2 1231/712/2
f 1359/719/2 1069/709/2 1360/714/2
f 1242/720/2 1232/718/2 1243/717/2
f 1514/710/2 1294/721/2 1293/716/2
f 1241/722/2 1232/718/2 1242/720/2
f 1358/723/2 1069/709/2 1359/719/2
f 1241/722/2 1233/724/2 1232/718/2
f 1514/710/2 1295/725/2 1294/721/2
f 1240/726/2 1233/724/2 1241/722/2
f 908/689/2 1484/727/2 1483/665/2
f 1051/728/2 888/688/2 1052/666/2
f 1357/729/2 1069/709/2 1358/723/2
f 1239/730/2 1233/724/2 1240/726/2
f 1239/730/2 1234/731/2 1233/724/2
f 1514/710/2 1296/732/2 1295/725/2
f 1238/733/2 1234/731/2 1239/730/2
f 1356/734/2 1069/709/2 1357/729/2
f 1238/733/2 1235/735/2 1234/731/2
f 1237/736/2 1235/735/2 1238/733/2
f 1237/736/2 1236/737/2 1235/735/2
f 1355/738/2 1069/709/2 1356/734/2
f 1514/710/2 1297/739/2 1296/732/2
f 1354/740/2 1069/709/2 1355/738/2
f 1514/710/2 1298/741/2 1297/739/2
f 1353/742/2 1069/709/2 1354/740/2
f 1353/742/2 1070/743/2 1069/709/2
f 1513/744/2 1298/741/2 1514/710/2
f 1352/745/2 1070/743/2 1353/742/2
f 1513/744/2 1299/746/2 1298/741/2
f 1351/747/2 1070/743/2 1352/745/2
f 1513/744/2 1300/748/2 1299/746/2
f 1513/744/2 1301/749/2 1300/748/2
f 1350/750/2 1070/743/2 1351/747/2
f 1513/744/2 1302/751/2 1301/749/2
f 1513/744/2 1303/752/2 1302/751/2
f 1513/744/2 1304/753/2 1303/752/2
f 1513/744/2 1305/754/2 1304/753/2
f 1349/755/2 1070/743/2 1350/750/2
f 1513/744/2 1306/756/2 1305/754/2
f 1513/744/2 1307/757/2 1306/756/2
f 1513/744/2 1308/758/2 1307/757/2
f 1513/744/2 1309/759/2 1308/758/2
f 1513/744/2 1310/760/2 1309/759/2
f 1513/744/2 1311/761/2 1310/760/2
f 1348/762/2 1070/743/2 1349/755/2
f 1513/744/2 1312/763/2 1311/761/2
f 1513/744/2 1313/764/2 1312/763/2
f 1513/744/2 1314/765/2 1313/764/2
f 1513/744/2 1315/766/2 1314/765/2
f 1513/744/2 1316/767/2 1315/766/2
f 1513/744/2 1317/768/2 1316/767/2
f 1513/744/2 1318/769/2 1317/768/2
f 1513/744/2 1319/770/2 1318/769/2
f 1513/744/2 1320/771/2 1319/770/2
f 1513/744/2 1321/772/2 1320/771/2
f 908/689/2 1485/773/2 1484/727/2
f 1050/774/2 888/688/2 1051/728/2
f 1513/744/2 1322/775/2 1321/772/2
f 1513/744/2 1323/776/2 1322/775/2
f 1347/777/2 1070/743/2 1348/762/2
f 1513/744/2 1324/778/2 1323/776/2
f 1347/777/2 1071/779/2 1070/743/2
f 1512/780/2 1324/778/2 1513/744/2
f 1512/780/2 1325/781/2 1324/778/2
f 1512/780/2 1326/782/2 1325/781/2
f 1512/780/2 1327/783/2 1326/782/2
f 1512/780/2 1328/784/2 1327/783/2
f 1050/774/2 889/785/2 888/688/2
f 907/786/2 1485/773/2 908/689/2
f 1512/780/2 1329/787/2 1328/784/2
f 1346/788/2 1071/779/2 1347/777/2
f 1512/780/2 1330/789/2 1329/787/2
f 1512/780/2 1331/790/2 1330/789/2
f 1512/780/2 1332/791/2 1331/790/2
f 1345/792/2 1071/779/2 1346/788/2
f 1512/780/2 1333/793/2 1332/791/2
f 1512/780/2 1334/794/2 1333/793/2
f 1344/795/2 1071/779/2 1345/792/2
f 1344/795/2 1072/796/2 1071/779/2
f 1511/797/2 1334/794/2 1512/780/2
f 1511/797/2 1335/798/2 1334/794/2
f 1343/799/2 1072/796/2 1344/795/2
f 1511/797/2 1336/800/2 1335/798/2
f 907/786/2 1486/801/2 1485/773/2
f 1049/802/2 889/785/2 1050/774/2
f 1511/797/2 1337/803/2 1336/800/2
f 1342/804/2 1072/796/2 1343/799/2
f 1511/797/2 1338/805/2 1337/803/2
f 1341/806/2 1072/796/2 1342/804/2
f 1511/797/2 1339/807/2 1338/805/2
f 1340/808/2 1072/796/2 1341/806/2
f 1511/797/2 1340/808/2 1339/807/2
f 1511/797/2 1072/796/2 1340/808/2
f 1511/797/2 1073/809/2 1072/796/2
f 1510/810/2 1073/809/2 1511/797/2
f 907/786/2 1487/811/2 1486/801/2
f 1048/812/2 889/785/2 1049/802/2
f 1510/810/2 1074/813/2 1073/809/2
f 1509/814/2 1074/813/2 1510/810/2
f 906/815/2 1487/811/2 907/786/2
f 1048/812/2 890/816/2 889/785/2
f 1509/814/2 1075/817/2 1074/813/2
f 1508/818/2 1075/817/2 1509/814/2
f 906/815/2 1488/819/2 1487/811/2
f 1047/820/2 890/816/2 1048/812/2
f 1508/818/2 1076/821/2 1075/817/2
f 1507/822/2 1076/821/2 1508/818/2
f 1507/822/2 1077/823/2 1076/821/2
f 1506/824/2 1077/823/2 1507/822/2
f 906/815/2 1489/825/2 1488/819/2
f 1046/826/2 890/816/2 1047/820/2
f 1506/824/2 1078/827/2 1077/823/2
f 1505/828/2 1078/827/2 1506/824/2
f 1504/829/2 1078/827/2 1505/828/2
f 1504/829/2 1079/830/2 1078/827/2
f 1504/829/2 1080/831/2 1079/830/2
f 1503/832/2 1080/831/2 1504/829/2
f 1503/832/2 1081/833/2 1080/831/2
f 1502/834/2 1081/833/2 1503/832/2
f 1502/834/2 1082/835/2 1081/833/2
f 1501/836/2 1082/835/2 1502/834/2
f 906/815/2 1490/837/2 1489/825/2
f 1045/838/2 890/816/2 1046/826/2
f 1501/836/2 1083/839/2 1082/835/2
f 1500/840/2 1083/839/2 1501/836/2
f 905/841/2 1490/837/2 906/815/2
f 1045/838/2 891/842/2 890/816/2
f 1500/840/2 1084/843/2 1083/839/2
f 1499/844/2 1084/843/2 1500/840/2
f 1499/844/2 1085/845/2 1084/843/2
f 1498/846/2 1085/845/2 1499/844/2
f 905/841/2 1491/847/2 1490/837/2
f 1044/848/2 891/842/2 1045/838/2
f 1498/846/2 1086/849/2 1085/845/2
f 1497/850/2 1086/849/2 1498/846/2
f 1497/850/2 1087/851/2 1086/849/2
f 1496/852/2 1087/851/2 1497/850/2
f 905/841/2 1492/853/2 1491/847/2
f 1043/854/2 891/842/2 1044/848/2
f 1496/852/2 1088/855/2 1087/851/2
f 1495/856/2 1088/855/2 1496/852/2
f 905/841/2 1493/857/2 1492/853/2
f 1042/858/2 891/842/2 1043/854/2
f 1495/856/2 1089/859/2 1088/855/2
f 1494/860/2 1089/859/2 1495/856/2
f 1494/860/2 1042/858/2 1089/859/2
f 1493/857/2 1042/858/2 1494/860/2
f 905/841/2 1042/858/2 1493/857/2
f 905/841/2 891/842/2 1042/858/2
f 904/861/2 891/842/2 905/841/2
f 904/861/2 892/862/2 891/842/2
f 903/863/2 892/862/2 904/861/2
f 903/863/2 893/864/2 892/862/2
f 902/865/2 893/864/2 903/863/2
f 902/865/2 894/866/2 893/864/2
f 901/867/2 894/866/2 902/865/2
f 901/867/2 895/868/2 894/866/2
f 900/869/2 895/868/2 901/867/2
f 900/869/2 896/870/2 895/868/2
f 899/871/2 896/870/2 900/869/2
f 899/871/2 897/872/2 896/870/2
f 898/873/2 897/872/2 899/871/2
f 324/605/7 323/613/7 1196/613/7 1197/605/7
f 46/6/8 45/11/8 918/11/8 919/6/8
f 577/219/9 576/210/9 1449/210/9 1450/219/9
f 757/414/10 756/412/10 1629/412/10 1630/414/10
f 596/84/11 595/220/11 1468/220/11 1469/84/11
f 750/413/12 749/415/12 1622/415/12 1623/413/12
f 330/614/13 329/612/13 1202/612/13 1203/614/13
f 254/12/14 253/13/14 1126/13/14 1127/12/14
f 323/613/15 322/615/15 1195/615/15 1196/613/15
f 91/217/16 90/221/16 963/221/16 964/217/16
f 758/416/17 757/414/17 1630/414/17 1631/416/17
f 749/415/18 748/417/18 1621/417/18 1622/415/18
f 331/616/19 330/614/19 1203/614/19 1204/616/19
f 111/222/20 110/215/20 983/215/20 984/222/20
f 5/14/21 4/8/21 877/8/21 878/14/21
f 322/615/22 321/617/22 1194/617/22 1195/615/22
f 578/223/23 577/219/23 1450/219/23 1451/223/23
f 759/418/24 758/416/24 1631/416/24 1632/418/24
f 551/15/25 550/9/25 1423/9/25 1424/15/25
f 595/220/26 594/224/26 1467/224/26 1468/220/26
f 748/417/27 747/419/27 1620/419/27 1621/417/27
f 548/10/28 547/16/28 1420/16/28 1421/10/28
f 332/618/29 331/616/29 1204/616/29 1205/618/29
f 321/617/30 320/619/30 1193/619/30 1194/617/30
f 90/221/16 89/225/16 962/225/16 963/221/16
f 547/16/31 546/17/31 1419/17/31 1420/16/31
f 333/620/32 332/618/32 1205/618/32 1206/620/32
f 112/226/33 111/222/33 984/222/33 985/226/33
f 687/421/34 686/403/34 1559/403/34 1560/421/34
f 552/18/35 551/15/35 1424/15/35 1425/18/35
f 320/619/36 319/621/36 1192/621/36 1193/619/36
f 89/225/16 88/227/16 961/227/16 962/225/16
f 856/404/37 855/422/37 1728/422/37 1729/404/37
f 546/17/38 545/19/38 1418/19/38 1419/17/38
f 334/622/32 333/620/32 1206/620/32 1207/622/32
f 579/228/39 578/223/39 1451/223/39 1452/228/39
f 760/423/40 759/418/40 1632/418/40 1633/423/40
f 553/20/41 552/18/41 1425/18/41 1426/20/41
f 594/224/42 593/229/42 1466/229/42 1467/224/42
f 747/419/43 746/424/43 1619/424/43 1620/419/43
f 545/19/44 544/21/44 1417/21/44 1418/19/44
f 335/623/32 334/622/32 1207/622/32 1208/623/32
f 88/227/16 87/230/16 960/230/16 961/227/16
f 336/624/32 335/623/32 1208/623/32 1209/624/32
f 814/425/45 813/420/45 1686/420/45 1687/425/45
f 554/22/46 553/20/46 1426/20/46 1427/22/46
f 319/621/47 318/625/47 1191/625/47 1192/621/47
f 544/21/48 543/23/48 1416/23/48 1417/21/48
f 113/231/49 112/226/49 985/226/49 986/231/49
f 761/426/50 760/423/50 1633/423/50 1634/426/50
f 593/229/51 592/232/51 1465/232/51 1466/229/51
f 746/424/52 745/427/52 1618/427/52 1619/424/52
f 543/23/53 542/24/53 1415/24/53 1416/23/53
f 337/626/32 336/624/32 1209/624/32 1210/626/32
f 87/230/16 86/233/16 959/233/16 960/230/16
f 253/13/54 252/25/54 1125/25/54 1126/13/54
f 338/627/32 337/626/32 1210/626/32 1211/627/32
f 762/428/55 761/426/55 1634/426/55 1635/428/55
f 318/625/56 317/628/56 1190/628/56 1191/625/56
f 745/427/57 744/429/57 1617/429/57 1618/427/57
f 580/234/58 579/228/58 1452/228/58 1453/234/58
f 555/26/59 554/22/59 1427/22/59 1428/26/59
f 84/236/60 83/235/60 956/235/60 957/236/60
f 252/25/61 251/27/61 1124/27/61 1125/25/61
f 815/430/62 814/425/62 1687/425/62 1688/430/62
f 407/629/63 406/630/63 1279/630/63 1280/629/63
f 85/237/64 84/236/64 957/236/64 958/237/64
f 813/420/65 812/431/65 1685/431/65 1686/420/65
f 83/235/66 82/238/66 955/238/66 956/235/66
f 255/28/67 254/12/67 1127/12/67 1128/28/67
f 251/27/68 250/29/68 1123/29/68 1124/27/68
f 339/631/32 338/627/32 1211/627/32 1212/631/32
f 86/233/69 85/237/69 958/237/69 959/233/69
f 816/432/70 815/430/70 1688/430/70 1689/432/70
f 812/431/71 811/433/71 1684/433/71 1685/431/71
f 542/24/72 541/30/72 1414/30/72 1415/24/72
f 340/632/32 339/631/32 1212/631/32 1213/632/32
f 317/628/73 316/633/73 1189/633/73 1190/628/73
f 82/238/74 81/239/74 954/239/74 955/238/74
f 817/434/75 816/432/75 1689/432/75 1690/434/75
f 256/31/76 255/28/76 1128/28/76 1129/31/76
f 230/175/77 229/200/77 1102/200/77 1103/175/77
f 811/433/78 810/435/78 1683/435/78 1684/433/78
f 250/29/79 249/32/79 1122/32/79 1123/29/79
f 341/634/32 340/632/32 1213/632/32 1214/634/32
f 406/630/80 405/635/80 1278/635/80 1279/630/80
f 592/232/81 591/240/81 1464/240/81 1465/232/81
f 818/436/82 817/434/82 1690/434/82 1691/436/82
f 257/33/76 256/31/76 1129/31/76 1130/33/76
f 408/636/83 407/629/83 1280/629/83 1281/636/83
f 581/241/84 580/234/84 1453/234/84 1454/241/84
f 763/437/85 762/428/85 1635/428/85 1636/437/85
f 556/34/86 555/26/86 1428/26/86 1429/34/86
f 405/635/87 404/637/87 1277/637/87 1278/635/87
f 81/239/88 80/242/88 953/242/88 954/239/88
f 744/429/89 743/438/89 1616/438/89 1617/429/89
f 258/35/76 257/33/76 1130/33/76 1131/35/76
f 810/435/90 809/439/90 1682/439/90 1683/435/90
f 409/638/91 408/636/91 1281/636/91 1282/638/91
f 114/243/92 113/231/92 986/231/92 987/243/92
f 259/36/76 258/35/76 1131/35/76 1132/36/76
f 591/240/93 590/244/93 1463/244/93 1464/240/93
f 541/30/94 540/37/94 1413/37/94 1414/30/94
f 342/639/32 341/634/32 1214/634/32 1215/639/32
f 819/440/95 818/436/95 1691/436/95 1692/440/95
f 316/633/96 315/640/96 1188/640/96 1189/633/96
f 217/246/97 228/245/97 1101/245/97 1090/246/97
f 249/32/98 248/38/98 1121/38/98 1122/32/98
f 835/441/99 834/407/99 1707/407/99 1708/441/99
f 404/637/100 403/641/100 1276/641/100 1277/637/100
f 218/247/101 217/246/101 1090/246/101 1091/247/101
f 660/408/102 659/442/102 1532/442/102 1533/408/102
f 260/39/76 259/36/76 1132/36/76 1133/39/76
f 582/248/103 581/241/103 1454/241/103 1455/248/103
f 809/439/104 808/443/104 1681/443/104 1682/439/104
f 410/642/105 409/638/105 1282/638/105 1283/642/105
f 80/242/106 79/249/106 952/249/106 953/242/106
f 261/40/76 260/39/76 1133/39/76 1134/40/76
f 343/643/32 342/639/32 1215/639/32 1216/643/32
f 590/244/107 589/250/107 1462/250/107 1463/244/107
f 764/444/108 763/437/108 1636/437/108 1637/444/108
f 557/41/109 556/34/109 1429/34/109 1430/41/109
f 743/438/110 742/445/110 1615/445/110 1616/438/110
f 248/38/111 247/42/111 1120/42/111 1121/38/111
f 195/644/112 194/606/112 1067/606/112 1068/644/112
f 643/602/113 642/645/113 1515/645/113 1516/602/113
f 583/251/114 582/248/114 1455/248/114 1456/251/114
f 540/37/115 539/43/115 1412/43/115 1413/37/115
f 589/250/116 588/252/116 1461/252/116 1462/250/116
f 820/446/117 819/440/117 1692/440/117 1693/446/117
f 403/641/118 402/646/118 1275/646/118 1276/641/118
f 808/443/119 807/447/119 1680/447/119 1681/443/119
f 79/249/120 78/253/120 951/253/120 952/249/120
f 344/647/32 343/643/32 1216/643/32 1217/647/32
f 821/448/121 820/446/121 1693/446/121 1694/448/121
f 262/45/76 261/40/76 1134/40/76 1135/45/76
f 402/646/122 401/648/122 1274/648/122 1275/646/122
f 584/254/123 583/251/123 1456/251/123 1457/254/123
f 588/252/124 587/255/124 1460/255/124 1461/252/124
f 704/449/125 764/444/125 1637/444/125 1577/449/125
f 263/46/76 262/45/76 1135/45/76 1136/46/76
f 742/445/126 741/450/126 1614/450/126 1615/445/126
f 247/42/127 246/47/127 1119/47/127 1120/42/127
f 345/649/128 344/647/128 1217/647/128 1218/649/128
f 115/256/129 114/243/129 987/243/129 988/256/129
f 411/650/130 410/642/130 1283/642/130 1284/650/130
f 587/255/131 586/257/131 1459/257/131 1460/255/131
f 688/451/132 687/421/132 1560/421/132 1561/451/132
f 264/48/76 263/46/76 1136/46/76 1137/48/76
f 401/648/133 400/651/133 1273/651/133 1274/648/133
f 855/422/134 854/452/134 1727/452/134 1728/422/134
f 539/43/135 538/49/135 1411/49/135 1412/43/135
f 400/651/136 399/652/136 1272/652/136 1273/651/136
f 585/258/137 584/254/137 1457/254/137 1458/258/137
f 807/447/138 806/453/138 1679/453/138 1680/447/138
f 558/50/139 557/41/139 1430/41/139 1431/50/139
f 586/257/140 585/258/140 1458/258/140 1459/257/140
f 412/653/141 411/650/141 1284/650/141 1285/653/141
f 822/454/142 821/448/142 1694/448/142 1695/454/142
f 265/51/76 264/48/76 1137/48/76 1138/51/76
f 315/640/143 314/654/143 1187/654/143 1188/640/143
f 538/49/144 537/52/144 1410/52/144 1411/49/144
f 78/253/145 77/259/145 950/259/145 951/253/145
f 705/455/4 704/449/4 1577/449/4 1578/455/4
f 399/652/146 398/655/146 1271/655/146 1272/652/146
f 741/450/147 740/456/147 1613/456/147 1614/450/147
f 537/52/148 536/53/148 1409/53/148 1410/52/148
f 77/259/149 76/260/149 949/260/149 950/259/149
f 806/453/150 805/457/150 1678/457/150 1679/453/150
f 346/656/151 345/649/151 1218/649/151 1219/656/151
f 298/54/152 303/44/152 1176/44/152 1171/54/152
f 398/655/153 397/657/153 1270/657/153 1271/655/153
f 299/261/154 298/54/154 1171/54/154 1172/261/154
f 303/44/155 302/55/155 1175/55/155 1176/44/155
f 823/458/156 822/454/156 1695/454/156 1696/458/156
f 397/657/157 396/658/157 1269/658/157 1270/657/157
f 116/262/158 115/256/158 988/256/158 989/262/158
f 740/456/147 739/459/147 1612/459/147 1613/456/147
f 269/203/77 268/59/77 1141/59/77 1142/203/77
f 266/56/76 265/51/76 1138/51/76 1139/56/76
f 396/658/159 395/659/159 1268/659/159 1269/658/159
f 805/457/160 804/460/160 1677/460/160 1678/457/160
f 267/57/76 266/56/76 1139/56/76 1140/57/76
f 413/660/161 412/653/161 1285/653/161 1286/660/161
f 76/260/162 75/264/162 948/264/162 949/260/162
f 824/461/163 823/458/163 1696/458/163 1697/461/163
f 804/460/164 803/462/164 1676/462/164 1677/460/164
f 347/661/165 346/656/165 1219/656/165 1220/661/165
f 42/191/166 41/265/166 914/265/166 915/191/166
f 268/59/167 267/57/167 1140/57/167 1141/59/167
f 395/659/168 394/662/168 1267/662/168 1268/659/168
f 739/459/147 738/463/147 1611/463/147 1612/459/147
f 246/47/169 245/60/169 1118/60/169 1119/47/169
f 394/662/170 393/663/170 1266/663/170 1267/662/170
f 9/266/171 8/192/171 881/192/171 882/266/171
f 228/245/172 227/267/172 1100/267/172 1101/245/172
f 825/464/173 824/461/173 1697/461/173 1698/464/173
f 559/61/174 558/50/174 1431/50/174 1432/61/174
f 314/654/175 313/664/175 1186/664/175 1187/654/175
f 39/401/176 38/465/176 911/465/176 912/401/176
f 45/11/177 44/62/177 917/62/177 918/11/177
f 219/168/178 218/247/178 1091/247/178 1092/168/178
f 610/665/179 609/599/179 1482/599/179 1483/665/179
f 12/466/180 11/402/180 884/402/180 885/466/180
f 6/63/181 5/14/181 878/14/181 879/63/181
f 180/609/182 179/666/182 1052/666/182 1053/609/182
f 117/268/183 116/262/183 989/262/183 990/268/183
f 803/462/184 802/467/184 1675/467/184 1676/462/184
f 245/60/185 244/64/185 1117/64/185 1118/60/185
f 75/264/186 74/269/186 947/269/186 948/264/186
f 518/66/187 517/65/187 1390/65/187 1391/66/187
f 348/667/188 347/661/188 1220/661/188 1221/667/188
f 300/166/189 299/261/189 1172/261/189 1173/166/189
f 765/468/190 825/464/190 1698/464/190 1638/468/190
f 393/663/191 392/668/191 1265/668/191 1266/663/191
f 802/467/192 801/469/192 1674/469/192 1675/467/192
f 519/67/193 518/66/193 1391/66/193 1392/67/193
f 517/65/194 516/68/194 1389/68/194 1390/65/194
f 414/669/195 413/660/195 1286/660/195 1287/669/195
f 766/470/196 765/468/196 1638/468/196 1639/470/196
f 392/668/197 391/670/197 1264/670/197 1265/668/197
f 74/269/198 73/271/198 946/271/198 947/269/198
f 738/463/147 737/471/147 1610/471/147 1611/463/147
f 520/69/199 519/67/199 1392/67/199 1393/69/199
f 516/68/200 515/70/200 1388/70/200 1389/68/200
f 801/469/192 800/472/192 1673/472/192 1674/469/192
f 349/671/201 348/667/201 1221/667/201 1222/671/201
f 118/272/202 117/268/202 990/268/202 991/272/202
f 391/670/203 390/672/203 1263/672/203 1264/670/203
f 73/271/204 72/273/204 945/273/204 946/271/204
f 560/71/205 559/61/205 1432/61/205 1433/71/205
f 689/473/206 688/451/206 1561/451/206 1562/473/206
f 390/672/207 389/673/207 1262/673/207 1263/672/207
f 854/452/208 853/474/208 1726/474/208 1727/452/208
f 521/72/209 520/69/209 1393/69/209 1394/72/209
f 158/274/210 157/208/210 1030/208/210 1031/274/210
f 515/70/211 514/73/211 1387/73/211 1388/70/211
f 157/208/212 156/275/212 1029/275/212 1030/208/212
f 800/472/192 799/475/192 1672/475/192 1673/472/192
f 350/674/213 349/671/213 1222/671/213 1223/674/213
f 389/673/214 388/675/214 1261/675/214 1262/673/214
f 522/74/215 521/72/215 1394/72/215 1395/74/215
f 159/276/216 158/274/216 1031/274/216 1032/276/216
f 836/476/217 835/441/217 1708/441/217 1709/476/217
f 244/64/218 243/75/218 1116/75/218 1117/64/218
f 313/664/219 312/676/219 1185/676/219 1186/664/219
f 72/273/204 71/277/204 944/277/204 945/273/204
f 659/442/220 658/477/220 1531/477/220 1532/442/220
f 302/55/189 301/76/189 1174/76/189 1175/55/189
f 388/675/221 387/677/221 1260/677/221 1261/675/221
f 799/475/192 798/478/192 1671/478/192 1672/475/192
f 160/278/216 159/276/216 1032/276/216 1033/278/216
f 536/53/222 535/77/222 1408/77/222 1409/53/222
f 737/471/147 736/479/147 1609/479/147 1610/471/147
f 351/678/223 350/674/223 1223/674/223 1224/678/223
f 161/279/224 160/278/224 1033/278/224 1034/279/224
f 535/77/222 534/78/222 1407/78/222 1408/77/222
f 71/277/204 70/280/204 943/280/204 944/277/204
f 798/478/192 797/480/192 1670/480/192 1671/478/192
f 415/679/225 414/669/225 1287/669/225 1288/679/225
f 514/73/226 513/79/226 1386/79/226 1387/73/226
f 387/677/227 386/680/227 1259/680/227 1260/677/227
f 797/480/192 796/481/192 1669/481/192 1670/480/192
f 162/281/224 161/279/224 1034/279/224 1035/281/224
f 534/78/222 533/80/222 1406/80/222 1407/78/222
f 736/479/147 735/482/147 1608/482/147 1609/479/147
f 352/681/228 351/678/228 1224/678/228 1225/681/228
f 163/282/216 162/281/216 1035/281/216 1036/282/216
f 386/680/229 385/682/229 1258/682/229 1259/680/229
f 468/806/230 467/808/230 1340/808/230 1341/806/230
f 523/81/231 522/74/231 1395/74/231 1396/81/231
f 119/283/232 118/272/232 991/272/232 992/283/232
f 690/483/233 689/473/233 1562/473/233 1563/483/233
f 533/80/222 532/82/222 1405/82/222 1406/80/222
f 385/682/234 384/683/234 1257/683/234 1258/682/234
f 853/474/235 852/484/235 1725/484/235 1726/474/235
f 467/808/236 466/807/236 1339/807/236 1340/808/236
f 164/284/216 163/282/216 1036/282/216 1037/284/216
f 532/82/222 531/83/222 1404/83/222 1405/82/222
f 70/280/204 69/285/204 942/285/204 943/280/204
f 796/481/192 795/485/192 1668/485/192 1669/481/192
f 353/684/237 352/681/237 1225/681/237 1226/684/237
f 384/683/238 383/685/238 1256/685/238 1257/683/238
f 200/809/239 199/796/239 1072/796/239 1073/809/239
f 638/797/240 637/810/240 1510/810/240 1511/797/240
f 827/286/241 826/270/241 1699/270/241 1700/286/241
f 837/486/242 836/476/242 1709/476/242 1710/486/242
f 531/83/222 530/85/222 1403/85/222 1404/83/222
f 383/685/243 382/686/243 1255/686/243 1256/685/243
f 826/270/147 873/287/147 1746/287/147 1699/270/147
f 658/477/244 657/487/244 1530/487/244 1531/477/244
f 614/811/245 613/801/245 1486/801/245 1487/811/245
f 735/482/147 734/488/147 1607/488/147 1608/482/147
f 561/86/246 560/71/246 1433/71/246 1434/86/246
f 354/687/247 353/684/247 1226/684/247 1227/687/247
f 176/802/248 175/812/248 1048/812/248 1049/802/248
f 669/288/4 668/263/4 1541/263/4 1542/288/4
f 513/79/249 512/87/249 1385/87/249 1386/79/249
f 668/263/250 667/289/250 1540/289/250 1541/263/250
f 795/485/192 794/489/192 1667/489/192 1668/485/192
f 15/688/108 14/598/108 887/598/108 888/688/108
f 36/575/110 35/689/110 908/689/110 909/575/110
f 201/813/251 200/809/251 1073/809/251 1074/813/251
f 307/106/252 306/132/252 1179/132/252 1180/106/252
f 794/489/192 793/490/192 1666/490/192 1667/489/192
f 524/88/253 523/81/253 1396/81/253 1397/88/253
f 637/810/254 636/814/254 1509/814/254 1510/810/254
f 530/85/222 529/89/222 1402/89/222 1403/85/222
f 312/676/255 311/690/255 1184/690/255 1185/676/255
f 156/275/256 155/290/256 1028/290/256 1029/275/256
f 734/488/147 733/491/147 1606/491/147 1607/488/147
f 34/786/57 33/815/57 906/815/57 907/786/57
f 382/686/257 381/691/257 1254/691/257 1255/686/257
f 852/484/258 851/492/258 1724/492/258 1725/484/258
f 562/90/246 561/86/246 1434/86/246 1435/90/246
f 165/291/224 164/284/224 1037/284/224 1038/291/224
f 275/92/259 274/91/259 1147/91/259 1148/92/259
f 17/816/55 16/785/55 889/785/55 890/816/55
f 873/287/147 872/292/147 1745/292/147 1746/287/147
f 416/692/260 415/679/260 1288/679/260 1289/692/260
f 691/493/261 690/483/261 1563/483/261 1564/493/261
f 276/93/262 275/92/262 1148/92/262 1149/93/262
f 381/691/263 380/693/263 1253/693/263 1254/691/263
f 202/817/264 201/813/264 1074/813/264 1075/817/264
f 793/490/192 792/494/192 1665/494/192 1666/490/192
f 529/89/222 528/94/222 1401/94/222 1402/89/222
f 636/814/265 635/818/265 1508/818/265 1509/814/265
f 670/293/4 669/288/4 1542/288/4 1543/293/4
f 380/693/266 379/694/266 1252/694/266 1253/693/266
f 792/494/192 791/495/192 1664/495/192 1665/494/192
f 274/91/77 273/95/77 1146/95/77 1147/91/77
f 166/294/224 165/291/224 1038/291/224 1039/294/224
f 615/819/267 614/811/267 1487/811/267 1488/819/267
f 38/465/268 37/496/268 910/496/268 911/465/268
f 355/695/269 354/687/269 1227/687/269 1228/695/269
f 175/812/270 174/820/270 1047/820/270 1048/812/270
f 167/295/216 166/294/216 1039/294/216 1040/295/216
f 277/96/271 276/93/271 1149/93/271 1150/96/271
f 379/694/272 378/696/272 1251/696/272 1252/694/272
f 69/285/204 68/296/204 941/296/204 942/285/204
f 528/94/222 527/97/222 1400/97/222 1401/94/222
f 13/497/273 12/466/273 885/466/273 886/497/273
f 203/821/274 202/817/274 1075/817/274 1076/821/274
f 872/292/147 871/297/147 1744/297/147 1745/292/147
f 733/491/147 732/498/147 1605/498/147 1606/491/147
f 243/75/275 242/98/275 1115/98/275 1116/75/275
f 356/697/276 355/695/276 1228/695/276 1229/697/276
f 635/818/277 634/822/277 1507/822/277 1508/818/277
f 378/696/278 377/698/278 1250/698/278 1251/696/278
f 791/495/192 790/499/192 1663/499/192 1664/495/192
f 527/97/222 526/99/222 1399/99/222 1400/97/222
f 671/298/4 670/293/4 1543/293/4 1544/298/4
f 311/690/279 310/699/279 1183/699/279 1184/690/279
f 204/823/280 203/821/280 1076/821/280 1077/823/280
f 790/499/281 789/500/281 1662/500/281 1663/499/281
f 634/822/282 633/824/282 1506/824/282 1507/822/282
f 168/299/216 167/295/216 1040/295/216 1041/299/216
f 563/100/246 562/90/246 1435/90/246 1436/100/246
f 417/700/283 416/692/283 1289/692/283 1290/700/283
f 49/300/210 168/299/210 1041/299/210 922/300/210
f 767/501/284 766/470/284 1639/470/284 1640/501/284
f 278/101/285 277/96/285 1150/96/285 1151/101/285
f 616/825/286 615/819/286 1488/819/286 1489/825/286
f 789/500/287 788/502/287 1661/502/287 1662/500/287
f 512/87/288 511/102/288 1384/102/288 1385/87/288
f 357/701/289 356/697/289 1229/697/289 1230/701/289
f 174/820/290 173/826/290 1046/826/290 1047/820/290
f 50/301/291 49/300/291 922/300/291 923/301/291
f 377/698/292 376/702/292 1249/702/292 1250/698/292
f 526/99/222 525/103/222 1398/103/222 1399/99/222
f 828/302/293 827/286/293 1700/286/293 1701/302/293
f 768/503/294 767/501/294 1640/501/294 1641/503/294
f 376/702/295 375/703/295 1248/703/295 1249/702/295
f 205/827/296 204/823/296 1077/823/296 1078/827/296
f 667/289/297 666/303/297 1539/303/297 1540/289/297
f 525/103/222 524/88/222 1397/88/222 1398/103/222
f 633/824/298 632/828/298 1505/828/298 1506/824/298
f 838/504/299 837/486/299 1710/486/299 1711/504/299
f 310/699/300 309/704/300 1182/704/300 1183/699/300
f 657/487/301 656/505/301 1529/505/301 1530/487/301
f 632/828/147 631/829/147 1504/829/147 1505/828/147
f 120/304/302 119/283/302 992/283/302 993/304/302
f 511/102/288 510/104/288 1383/104/288 1384/102/288
f 225/306/178 224/305/178 1097/305/178 1098/306/178
f 788/502/303 787/506/303 1660/506/303 1661/502/303
f 418/705/304 417/700/304 1290/700/304 1291/705/304
f 375/703/305 374/706/305 1247/706/305 1248/703/305
f 206/830/4 205/827/4 1078/827/4 1079/830/4
f 226/307/306 225/306/306 1098/306/306 1099/307/306
f 305/105/307 304/58/307 1177/58/307 1178/105/307
f 155/290/308 154/308/308 1027/308/308 1028/290/308
f 769/507/309 768/503/309 1641/503/309 1642/507/309
f 304/58/310 307/106/310 1180/106/310 1177/58/310
f 309/704/311 308/707/311 1181/707/311 1182/704/311
f 207/831/4 206/830/4 1079/830/4 1080/831/4
f 732/498/147 731/508/147 1604/508/147 1605/498/147
f 631/829/147 630/832/147 1503/832/147 1504/829/147
f 68/296/204 67/309/204 940/309/204 941/296/204
f 273/95/312 272/107/312 1145/107/312 1146/95/312
f 374/706/313 373/708/313 1246/708/313 1247/706/313
f 787/506/314 786/509/314 1659/509/314 1660/506/314
f 871/297/147 870/310/147 1743/310/147 1744/297/147
f 208/833/4 207/831/4 1080/831/4 1081/833/4
f 851/492/315 850/510/315 1723/510/315 1724/492/315
f 279/108/316 278/101/316 1151/101/316 1152/108/316
f 196/709/317 195/644/317 1068/644/317 1069/709/317
f 630/832/147 629/834/147 1502/834/147 1503/832/147
f 642/645/318 641/710/318 1514/710/318 1515/645/318
f 672/311/4 671/298/4 1544/298/4 1545/311/4
f 564/109/246 563/100/246 1436/100/246 1437/109/246
f 692/511/319 691/493/319 1564/493/319 1565/511/319
f 510/104/288 509/110/288 1382/110/288 1383/104/288
f 209/835/4 208/833/4 1081/833/4 1082/835/4
f 51/312/320 50/301/320 923/301/320 924/312/320
f 419/711/321 418/705/321 1291/705/321 1292/711/321
f 629/834/147 628/836/147 1501/836/147 1502/834/147
f 770/512/322 769/507/322 1642/507/322 1643/512/322
f 242/98/323 241/111/323 1114/111/323 1115/98/323
f 67/309/204 66/313/204 939/313/204 940/309/204
f 786/509/324 785/513/324 1658/513/324 1659/509/324
f 358/712/325 357/701/325 1230/701/325 1231/712/325
f 373/708/326 372/713/326 1245/713/326 1246/708/326
f 617/837/327 616/825/327 1489/825/327 1490/837/327
f 280/112/328 279/108/328 1152/108/328 1153/112/328
f 173/826/329 172/838/329 1045/838/329 1046/826/329
f 121/314/330 120/304/330 993/304/330 994/314/330
f 771/514/331 770/512/331 1643/512/331 1644/514/331
f 509/110/288 508/113/288 1381/113/288 1382/110/288
f 308/707/332 487/714/332 1360/714/332 1181/707/332
f 154/308/333 153/315/333 1026/315/333 1027/308/333
f 731/508/147 730/515/147 1603/515/147 1604/508/147
f 372/713/334 371/715/334 1244/715/334 1245/713/334
f 210/839/4 209/835/4 1082/835/4 1083/839/4
f 870/310/147 869/316/147 1742/316/147 1743/310/147
f 785/513/335 784/516/335 1657/516/335 1658/513/335
f 565/114/246 564/109/246 1437/109/246 1438/114/246
f 628/836/147 627/840/147 1500/840/147 1501/836/147
f 281/115/336 280/112/336 1153/112/336 1154/115/336
f 420/716/337 419/711/337 1292/711/337 1293/716/337
f 33/815/52 32/841/52 905/841/52 906/815/52
f 673/317/4 672/311/4 1545/311/4 1546/317/4
f 772/517/338 771/514/338 1644/514/338 1645/517/338
f 241/111/339 240/116/339 1113/116/339 1114/111/339
f 371/715/340 370/717/340 1243/717/340 1244/715/340
f 784/516/341 783/518/341 1656/518/341 1657/516/341
f 829/318/342 828/302/342 1701/302/342 1702/318/342
f 508/113/288 507/117/288 1380/117/288 1381/113/288
f 18/842/50 17/816/50 890/816/50 891/842/50
f 666/303/343 665/319/343 1538/319/343 1539/303/343
f 359/718/344 358/712/344 1231/712/344 1232/718/344
f 773/519/39 772/517/39 1645/517/39 1646/519/39
f 487/714/345 486/719/345 1359/719/345 1360/714/345
f 211/843/4 210/839/4 1083/839/4 1084/843/4
f 730/515/147 729/520/147 1602/520/147 1603/515/147
f 282/118/346 281/115/346 1154/115/346 1155/118/346
f 627/840/147 626/844/147 1499/844/147 1500/840/147
f 52/320/347 51/312/347 924/312/347 925/320/347
f 370/717/348 369/720/348 1242/720/348 1243/717/348
f 66/313/204 65/321/204 938/321/204 939/313/204
f 783/518/349 782/521/349 1655/521/349 1656/518/349
f 566/119/246 565/114/246 1438/114/246 1439/119/246
f 240/116/350 239/120/350 1112/120/350 1113/116/350
f 212/845/4 211/843/4 1084/843/4 1085/845/4
f 421/721/351 420/716/351 1293/716/351 1294/721/351
f 626/844/147 625/846/147 1498/846/147 1499/844/147
f 153/315/352 152/322/352 1025/322/352 1026/315/352
f 774/522/353 773/519/353 1646/519/353 1647/522/353
f 369/720/354 368/722/354 1241/722/354 1242/720/354
f 283/121/355 282/118/355 1155/118/355 1156/121/355
f 706/523/273 705/455/273 1578/455/273 1579/523/273
f 507/117/288 506/122/288 1379/122/288 1380/117/288
f 486/719/356 485/723/356 1358/723/356 1359/719/356
f 618/847/357 617/837/357 1490/837/357 1491/847/357
f 122/323/358 121/314/358 994/314/358 995/323/358
f 729/520/268 728/524/268 1601/524/268 1602/520/268
f 172/838/359 171/848/359 1044/848/359 1045/838/359
f 44/62/360 43/123/360 916/123/360 917/62/360
f 53/324/361 52/320/361 925/320/361 926/324/361
f 782/521/362 781/525/362 1654/525/362 1655/521/362
f 360/724/363 359/718/363 1232/718/363 1233/724/363
f 213/849/4 212/845/4 1085/845/4 1086/849/4
f 123/325/358 122/323/358 995/323/358 996/325/358
f 422/725/364 421/721/364 1294/721/364 1295/725/364
f 625/846/147 624/850/147 1497/850/147 1498/846/147
f 775/526/365 774/522/365 1647/522/365 1648/526/365
f 368/722/366 367/726/366 1240/726/366 1241/722/366
f 869/316/147 868/326/147 1741/326/147 1742/316/147
f 781/525/367 780/527/367 1653/527/367 1654/525/367
f 7/125/368 6/63/368 879/63/368 880/125/368
f 214/851/4 213/849/4 1086/849/4 1087/851/4
f 611/727/369 610/665/369 1483/665/369 1484/727/369
f 624/850/147 623/852/147 1496/852/147 1497/850/147
f 674/327/4 673/317/4 1546/317/4 1547/327/4
f 776/528/370 775/526/370 1648/526/370 1649/528/370
f 102/126/371 101/127/371 974/127/371 975/126/371
f 179/666/372 178/728/372 1051/728/372 1052/666/372
f 65/321/204 64/328/204 937/328/204 938/321/204
f 780/527/373 779/529/373 1652/529/373 1653/527/373
f 101/127/374 100/128/374 973/128/374 974/127/374
f 485/723/375 484/729/375 1357/729/375 1358/723/375
f 619/853/376 618/847/376 1491/847/376 1492/853/376
f 171/848/377 170/854/377 1043/854/377 1044/848/377
f 124/329/358 123/325/358 996/325/358 997/329/358
f 777/530/378 776/528/378 1649/528/378 1650/530/378
f 100/128/379 99/129/379 972/129/379 973/128/379
f 367/726/380 366/730/380 1239/730/380 1240/726/380
f 222/330/306 221/167/306 1094/167/306 1095/330/306
f 707/531/180 706/523/180 1579/523/180 1580/531/180
f 99/129/381 98/130/381 971/130/381 972/129/381
f 215/855/4 214/851/4 1087/851/4 1088/855/4
f 224/305/382 223/331/382 1096/331/382 1097/305/382
f 728/524/176 727/532/176 1600/532/176 1601/524/176
f 361/731/383 360/724/383 1233/724/383 1234/731/383
f 623/852/147 622/856/147 1495/856/147 1496/852/147
f 98/130/384 97/131/384 970/131/384 971/130/384
f 779/529/385 778/533/385 1651/533/385 1652/529/385
f 423/732/386 422/725/386 1295/725/386 1296/732/386
f 54/332/387 53/324/387 926/324/387 927/332/387
f 366/730/388 365/733/388 1238/733/388 1239/730/388
f 620/857/389 619/853/389 1492/853/389 1493/857/389
f 227/267/178 226/307/178 1099/307/178 1100/267/178
f 306/132/390 305/105/390 1178/105/390 1179/132/390
f 170/854/391 169/858/391 1042/858/391 1043/854/391
f 778/533/392 777/530/392 1650/530/392 1651/533/392
f 484/729/393 483/734/393 1356/734/393 1357/729/393
f 152/322/394 151/333/394 1024/333/394 1025/322/394
f 567/133/246 566/119/246 1439/119/246 1440/133/246
f 216/859/4 215/855/4 1088/855/4 1089/859/4
f 708/534/395 707/531/395 1580/531/395 1581/534/395
f 284/134/396 283/121/396 1156/121/396 1157/134/396
f 362/735/397 361/731/397 1234/731/397 1235/735/397
f 622/856/147 621/860/147 1494/860/147 1495/856/147
f 125/334/358 124/329/358 997/329/358 998/334/358
f 727/532/398 726/535/398 1599/535/398 1600/532/398
f 239/120/399 238/135/399 1111/135/399 1112/120/399
f 365/733/400 364/736/400 1237/736/400 1238/733/400
f 64/328/204 63/335/204 936/335/204 937/328/204
f 506/122/288 505/136/288 1378/136/288 1379/122/288
f 364/736/401 363/737/401 1236/737/401 1237/736/401
f 169/858/4 216/859/4 1089/859/4 1042/858/4
f 709/536/402 708/534/402 1581/534/402 1582/536/402
f 363/737/403 362/735/403 1235/735/403 1236/737/403
f 621/860/147 620/857/147 1493/857/147 1494/860/147
f 830/336/404 829/318/404 1702/318/404 1703/336/404
f 726/535/405 725/537/405 1598/537/405 1599/535/405
f 483/734/406 482/738/406 1355/738/406 1356/734/406
f 665/319/407 664/337/407 1537/337/407 1538/319/407
f 285/137/408 284/134/408 1157/134/408 1158/137/408
f 839/538/409 838/504/409 1711/504/409 1712/538/409
f 568/138/246 567/133/246 1440/133/246 1441/138/246
f 424/739/410 423/732/410 1296/732/410 1297/739/410
f 32/841/411 31/861/411 904/861/411 905/841/411
f 55/338/412 54/332/412 927/332/412 928/338/412
f 238/135/413 237/139/413 1110/139/413 1111/135/413
f 482/738/414 481/740/414 1354/740/414 1355/738/414
f 868/326/147 867/339/147 1740/339/147 1741/326/147
f 840/539/409 839/538/409 1712/538/409 1713/539/409
f 19/862/415 18/842/415 891/842/415 892/862/415
f 841/540/409 840/539/409 1713/539/409 1714/540/409
f 425/741/416 424/739/416 1297/739/416 1298/741/416
f 31/861/27 30/863/27 903/863/27 904/861/27
f 675/340/4 674/327/4 1547/327/4 1548/340/4
f 287/140/76 286/141/76 1159/141/76 1160/140/76
f 481/740/417 480/742/417 1353/742/417 1354/740/417
f 63/335/204 62/341/204 935/341/204 936/335/204
f 842/541/409 841/540/409 1714/540/409 1715/541/409
f 286/141/418 285/137/418 1158/137/418 1159/141/418
f 20/864/24 19/862/24 892/862/24 893/864/24
f 843/542/409 842/541/409 1715/541/409 1716/542/409
f 197/743/419 196/709/419 1069/709/419 1070/743/419
f 30/863/18 29/865/18 902/865/18 903/863/18
f 126/342/358 125/334/358 998/334/358 999/342/358
f 295/142/76 294/143/76 1167/143/76 1168/142/76
f 641/710/420 640/744/420 1513/744/420 1514/710/420
f 151/333/421 150/343/421 1023/343/421 1024/333/421
f 844/543/409 843/542/409 1716/542/409 1717/543/409
f 294/143/76 293/144/76 1166/144/76 1167/143/76
f 480/742/422 479/745/422 1352/745/422 1353/742/422
f 21/866/17 20/864/17 893/864/17 894/866/17
f 62/341/204 61/344/204 934/344/204 935/341/204
f 845/544/409 844/543/409 1717/543/409 1718/544/409
f 29/865/12 28/867/12 901/867/12 902/865/12
f 846/545/409 845/544/409 1718/544/409 1719/545/409
f 288/145/76 287/140/76 1160/140/76 1161/145/76
f 426/746/423 425/741/423 1298/741/423 1299/746/423
f 56/345/424 55/338/424 928/338/424 929/345/424
f 479/745/425 478/747/425 1351/747/425 1352/745/425
f 22/868/10 21/866/10 894/866/10 895/868/10
f 61/344/426 60/346/426 933/346/426 934/344/426
f 847/546/409 846/545/409 1719/545/409 1720/546/409
f 289/146/76 288/145/76 1161/145/76 1162/146/76
f 28/867/427 27/869/427 900/869/427 901/867/427
f 848/547/409 847/546/409 1720/546/409 1721/547/409
f 290/147/76 289/146/76 1162/146/76 1163/147/76
f 427/748/428 426/746/428 1299/746/428 1300/748/428
f 127/347/358 126/342/358 999/342/358 1000/347/358
f 505/136/288 504/148/288 1377/148/288 1378/136/288
f 23/870/429 22/868/429 895/868/429 896/870/429
f 849/548/409 848/547/409 1721/547/409 1722/548/409
f 428/749/430 427/748/430 1300/748/430 1301/749/430
f 27/869/431 26/871/431 899/871/431 900/869/431
f 57/348/432 56/345/432 929/345/432 930/348/432
f 478/747/433 477/750/433 1350/750/433 1351/747/433
f 60/346/434 59/349/434 932/349/434 933/346/434
f 850/510/409 849/548/409 1722/548/409 1723/510/409
f 488/149/435 607/150/435 1480/150/435 1361/149/435
f 24/872/436 23/870/436 896/870/436 897/872/436
f 150/343/437 149/350/437 1022/350/437 1023/343/437
f 607/150/435 606/151/435 1479/151/435 1480/150/435
f 429/751/438 428/749/438 1301/749/438 1302/751/438
f 26/871/439 25/873/439 898/873/439 899/871/439
f 693/549/409 692/511/409 1565/511/409 1566/549/409
f 25/873/440 24/872/440 897/872/440 898/873/440
f 867/339/147 866/351/147 1739/351/147 1740/339/147
f 430/752/441 429/751/441 1302/751/441 1303/752/441
f 694/550/409 693/549/409 1566/549/409 1567/550/409
f 293/144/76 292/152/76 1165/152/76 1166/144/76
f 431/753/442 430/752/442 1303/752/442 1304/753/442
f 676/352/4 675/340/4 1548/340/4 1549/352/4
f 695/551/409 694/550/409 1567/550/409 1568/551/409
f 292/152/76 291/153/76 1164/153/76 1165/152/76
f 59/349/443 58/353/443 931/353/443 932/349/443
f 291/153/76 290/147/76 1163/147/76 1164/153/76
f 432/754/444 431/753/444 1304/753/444 1305/754/444
f 58/353/445 57/348/445 930/348/445 931/353/445
f 696/552/409 695/551/409 1568/551/409 1569/552/409
f 237/139/446 236/154/446 1109/154/446 1110/139/446
f 477/750/447 476/755/447 1349/755/447 1350/750/447
f 41/265/405 40/354/405 913/354/405 914/265/405
f 697/553/409 696/552/409 1569/552/409 1570/553/409
f 569/155/246 568/138/246 1441/138/246 1442/155/246
f 433/756/448 432/754/448 1305/754/448 1306/756/448
f 10/355/402 9/266/402 882/266/402 883/355/402
f 698/554/409 697/553/409 1570/553/409 1571/554/409
f 296/156/76 295/142/76 1168/142/76 1169/156/76
f 434/757/449 433/756/449 1306/756/449 1307/757/449
f 128/356/358 127/347/358 1000/347/358 1001/356/358
f 699/555/409 698/554/409 1571/554/409 1572/555/409
f 272/107/76 297/157/76 1170/157/76 1145/107/76
f 149/350/450 148/357/450 1021/357/450 1022/350/450
f 297/157/76 296/156/76 1169/156/76 1170/157/76
f 435/758/451 434/757/451 1307/757/451 1308/758/451
f 700/556/409 699/555/409 1572/555/409 1573/556/409
f 236/154/452 235/158/452 1108/158/452 1109/154/452
f 866/351/147 865/358/147 1738/358/147 1739/351/147
f 436/759/453 435/758/453 1308/758/453 1309/759/453
f 701/557/409 700/556/409 1573/556/409 1574/557/409
f 504/148/288 503/159/288 1376/159/288 1377/148/288
f 437/760/454 436/759/454 1309/759/454 1310/760/454
f 677/359/4 676/352/4 1549/352/4 1550/359/4
f 702/558/409 701/557/409 1574/557/409 1575/558/409
f 570/160/246 569/155/246 1442/155/246 1443/160/246
f 438/761/455 437/760/455 1310/760/455 1311/761/455
f 129/360/358 128/356/358 1001/356/358 1002/360/358
f 703/559/409 702/558/409 1575/558/409 1576/559/409
f 235/158/456 234/161/456 1107/161/456 1108/158/456
f 476/755/457 475/762/457 1348/762/457 1349/755/457
f 148/357/458 147/361/458 1020/361/458 1021/357/458
f 656/505/409 703/559/409 1576/559/409 1529/505/409
f 571/162/246 570/160/246 1443/160/246 1444/162/246
f 439/763/459 438/761/459 1311/761/459 1312/763/459
f 831/362/460 830/336/460 1703/336/460 1704/362/460
f 503/159/288 502/163/288 1375/163/288 1376/159/288
f 664/337/461 663/363/461 1536/363/461 1537/337/461
f 710/560/171 709/536/171 1582/536/171 1583/560/171
f 440/764/462 439/763/462 1312/763/462 1313/764/462
f 725/537/166 724/561/166 1597/561/166 1598/537/166
f 234/161/463 233/164/463 1106/164/463 1107/161/463
f 441/765/464 440/764/464 1313/764/464 1314/765/464
f 130/364/358 129/360/358 1002/360/358 1003/364/358
f 865/358/147 864/365/147 1737/365/147 1738/358/147
f 711/562/465 710/560/465 1583/560/465 1584/562/465
f 572/165/246 571/162/246 1444/162/246 1445/165/246
f 442/766/466 441/765/466 1314/765/466 1315/766/466
f 724/561/467 723/563/467 1596/563/467 1597/561/467
f 301/76/468 300/166/468 1173/166/468 1174/76/468
f 443/767/469 442/766/469 1315/766/469 1316/767/469
f 678/366/4 677/359/4 1550/359/4 1551/366/4
f 723/563/360 722/564/360 1595/564/360 1596/563/360
f 147/361/470 146/367/470 1019/367/470 1020/361/470
f 221/167/471 220/124/471 1093/124/471 1094/167/471
f 444/768/472 443/767/472 1316/767/472 1317/768/472
f 220/124/382 219/168/382 1092/168/382 1093/124/382
f 712/565/368 711/562/368 1584/562/368 1585/565/368
f 445/769/473 444/768/473 1317/768/473 1318/769/473
f 722/564/177 721/566/177 1594/566/177 1595/564/177
f 131/368/358 130/364/358 1003/364/358 1004/368/358
f 573/169/474 572/165/474 1445/165/474 1446/169/474
f 446/770/475 445/769/475 1318/769/475 1319/770/475
f 146/367/476 145/369/476 1018/369/476 1019/367/476
f 502/163/288 501/170/288 1374/170/288 1375/163/288
f 713/567/181 712/565/181 1585/565/181 1586/567/181
f 447/771/477 446/770/477 1319/770/477 1320/771/477
f 864/365/147 863/370/147 1736/370/147 1737/365/147
f 721/566/8 720/568/8 1593/568/8 1594/566/8
f 233/164/478 232/171/478 1105/171/478 1106/164/478
f 448/772/479 447/771/479 1320/771/479 1321/772/479
f 501/170/288 500/172/288 1373/172/288 1374/170/288
f 679/371/4 678/366/4 1551/366/4 1552/371/4
f 714/569/21 713/567/21 1586/567/21 1587/569/21
f 612/773/480 611/727/480 1484/727/480 1485/773/480
f 720/568/481 719/570/481 1592/570/481 1593/568/481
f 232/171/482 231/173/482 1104/173/482 1105/171/482
f 178/728/483 177/774/483 1050/774/483 1051/728/483
f 132/372/358 131/368/358 1004/368/358 1005/372/358
f 863/370/147 862/373/147 1735/373/147 1736/370/147
f 500/172/484 499/174/484 1372/174/484 1373/172/484
f 715/571/485 714/569/485 1587/569/485 1588/571/485
f 449/775/486 448/772/486 1321/772/486 1322/775/486
f 719/570/487 718/572/487 1591/572/487 1592/570/487
f 231/173/488 230/175/488 1103/175/488 1104/173/488
f 680/374/4 679/371/4 1552/371/4 1553/374/4
f 450/776/489 449/775/489 1322/775/489 1323/776/489
f 145/369/490 144/375/490 1017/375/490 1018/369/490
f 475/762/491 474/777/491 1347/777/491 1348/762/491
f 716/573/492 715/571/492 1588/571/492 1589/573/492
f 574/176/493 573/169/493 1446/169/493 1447/176/493
f 862/373/494 861/376/494 1734/376/494 1735/373/494
f 718/572/495 717/574/495 1590/574/495 1591/572/495
f 499/174/496 498/177/496 1371/177/496 1372/174/496
f 451/778/497 450/776/497 1323/776/497 1324/778/497
f 681/377/498 680/374/498 1553/374/498 1554/377/498
f 717/574/499 716/573/499 1589/573/499 1590/574/499
f 489/178/500 488/149/500 1361/149/500 1362/178/500
f 198/779/501 197/743/501 1070/743/501 1071/779/501
f 640/744/502 639/780/502 1512/780/502 1513/744/502
f 133/378/503 132/372/503 1005/372/503 1006/378/503
f 37/496/126 36/575/126 909/575/126 910/496/126
f 103/179/504 102/126/504 975/126/504 976/179/504
f 498/177/505 497/180/505 1370/180/505 1371/177/505
f 134/379/506 133/378/506 1006/378/506 1007/379/506
f 452/781/507 451/778/507 1324/778/507 1325/781/507
f 144/375/508 143/380/508 1016/380/508 1017/375/508
f 606/151/435 605/181/435 1478/181/435 1479/151/435
f 608/576/509 655/577/509 1528/577/509 1481/576/509
f 453/782/510 452/781/510 1325/781/510 1326/782/510
f 682/381/511 681/377/511 1554/377/511 1555/381/511
f 655/577/509 654/578/509 1527/578/509 1528/577/509
f 104/182/512 103/179/512 976/179/512 977/182/512
f 454/783/513 453/782/513 1326/782/513 1327/783/513
f 861/376/514 860/382/514 1733/382/514 1734/376/514
f 605/181/435 604/183/435 1477/183/435 1478/181/435
f 654/578/509 653/579/509 1526/579/509 1527/578/509
f 455/784/515 454/783/515 1327/783/515 1328/784/515
f 135/383/516 134/379/516 1007/379/516 1008/383/516
f 653/579/509 652/580/509 1525/580/509 1526/579/509
f 105/184/517 104/182/517 977/182/517 978/184/517
f 16/785/85 15/688/85 888/688/85 889/785/85
f 143/380/518 142/384/518 1015/384/518 1016/380/518
f 497/180/519 496/185/519 1369/185/519 1370/180/519
f 35/689/89 34/786/89 907/786/89 908/689/89
f 652/580/509 651/581/509 1524/581/509 1525/580/509
f 832/385/520 831/362/520 1704/362/520 1705/385/520
f 490/186/521 489/178/521 1362/178/521 1363/186/521
f 456/787/522 455/784/522 1328/784/522 1329/787/522
f 663/363/523 662/386/523 1535/386/523 1536/363/523
f 474/777/524 473/788/524 1346/788/524 1347/777/524
f 648/582/509 647/583/509 1520/583/509 1521/582/509
f 575/187/525 574/176/525 1447/176/525 1448/187/525
f 604/183/435 603/188/435 1476/188/435 1477/183/435
f 136/387/526 135/383/526 1008/383/526 1009/387/526
f 647/583/509 646/584/509 1519/584/509 1520/583/509
f 457/789/527 456/787/527 1329/787/527 1330/789/527
f 142/384/528 141/388/528 1014/388/528 1015/384/528
f 646/584/509 645/585/509 1518/585/509 1519/584/509
f 106/189/529 105/184/529 978/184/529 979/189/529
f 458/790/530 457/789/530 1330/789/530 1331/790/530
f 223/331/531 222/330/531 1095/330/531 1096/331/531
f 97/131/16 96/190/16 969/190/16 970/131/16
f 645/585/509 644/586/509 1517/586/509 1518/585/509
f 459/791/532 458/790/532 1331/790/532 1332/791/532
f 43/123/533 42/191/533 915/191/533 916/123/533
f 473/788/534 472/792/534 1345/792/534 1346/788/534
f 683/389/535 682/381/535 1555/381/535 1556/389/535
f 860/382/536 859/390/536 1732/390/536 1733/382/536
f 193/587/509 192/588/509 1065/588/509 1066/587/509
f 8/192/537 7/125/537 880/125/537 881/192/537
f 460/793/538 459/791/538 1332/791/538 1333/793/538
f 141/388/539 140/391/539 1013/391/539 1014/388/539
f 96/190/16 95/193/16 968/193/16 969/190/16
f 192/588/509 191/589/509 1064/589/509 1065/588/509
f 461/794/540 460/793/540 1333/793/540 1334/794/540
f 496/185/541 495/194/541 1368/194/541 1369/185/541
f 472/792/542 471/795/542 1344/795/542 1345/792/542
f 137/392/543 136/387/543 1009/387/543 1010/392/543
f 191/589/509 190/590/509 1063/590/509 1064/589/509
f 140/391/544 139/393/544 1012/393/544 1013/391/544
f 603/188/435 602/195/435 1475/195/435 1476/188/435
f 199/796/545 198/779/545 1071/779/545 1072/796/545
f 639/780/546 638/797/546 1511/797/546 1512/780/546
f 138/394/547 137/392/547 1010/392/547 1011/394/547
f 188/591/509 187/592/509 1060/592/509 1061/591/509
f 107/196/548 106/189/548 979/189/548 980/196/548
f 139/393/549 138/394/549 1011/394/549 1012/393/549
f 187/592/509 186/593/509 1059/593/509 1060/592/509
f 491/197/550 490/186/550 1363/186/550 1364/197/550
f 462/798/551 461/794/551 1334/794/551 1335/798/551
f 271/199/77 270/198/77 1143/198/77 1144/199/77
f 471/795/552 470/799/552 1343/799/552 1344/795/552
f 186/593/509 185/594/509 1058/594/509 1059/593/509
f 684/395/553 683/389/553 1556/389/553 1557/395/553
f 229/200/554 271/199/554 1144/199/554 1102/200/554
f 859/390/252 858/396/252 1731/396/252 1732/390/252
f 95/193/16 94/201/16 967/201/16 968/193/16
f 463/800/555 462/798/555 1335/798/555 1336/800/555
f 183/595/509 182/596/509 1055/596/509 1056/595/509
f 495/194/556 494/202/556 1367/202/556 1368/194/556
f 613/801/557 612/773/557 1485/773/557 1486/801/557
f 833/397/558 832/385/558 1705/385/558 1706/397/558
f 177/774/375 176/802/375 1049/802/375 1050/774/375
f 662/386/559 661/398/559 1534/398/559 1535/386/559
f 182/596/509 181/597/509 1054/597/509 1055/596/509
f 270/198/312 269/203/312 1142/203/312 1143/198/312
f 602/195/435 601/204/435 1474/204/435 1475/195/435
f 464/803/560 463/800/560 1336/800/560 1337/803/560
f 685/399/561 684/395/561 1557/395/561 1558/399/561
f 14/598/125 13/497/125 886/497/125 887/598/125
f 470/799/562 469/804/562 1342/804/562 1343/799/562
f 858/396/563 857/400/563 1730/400/563 1731/396/563
f 609/599/564 608/576/564 1481/576/564 1482/599/564
f 492/205/565 491/197/565 1364/197/565 1365/205/565
f 651/581/509 650/600/509 1523/600/509 1524/581/509
f 465/805/566 464/803/566 1337/803/566 1338/805/566
f 40/354/398 39/401/398 912/401/398 913/354/398
f 108/206/567 107/196/567 980/196/567 981/206/567
f 469/804/568 468/806/568 1341/806/568 1342/804/568
f 650/600/509 649/601/509 1522/601/509 1523/600/509
f 94/201/16 93/207/16 966/207/16 967/201/16
f 649/601/509 648/582/509 1521/582/509 1522/601/509
f 11/402/395 10/355/395 883/355/395 884/402/395
f 644/586/569 643/602/569 1516/602/569 1517/586/569
f 466/807/570 465/805/570 1338/805/570 1339/807/570
f 686/403/285 685/399/285 1558/399/285 1559/403/285
f 494/202/571 493/209/571 1366/209/571 1367/202/571
f 857/400/572 856/404/572 1729/404/572 1730/400/572
f 493/209/573 492/205/573 1365/205/573 1366/209/573
f 326/603/574 325/604/574 1198/604/574 1199/603/574
f 576/210/575 575/187/575 1448/187/575 1449/210/575
f 754/405/440 753/406/440 1626/406/440 1627/405/440
f 1/2/495 48/1/495 921/1/495 874/2/495
f 325/604/576 324/605/576 1197/605/576 1198/604/576
f 601/204/435 600/211/435 1473/211/435 1474/204/435
f 2/3/499 1/2/499 874/2/499 875/3/499
f 48/1/487 47/4/487 920/4/487 921/1/487
f 194/606/577 193/587/577 1066/587/577 1067/606/577
f 109/212/578 108/206/578 981/206/578 982/212/578
f 834/407/579 833/397/579 1706/397/579 1707/407/579
f 190/590/509 189/607/509 1062/607/509 1063/590/509
f 93/207/16 92/213/16 965/213/16 966/207/16
f 661/398/580 660/408/580 1533/408/580 1534/398/580
f 189/607/509 188/591/509 1061/591/509 1062/607/509
f 3/5/492 2/3/492 875/3/492 876/5/492
f 185/594/509 184/608/509 1057/608/509 1058/594/509
f 600/211/435 599/214/435 1472/214/435 1473/211/435
f 753/406/439 752/409/439 1625/409/439 1626/406/439
f 47/4/481 46/6/481 919/6/481 920/4/481
f 184/608/509 183/595/509 1056/595/509 1057/608/509
f 181/597/581 180/609/581 1053/609/581 1054/597/581
f 110/215/582 109/212/582 982/212/582 983/215/582
f 755/410/436 754/405/436 1627/405/436 1628/410/436
f 599/214/435 598/216/435 1471/216/435 1472/214/435
f 752/409/431 751/411/431 1624/411/431 1625/409/431
f 327/610/583 326/603/583 1199/603/583 1200/610/583
f 4/8/485 3/5/485 876/5/485 877/8/485
f 92/213/16 91/217/16 964/217/16 965/213/16
f 328/611/584 327/610/584 1200/610/584 1201/611/584
f 756/412/429 755/410/429 1628/410/429 1629/412/429
f 550/9/585 549/7/585 1422/7/585 1423/9/585
f 598/216/435 597/218/435 1470/218/435 1471/216/435
f 751/411/427 750/413/427 1623/413/427 1624/411/427
f 549/7/586 548/10/586 1421/10/586 1422/7/586
f 329/612/587 328/611/587 1201/611/587 1202/612/587
f 597/218/435 596/84/435 1469/84/435 1470/218/435
